run_id,file,sheet,excel_row,excel_col,date,slot_index,slot_label,hour_end,rule_id,action,old_value,new_value,reason
clean-2025-v1,附件2,光伏发电实际功率,2,AF,2025-01-01,31,5:10,5:10,NR1,set_zero,0.0021,0,core-night zero-drift within noise band
clean-2025-v1,附件2,光伏发电实际功率,2,AI,2025-01-01,34,5:40,5:40,NR1,set_zero,0.0299,0,core-night zero-drift within noise band
clean-2025-v1,附件2,光伏发电实际功率,2,AL,2025-01-01,37,6:10,6:10,NR1,set_zero,0.4169,0,core-night zero-drift within noise band
clean-2025-v1,附件2,光伏发电实际功率,2,AO,2025-01-01,40,6:40,6:40,NR2,reject,5.8062,nan,core-night value above noise band (old=5.806200)
clean-2025-v1,附件2,光伏发电实际功率,2,AQ,2025-01-01,42,7:00,7:00,NR5,flag,3.075,3.075,"shoulder weak signal, excluded from sigma estimation"
clean-2025-v1,附件2,光伏发电实际功率,2,CY,2025-01-01,102,17:00,17:00,NR5,flag,2.9625,2.9625,"shoulder weak signal, excluded from sigma estimation"
clean-2025-v1,附件2,光伏发电实际功率,2,DA,2025-01-01,104,17:20,17:20,NR2,reject,5.9578,nan,core-night value above noise band (old=5.957800)
clean-2025-v1,附件2,光伏发电实际功率,2,DD,2025-01-01,107,17:50,17:50,NR1,set_zero,0.4277,0,core-night zero-drift within noise band
clean-2025-v1,附件2,光伏发电实际功率,2,DG,2025-01-01,110,18:20,18:20,NR1,set_zero,0.0307,0,core-night zero-drift within noise band
clean-2025-v1,附件2,光伏发电实际功率,2,DJ,2025-01-01,113,18:50,18:50,NR1,set_zero,0.0022,0,core-night zero-drift within noise band
clean-2025-v1,附件2,光伏发电实际功率,3,AF,2025-01-02,31,5:10,5:10,NR1,set_zero,0.0022,0,core-night zero-drift within noise band
clean-2025-v1,附件2,光伏发电实际功率,3,AI,2025-01-02,34,5:40,5:40,NR1,set_zero,0.0307,0,core-night zero-drift within noise band
clean-2025-v1,附件2,光伏发电实际功率,3,AL,2025-01-02,37,6:10,6:10,NR1,set_zero,0.4279,0,core-night zero-drift within noise band
clean-2025-v1,附件2,光伏发电实际功率,3,AO,2025-01-02,40,6:40,6:40,NR2,reject,5.9596,nan,core-night value above noise band (old=5.959600)
clean-2025-v1,附件2,光伏发电实际功率,3,DA,2025-01-02,104,17:20,17:20,NR2,reject,6.7246,nan,core-night value above noise band (old=6.724600)
clean-2025-v1,附件2,光伏发电实际功率,3,DD,2025-01-02,107,17:50,17:50,NR1,set_zero,0.4828,0,core-night zero-drift within noise band
clean-2025-v1,附件2,光伏发电实际功率,3,DG,2025-01-02,110,18:20,18:20,NR1,set_zero,0.0347,0,core-night zero-drift within noise band
clean-2025-v1,附件2,光伏发电实际功率,3,DJ,2025-01-02,113,18:50,18:50,NR1,set_zero,0.0025,0,core-night zero-drift within noise band
clean-2025-v1,附件2,光伏发电实际功率,4,AF,2025-01-03,31,5:10,5:10,NR1,set_zero,0.0019,0,core-night zero-drift within noise band
clean-2025-v1,附件2,光伏发电实际功率,4,AI,2025-01-03,34,5:40,5:40,NR1,set_zero,0.0271,0,core-night zero-drift within noise band
clean-2025-v1,附件2,光伏发电实际功率,4,AL,2025-01-03,37,6:10,6:10,NR1,set_zero,0.3772,0,core-night zero-drift within noise band
clean-2025-v1,附件2,光伏发电实际功率,4,AO,2025-01-03,40,6:40,6:40,NR2,reject,5.2535,nan,core-night value above noise band (old=5.253500)
clean-2025-v1,附件2,光伏发电实际功率,4,DA,2025-01-03,104,17:20,17:20,NR2,reject,5.7669,nan,core-night value above noise band (old=5.766900)
clean-2025-v1,附件2,光伏发电实际功率,4,DD,2025-01-03,107,17:50,17:50,NR1,set_zero,0.414,0,core-night zero-drift within noise band
clean-2025-v1,附件2,光伏发电实际功率,4,DG,2025-01-03,110,18:20,18:20,NR1,set_zero,0.0297,0,core-night zero-drift within noise band
clean-2025-v1,附件2,光伏发电实际功率,4,DJ,2025-01-03,113,18:50,18:50,NR1,set_zero,0.0021,0,core-night zero-drift within noise band
clean-2025-v1,附件2,光伏发电实际功率,5,AF,2025-01-04,31,5:10,5:10,NR1,set_zero,0.0022,0,core-night zero-drift within noise band
clean-2025-v1,附件2,光伏发电实际功率,5,AI,2025-01-04,34,5:40,5:40,NR1,set_zero,0.0312,0,core-night zero-drift within noise band
clean-2025-v1,附件2,光伏发电实际功率,5,AL,2025-01-04,37,6:10,6:10,NR1,set_zero,0.4352,0,core-night zero-drift within noise band
clean-2025-v1,附件2,光伏发电实际功率,5,AO,2025-01-04,40,6:40,6:40,NR2,reject,6.0622,nan,core-night value above noise band (old=6.062200)
clean-2025-v1,附件2,光伏发电实际功率,5,DA,2025-01-04,104,17:20,17:20,NR2,reject,5.0717,nan,core-night value above noise band (old=5.071700)
clean-2025-v1,附件2,光伏发电实际功率,5,DD,2025-01-04,107,17:50,17:50,NR1,set_zero,0.3641,0,core-night zero-drift within noise band
clean-2025-v1,附件2,光伏发电实际功率,5,DG,2025-01-04,110,18:20,18:20,NR1,set_zero,0.0261,0,core-night zero-drift within noise band
clean-2025-v1,附件2,光伏发电实际功率,5,DJ,2025-01-04,113,18:50,18:50,NR1,set_zero,0.0019,0,core-night zero-drift within noise band
clean-2025-v1,附件2,光伏发电实际功率,6,AF,2025-01-05,31,5:10,5:10,NR1,set_zero,0.0017,0,core-night zero-drift within noise band
clean-2025-v1,附件2,光伏发电实际功率,6,AI,2025-01-05,34,5:40,5:40,NR1,set_zero,0.0239,0,core-night zero-drift within noise band
clean-2025-v1,附件2,光伏发电实际功率,6,AL,2025-01-05,37,6:10,6:10,NR1,set_zero,0.333,0,core-night zero-drift within noise band
clean-2025-v1,附件2,光伏发电实际功率,6,AO,2025-01-05,40,6:40,6:40,NR1,set_zero,4.638,0,core-night zero-drift within noise band
clean-2025-v1,附件2,光伏发电实际功率,6,DA,2025-01-05,104,17:20,17:20,NR1,set_zero,4.3005,0,core-night zero-drift within noise band
clean-2025-v1,附件2,光伏发电实际功率,6,DD,2025-01-05,107,17:50,17:50,NR1,set_zero,0.3088,0,core-night zero-drift within noise band
clean-2025-v1,附件2,光伏发电实际功率,6,DG,2025-01-05,110,18:20,18:20,NR1,set_zero,0.0222,0,core-night zero-drift within noise band
clean-2025-v1,附件2,光伏发电实际功率,6,DJ,2025-01-05,113,18:50,18:50,NR1,set_zero,0.0016,0,core-night zero-drift within noise band
clean-2025-v1,附件2,光伏发电实际功率,7,AF,2025-01-06,31,5:10,5:10,NR1,set_zero,0.0017,0,core-night zero-drift within noise band
clean-2025-v1,附件2,光伏发电实际功率,7,AI,2025-01-06,34,5:40,5:40,NR1,set_zero,0.0238,0,core-night zero-drift within noise band
clean-2025-v1,附件2,光伏发电实际功率,7,AL,2025-01-06,37,6:10,6:10,NR1,set_zero,0.3313,0,core-night zero-drift within noise band
clean-2025-v1,附件2,光伏发电实际功率,7,AO,2025-01-06,40,6:40,6:40,NR1,set_zero,4.6149,0,core-night zero-drift within noise band
clean-2025-v1,附件2,光伏发电实际功率,7,DA,2025-01-06,104,17:20,17:20,NR1,set_zero,4.2961,0,core-night zero-drift within noise band
clean-2025-v1,附件2,光伏发电实际功率,7,DD,2025-01-06,107,17:50,17:50,NR1,set_zero,0.3084,0,core-night zero-drift within noise band
clean-2025-v1,附件2,光伏发电实际功率,7,DG,2025-01-06,110,18:20,18:20,NR1,set_zero,0.0221,0,core-night zero-drift within noise band
clean-2025-v1,附件2,光伏发电实际功率,7,DJ,2025-01-06,113,18:50,18:50,NR1,set_zero,0.0016,0,core-night zero-drift within noise band
clean-2025-v1,附件2,光伏发电实际功率,8,AF,2025-01-07,31,5:10,5:10,NR1,set_zero,0.0014,0,core-night zero-drift within noise band
clean-2025-v1,附件2,光伏发电实际功率,8,AI,2025-01-07,34,5:40,5:40,NR1,set_zero,0.0197,0,core-night zero-drift within noise band
clean-2025-v1,附件2,光伏发电实际功率,8,AL,2025-01-07,37,6:10,6:10,NR1,set_zero,0.2749,0,core-night zero-drift within noise band
clean-2025-v1,附件2,光伏发电实际功率,8,AO,2025-01-07,40,6:40,6:40,NR1,set_zero,3.8286,0,core-night zero-drift within noise band
clean-2025-v1,附件2,光伏发电实际功率,8,DA,2025-01-07,104,17:20,17:20,NR1,set_zero,3.9615,0,core-night zero-drift within noise band
clean-2025-v1,附件2,光伏发电实际功率,8,DD,2025-01-07,107,17:50,17:50,NR1,set_zero,0.2844,0,core-night zero-drift within noise band
clean-2025-v1,附件2,光伏发电实际功率,8,DG,2025-01-07,110,18:20,18:20,NR1,set_zero,0.0204,0,core-night zero-drift within noise band
clean-2025-v1,附件2,光伏发电实际功率,8,DJ,2025-01-07,113,18:50,18:50,NR1,set_zero,0.0015,0,core-night zero-drift within noise band
clean-2025-v1,附件2,光伏发电实际功率,9,AI,2025-01-08,34,5:40,5:40,NR1,set_zero,0.0138,0,core-night zero-drift within noise band
clean-2025-v1,附件2,光伏发电实际功率,9,AL,2025-01-08,37,6:10,6:10,NR1,set_zero,0.1921,0,core-night zero-drift within noise band
clean-2025-v1,附件2,光伏发电实际功率,9,AO,2025-01-08,40,6:40,6:40,NR1,set_zero,2.676,0,core-night zero-drift within noise band
clean-2025-v1,附件2,光伏发电实际功率,9,DA,2025-01-08,104,17:20,17:20,NR1,set_zero,3.5235,0,core-night zero-drift within noise band
clean-2025-v1,附件2,光伏发电实际功率,9,DD,2025-01-08,107,17:50,17:50,NR1,set_zero,0.253,0,core-night zero-drift within noise band
clean-2025-v1,附件2,光伏发电实际功率,9,DG,2025-01-08,110,18:20,18:20,NR1,set_zero,0.0182,0,core-night zero-drift within noise band
clean-2025-v1,附件2,光伏发电实际功率,9,DJ,2025-01-08,113,18:50,18:50,NR1,set_zero,0.0013,0,core-night zero-drift within noise band
clean-2025-v1,附件2,光伏发电实际功率,10,AI,2025-01-09,34,5:40,5:40,NR1,set_zero,0.0138,0,core-night zero-drift within noise band
clean-2025-v1,附件2,光伏发电实际功率,10,AL,2025-01-09,37,6:10,6:10,NR1,set_zero,0.1921,0,core-night zero-drift within noise band
clean-2025-v1,附件2,光伏发电实际功率,10,AO,2025-01-09,40,6:40,6:40,NR1,set_zero,2.6758,0,core-night zero-drift within noise band
clean-2025-v1,附件2,光伏发电实际功率,10,DA,2025-01-09,104,17:20,17:20,NR1,set_zero,2.4519,0,core-night zero-drift within noise band
clean-2025-v1,附件2,光伏发电实际功率,10,DD,2025-01-09,107,17:50,17:50,NR1,set_zero,0.176,0,core-night zero-drift within noise band
clean-2025-v1,附件2,光伏发电实际功率,10,DG,2025-01-09,110,18:20,18:20,NR1,set_zero,0.0126,0,core-night zero-drift within noise band
clean-2025-v1,附件2,光伏发电实际功率,11,AI,2025-01-10,34,5:40,5:40,NR1,set_zero,0.0106,0,core-night zero-drift within noise band
clean-2025-v1,附件2,光伏发电实际功率,11,AL,2025-01-10,37,6:10,6:10,NR1,set_zero,0.1474,0,core-night zero-drift within noise band
clean-2025-v1,附件2,光伏发电实际功率,11,AO,2025-01-10,40,6:40,6:40,NR1,set_zero,2.0527,0,core-night zero-drift within noise band
clean-2025-v1,附件2,光伏发电实际功率,11,DA,2025-01-10,104,17:20,17:20,NR1,set_zero,2.0244,0,core-night zero-drift within noise band
clean-2025-v1,附件2,光伏发电实际功率,11,DD,2025-01-10,107,17:50,17:50,NR1,set_zero,0.1453,0,core-night zero-drift within noise band
clean-2025-v1,附件2,光伏发电实际功率,11,DG,2025-01-10,110,18:20,18:20,NR1,set_zero,0.0104,0,core-night zero-drift within noise band
clean-2025-v1,附件2,光伏发电实际功率,12,AI,2025-01-11,34,5:40,5:40,NR1,set_zero,0.008,0,core-night zero-drift within noise band
clean-2025-v1,附件2,光伏发电实际功率,12,AL,2025-01-11,37,6:10,6:10,NR1,set_zero,0.1119,0,core-night zero-drift within noise band
clean-2025-v1,附件2,光伏发电实际功率,12,AO,2025-01-11,40,6:40,6:40,NR1,set_zero,1.558,0,core-night zero-drift within noise band
clean-2025-v1,附件2,光伏发电实际功率,12,DA,2025-01-11,104,17:20,17:20,NR1,set_zero,1.5152,0,core-night zero-drift within noise band
clean-2025-v1,附件2,光伏发电实际功率,12,DD,2025-01-11,107,17:50,17:50,NR1,set_zero,0.1088,0,core-night zero-drift within noise band
clean-2025-v1,附件2,光伏发电实际功率,12,DG,2025-01-11,110,18:20,18:20,NR1,set_zero,0.0078,0,core-night zero-drift within noise band
clean-2025-v1,附件2,光伏发电实际功率,13,AL,2025-01-12,37,6:10,6:10,NR1,set_zero,0.0081,0,core-night zero-drift within noise band
clean-2025-v1,附件2,光伏发电实际功率,13,AO,2025-01-12,40,6:40,6:40,NR1,set_zero,0.1122,0,core-night zero-drift within noise band
clean-2025-v1,附件2,光伏发电实际功率,13,AP,2025-01-12,41,6:50,6:50,NR5,flag,2.2026,2.2026,"shoulder weak signal, excluded from sigma estimation"
clean-2025-v1,附件2,光伏发电实际功率,13,CZ,2025-01-12,103,17:10,17:10,NR4,set_zero,0.7207,0,shoulder sub-kW noise
clean-2025-v1,附件2,光伏发电实际功率,13,DA,2025-01-12,104,17:20,17:20,NR1,set_zero,0.7496,0,core-night zero-drift within noise band
clean-2025-v1,附件2,光伏发电实际功率,13,DD,2025-01-12,107,17:50,17:50,NR1,set_zero,0.0538,0,core-night zero-drift within noise band
clean-2025-v1,附件2,光伏发电实际功率,13,DG,2025-01-12,110,18:20,18:20,NR1,set_zero,0.0039,0,core-night zero-drift within noise band
clean-2025-v1,附件2,光伏发电实际功率,14,AM,2025-01-13,38,6:20,6:20,NR1,set_zero,0.0011,0,core-night zero-drift within noise band
clean-2025-v1,附件2,光伏发电实际功率,14,AP,2025-01-13,41,6:50,6:50,NR5,flag,2.941,2.941,"shoulder weak signal, excluded from sigma estimation"
clean-2025-v1,附件2,光伏发电实际功率,14,CZ,2025-01-13,103,17:10,17:10,NR5,flag,4.693,4.693,"shoulder weak signal, excluded from sigma estimation"
clean-2025-v1,附件2,光伏发电实际功率,14,DC,2025-01-13,106,17:40,17:40,NR1,set_zero,0.1366,0,core-night zero-drift within noise band
clean-2025-v1,附件2,光伏发电实际功率,14,DF,2025-01-13,109,18:10,18:10,NR1,set_zero,0.0098,0,core-night zero-drift within noise band
clean-2025-v1,附件2,光伏发电实际功率,15,AL,2025-01-14,37,6:10,6:10,NR1,set_zero,0.0123,0,core-night zero-drift within noise band
clean-2025-v1,附件2,光伏发电实际功率,15,AO,2025-01-14,40,6:40,6:40,NR1,set_zero,0.1709,0,core-night zero-drift within noise band
clean-2025-v1,附件2,光伏发电实际功率,15,AP,2025-01-14,41,6:50,6:50,NR5,flag,2.4097,2.4097,"shoulder weak signal, excluded from sigma estimation"
clean-2025-v1,附件2,光伏发电实际功率,15,DC,2025-01-14,106,17:40,17:40,NR1,set_zero,0.1818,0,core-night zero-drift within noise band
clean-2025-v1,附件2,光伏发电实际功率,15,DF,2025-01-14,109,18:10,18:10,NR1,set_zero,0.013,0,core-night zero-drift within noise band
clean-2025-v1,附件2,光伏发电实际功率,16,AG,2025-01-15,32,5:20,5:20,NR1,set_zero,0.0021,0,core-night zero-drift within noise band
clean-2025-v1,附件2,光伏发电实际功率,16,AJ,2025-01-15,35,5:50,5:50,NR1,set_zero,0.0289,0,core-night zero-drift within noise band
clean-2025-v1,附件2,光伏发电实际功率,16,AM,2025-01-15,38,6:20,6:20,NR1,set_zero,0.402,0,core-night zero-drift within noise band
clean-2025-v1,附件2,光伏发电实际功率,16,DC,2025-01-15,106,17:40,17:40,NR1,set_zero,0.385,0,core-night zero-drift within noise band
clean-2025-v1,附件2,光伏发电实际功率,16,DF,2025-01-15,109,18:10,18:10,NR1,set_zero,0.0276,0,core-night zero-drift within noise band
clean-2025-v1,附件2,光伏发电实际功率,16,DI,2025-01-15,112,18:40,18:40,NR1,set_zero,0.002,0,core-night zero-drift within noise band
clean-2025-v1,附件2,光伏发电实际功率,17,AG,2025-01-16,32,5:20,5:20,NR1,set_zero,0.0037,0,core-night zero-drift within noise band
clean-2025-v1,附件2,光伏发电实际功率,17,AJ,2025-01-16,35,5:50,5:50,NR1,set_zero,0.051,0,core-night zero-drift within noise band
clean-2025-v1,附件2,光伏发电实际功率,17,AM,2025-01-16,38,6:20,6:20,NR1,set_zero,0.7109,0,core-night zero-drift within noise band
clean-2025-v1,附件2,光伏发电实际功率,17,DC,2025-01-16,106,17:40,17:40,NR1,set_zero,0.6718,0,core-night zero-drift within noise band
clean-2025-v1,附件2,光伏发电实际功率,17,DF,2025-01-16,109,18:10,18:10,NR1,set_zero,0.0482,0,core-night zero-drift within noise band
clean-2025-v1,附件2,光伏发电实际功率,17,DI,2025-01-16,112,18:40,18:40,NR1,set_zero,0.0035,0,core-night zero-drift within noise band
clean-2025-v1,附件2,光伏发电实际功率,18,AG,2025-01-17,32,5:20,5:20,NR1,set_zero,0.0043,0,core-night zero-drift within noise band
clean-2025-v1,附件2,光伏发电实际功率,18,AJ,2025-01-17,35,5:50,5:50,NR1,set_zero,0.0605,0,core-night zero-drift within noise band
clean-2025-v1,附件2,光伏发电实际功率,18,AM,2025-01-17,38,6:20,6:20,NR1,set_zero,0.8433,0,core-night zero-drift within noise band
clean-2025-v1,附件2,光伏发电实际功率,18,DC,2025-01-17,106,17:40,17:40,NR1,set_zero,0.8358,0,core-night zero-drift within noise band
clean-2025-v1,附件2,光伏发电实际功率,18,DF,2025-01-17,109,18:10,18:10,NR1,set_zero,0.06,0,core-night zero-drift within noise band
clean-2025-v1,附件2,光伏发电实际功率,18,DI,2025-01-17,112,18:40,18:40,NR1,set_zero,0.0043,0,core-night zero-drift within noise band
clean-2025-v1,附件2,光伏发电实际功率,19,AG,2025-01-18,32,5:20,5:20,NR1,set_zero,0.0061,0,core-night zero-drift within noise band
clean-2025-v1,附件2,光伏发电实际功率,19,AJ,2025-01-18,35,5:50,5:50,NR1,set_zero,0.085,0,core-night zero-drift within noise band
clean-2025-v1,附件2,光伏发电实际功率,19,AM,2025-01-18,38,6:20,6:20,NR1,set_zero,1.1844,0,core-night zero-drift within noise band
clean-2025-v1,附件2,光伏发电实际功率,19,DC,2025-01-18,106,17:40,17:40,NR1,set_zero,0.8695,0,core-night zero-drift within noise band
clean-2025-v1,附件2,光伏发电实际功率,19,DF,2025-01-18,109,18:10,18:10,NR1,set_zero,0.0624,0,core-night zero-drift within noise band
clean-2025-v1,附件2,光伏发电实际功率,19,DI,2025-01-18,112,18:40,18:40,NR1,set_zero,0.0045,0,core-night zero-drift within noise band
clean-2025-v1,附件2,光伏发电实际功率,20,AG,2025-01-19,32,5:20,5:20,NR1,set_zero,0.0067,0,core-night zero-drift within noise band
clean-2025-v1,附件2,光伏发电实际功率,20,AJ,2025-01-19,35,5:50,5:50,NR1,set_zero,0.0936,0,core-night zero-drift within noise band
clean-2025-v1,附件2,光伏发电实际功率,20,AM,2025-01-19,38,6:20,6:20,NR1,set_zero,1.3035,0,core-night zero-drift within noise band
clean-2025-v1,附件2,光伏发电实际功率,20,DC,2025-01-19,106,17:40,17:40,NR1,set_zero,1.3076,0,core-night zero-drift within noise band
clean-2025-v1,附件2,光伏发电实际功率,20,DF,2025-01-19,109,18:10,18:10,NR1,set_zero,0.0939,0,core-night zero-drift within noise band
clean-2025-v1,附件2,光伏发电实际功率,20,DI,2025-01-19,112,18:40,18:40,NR1,set_zero,0.0067,0,core-night zero-drift within noise band
clean-2025-v1,附件2,光伏发电实际功率,21,AG,2025-01-20,32,5:20,5:20,NR1,set_zero,0.0078,0,core-night zero-drift within noise band
clean-2025-v1,附件2,光伏发电实际功率,21,AJ,2025-01-20,35,5:50,5:50,NR1,set_zero,0.1092,0,core-night zero-drift within noise band
clean-2025-v1,附件2,光伏发电实际功率,21,AM,2025-01-20,38,6:20,6:20,NR1,set_zero,1.5212,0,core-night zero-drift within noise band
clean-2025-v1,附件2,光伏发电实际功率,21,DC,2025-01-20,106,17:40,17:40,NR1,set_zero,1.3798,0,core-night zero-drift within noise band
clean-2025-v1,附件2,光伏发电实际功率,21,DF,2025-01-20,109,18:10,18:10,NR1,set_zero,0.0991,0,core-night zero-drift within noise band
clean-2025-v1,附件2,光伏发电实际功率,21,DI,2025-01-20,112,18:40,18:40,NR1,set_zero,0.0071,0,core-night zero-drift within noise band
clean-2025-v1,附件2,光伏发电实际功率,22,AG,2025-01-21,32,5:20,5:20,NR1,set_zero,0.0077,0,core-night zero-drift within noise band
clean-2025-v1,附件2,光伏发电实际功率,22,AJ,2025-01-21,35,5:50,5:50,NR1,set_zero,0.1072,0,core-night zero-drift within noise band
clean-2025-v1,附件2,光伏发电实际功率,22,AM,2025-01-21,38,6:20,6:20,NR1,set_zero,1.4928,0,core-night zero-drift within noise band
clean-2025-v1,附件2,光伏发电实际功率,22,DC,2025-01-21,106,17:40,17:40,NR1,set_zero,1.6985,0,core-night zero-drift within noise band
clean-2025-v1,附件2,光伏发电实际功率,22,DF,2025-01-21,109,18:10,18:10,NR1,set_zero,0.1219,0,core-night zero-drift within noise band
clean-2025-v1,附件2,光伏发电实际功率,22,DI,2025-01-21,112,18:40,18:40,NR1,set_zero,0.0088,0,core-night zero-drift within noise band
clean-2025-v1,附件2,光伏发电实际功率,23,AG,2025-01-22,32,5:20,5:20,NR1,set_zero,0.0095,0,core-night zero-drift within noise band
clean-2025-v1,附件2,光伏发电实际功率,23,AJ,2025-01-22,35,5:50,5:50,NR1,set_zero,0.1327,0,core-night zero-drift within noise band
clean-2025-v1,附件2,光伏发电实际功率,23,AM,2025-01-22,38,6:20,6:20,NR1,set_zero,1.8479,0,core-night zero-drift within noise band
clean-2025-v1,附件2,光伏发电实际功率,23,DC,2025-01-22,106,17:40,17:40,NR1,set_zero,1.9813,0,core-night zero-drift within noise band
clean-2025-v1,附件2,光伏发电实际功率,23,DF,2025-01-22,109,18:10,18:10,NR1,set_zero,0.1422,0,core-night zero-drift within noise band
clean-2025-v1,附件2,光伏发电实际功率,23,DI,2025-01-22,112,18:40,18:40,NR1,set_zero,0.0102,0,core-night zero-drift within noise band
clean-2025-v1,附件2,光伏发电实际功率,24,AG,2025-01-23,32,5:20,5:20,NR1,set_zero,0.0111,0,core-night zero-drift within noise band
clean-2025-v1,附件2,光伏发电实际功率,24,AJ,2025-01-23,35,5:50,5:50,NR1,set_zero,0.1543,0,core-night zero-drift within noise band
clean-2025-v1,附件2,光伏发电实际功率,24,AM,2025-01-23,38,6:20,6:20,NR1,set_zero,2.1494,0,core-night zero-drift within noise band
clean-2025-v1,附件2,光伏发电实际功率,24,DC,2025-01-23,106,17:40,17:40,NR1,set_zero,2.2107,0,core-night zero-drift within noise band
clean-2025-v1,附件2,光伏发电实际功率,24,DF,2025-01-23,109,18:10,18:10,NR1,set_zero,0.1587,0,core-night zero-drift within noise band
clean-2025-v1,附件2,光伏发电实际功率,24,DI,2025-01-23,112,18:40,18:40,NR1,set_zero,0.0114,0,core-night zero-drift within noise band
clean-2025-v1,附件2,光伏发电实际功率,25,AG,2025-01-24,32,5:20,5:20,NR1,set_zero,0.012,0,core-night zero-drift within noise band
clean-2025-v1,附件2,光伏发电实际功率,25,AJ,2025-01-24,35,5:50,5:50,NR1,set_zero,0.1676,0,core-night zero-drift within noise band
clean-2025-v1,附件2,光伏发电实际功率,25,AM,2025-01-24,38,6:20,6:20,NR1,set_zero,2.3343,0,core-night zero-drift within noise band
clean-2025-v1,附件2,光伏发电实际功率,25,DC,2025-01-24,106,17:40,17:40,NR1,set_zero,2.6096,0,core-night zero-drift within noise band
clean-2025-v1,附件2,光伏发电实际功率,25,DF,2025-01-24,109,18:10,18:10,NR1,set_zero,0.1874,0,core-night zero-drift within noise band
clean-2025-v1,附件2,光伏发电实际功率,25,DI,2025-01-24,112,18:40,18:40,NR1,set_zero,0.0135,0,core-night zero-drift within noise band
clean-2025-v1,附件2,光伏发电实际功率,26,AD,2025-01-25,29,4:50,4:50,NR1,set_zero,0.001,0,core-night zero-drift within noise band
clean-2025-v1,附件2,光伏发电实际功率,26,AG,2025-01-25,32,5:20,5:20,NR1,set_zero,0.0144,0,core-night zero-drift within noise band
clean-2025-v1,附件2,光伏发电实际功率,26,AJ,2025-01-25,35,5:50,5:50,NR1,set_zero,0.2004,0,core-night zero-drift within noise band
clean-2025-v1,附件2,光伏发电实际功率,26,AM,2025-01-25,38,6:20,6:20,NR1,set_zero,2.7909,0,core-night zero-drift within noise band
clean-2025-v1,附件2,光伏发电实际功率,26,DC,2025-01-25,106,17:40,17:40,NR1,set_zero,3.0176,0,core-night zero-drift within noise band
clean-2025-v1,附件2,光伏发电实际功率,26,DF,2025-01-25,109,18:10,18:10,NR1,set_zero,0.2167,0,core-night zero-drift within noise band
clean-2025-v1,附件2,光伏发电实际功率,26,DI,2025-01-25,112,18:40,18:40,NR1,set_zero,0.0156,0,core-night zero-drift within noise band
clean-2025-v1,附件2,光伏发电实际功率,26,DL,2025-01-25,115,19:10,19:10,NR1,set_zero,0.0011,0,core-night zero-drift within noise band
clean-2025-v1,附件2,光伏发电实际功率,27,AD,2025-01-26,29,4:50,4:50,NR1,set_zero,0.0011,0,core-night zero-drift within noise band
clean-2025-v1,附件2,光伏发电实际功率,27,AG,2025-01-26,32,5:20,5:20,NR1,set_zero,0.0155,0,core-night zero-drift within noise band
clean-2025-v1,附件2,光伏发电实际功率,27,AJ,2025-01-26,35,5:50,5:50,NR1,set_zero,0.2158,0,core-night zero-drift within noise band
clean-2025-v1,附件2,光伏发电实际功率,27,AM,2025-01-26,38,6:20,6:20,NR1,set_zero,3.0054,0,core-night zero-drift within noise band
clean-2025-v1,附件2,光伏发电实际功率,27,DC,2025-01-26,106,17:40,17:40,NR1,set_zero,3.0751,0,core-night zero-drift within noise band
clean-2025-v1,附件2,光伏发电实际功率,27,DF,2025-01-26,109,18:10,18:10,NR1,set_zero,0.2208,0,core-night zero-drift within noise band
clean-2025-v1,附件2,光伏发电实际功率,27,DI,2025-01-26,112,18:40,18:40,NR1,set_zero,0.0159,0,core-night zero-drift within noise band
clean-2025-v1,附件2,光伏发电实际功率,27,DL,2025-01-26,115,19:10,19:10,NR1,set_zero,0.0011,0,core-night zero-drift within noise band
clean-2025-v1,附件2,光伏发电实际功率,28,AD,2025-01-27,29,4:50,4:50,NR1,set_zero,0.0012,0,core-night zero-drift within noise band
clean-2025-v1,附件2,光伏发电实际功率,28,AG,2025-01-27,32,5:20,5:20,NR1,set_zero,0.017,0,core-night zero-drift within noise band
clean-2025-v1,附件2,光伏发电实际功率,28,AJ,2025-01-27,35,5:50,5:50,NR1,set_zero,0.2372,0,core-night zero-drift within noise band
clean-2025-v1,附件2,光伏发电实际功率,28,AM,2025-01-27,38,6:20,6:20,NR1,set_zero,3.3036,0,core-night zero-drift within noise band
clean-2025-v1,附件2,光伏发电实际功率,28,DC,2025-01-27,106,17:40,17:40,NR1,set_zero,3.4404,0,core-night zero-drift within noise band
clean-2025-v1,附件2,光伏发电实际功率,28,DF,2025-01-27,109,18:10,18:10,NR1,set_zero,0.247,0,core-night zero-drift within noise band
clean-2025-v1,附件2,光伏发电实际功率,28,DI,2025-01-27,112,18:40,18:40,NR1,set_zero,0.0177,0,core-night zero-drift within noise band
clean-2025-v1,附件2,光伏发电实际功率,28,DL,2025-01-27,115,19:10,19:10,NR1,set_zero,0.0013,0,core-night zero-drift within noise band
clean-2025-v1,附件2,光伏发电实际功率,29,AD,2025-01-28,29,4:50,4:50,NR1,set_zero,0.0014,0,core-night zero-drift within noise band
clean-2025-v1,附件2,光伏发电实际功率,29,AG,2025-01-28,32,5:20,5:20,NR1,set_zero,0.0194,0,core-night zero-drift within noise band
clean-2025-v1,附件2,光伏发电实际功率,29,AJ,2025-01-28,35,5:50,5:50,NR1,set_zero,0.2696,0,core-night zero-drift within noise band
clean-2025-v1,附件2,光伏发电实际功率,29,AM,2025-01-28,38,6:20,6:20,NR1,set_zero,3.7554,0,core-night zero-drift within noise band
clean-2025-v1,附件2,光伏发电实际功率,29,DC,2025-01-28,106,17:40,17:40,NR1,set_zero,4.1497,0,core-night zero-drift within noise band
clean-2025-v1,附件2,光伏发电实际功率,29,DF,2025-01-28,109,18:10,18:10,NR1,set_zero,0.2979,0,core-night zero-drift within noise band
clean-2025-v1,附件2,光伏发电实际功率,29,DI,2025-01-28,112,18:40,18:40,NR1,set_zero,0.0214,0,core-night zero-drift within noise band
clean-2025-v1,附件2,光伏发电实际功率,29,DL,2025-01-28,115,19:10,19:10,NR1,set_zero,0.0015,0,core-night zero-drift within noise band
clean-2025-v1,附件2,光伏发电实际功率,30,AD,2025-01-29,29,4:50,4:50,NR1,set_zero,0.0017,0,core-night zero-drift within noise band
clean-2025-v1,附件2,光伏发电实际功率,30,AG,2025-01-29,32,5:20,5:20,NR1,set_zero,0.0244,0,core-night zero-drift within noise band
clean-2025-v1,附件2,光伏发电实际功率,30,AJ,2025-01-29,35,5:50,5:50,NR1,set_zero,0.3394,0,core-night zero-drift within noise band
clean-2025-v1,附件2,光伏发电实际功率,30,AM,2025-01-29,38,6:20,6:20,NR1,set_zero,4.7279,0,core-night zero-drift within noise band
clean-2025-v1,附件2,光伏发电实际功率,30,DC,2025-01-29,106,17:40,17:40,NR1,set_zero,4.0644,0,core-night zero-drift within noise band
clean-2025-v1,附件2,光伏发电实际功率,30,DF,2025-01-29,109,18:10,18:10,NR1,set_zero,0.2918,0,core-night zero-drift within noise band
clean-2025-v1,附件2,光伏发电实际功率,30,DI,2025-01-29,112,18:40,18:40,NR1,set_zero,0.021,0,core-night zero-drift within noise band
clean-2025-v1,附件2,光伏发电实际功率,30,DL,2025-01-29,115,19:10,19:10,NR1,set_zero,0.0015,0,core-night zero-drift within noise band
clean-2025-v1,附件2,光伏发电实际功率,31,AD,2025-01-30,29,4:50,4:50,NR1,set_zero,0.0016,0,core-night zero-drift within noise band
clean-2025-v1,附件2,光伏发电实际功率,31,AG,2025-01-30,32,5:20,5:20,NR1,set_zero,0.0226,0,core-night zero-drift within noise band
clean-2025-v1,附件2,光伏发电实际功率,31,AJ,2025-01-30,35,5:50,5:50,NR1,set_zero,0.3141,0,core-night zero-drift within noise band
clean-2025-v1,附件2,光伏发电实际功率,31,AM,2025-01-30,38,6:20,6:20,NR1,set_zero,4.3755,0,core-night zero-drift within noise band
clean-2025-v1,附件2,光伏发电实际功率,31,DC,2025-01-30,106,17:40,17:40,NR1,set_zero,4.654,0,core-night zero-drift within noise band
clean-2025-v1,附件2,光伏发电实际功率,31,DF,2025-01-30,109,18:10,18:10,NR1,set_zero,0.3341,0,core-night zero-drift within noise band
clean-2025-v1,附件2,光伏发电实际功率,31,DI,2025-01-30,112,18:40,18:40,NR1,set_zero,0.024,0,core-night zero-drift within noise band
clean-2025-v1,附件2,光伏发电实际功率,31,DL,2025-01-30,115,19:10,19:10,NR1,set_zero,0.0017,0,core-night zero-drift within noise band
clean-2025-v1,附件2,光伏发电实际功率,32,AD,2025-01-31,29,4:50,4:50,NR1,set_zero,0.0017,0,core-night zero-drift within noise band
clean-2025-v1,附件2,光伏发电实际功率,32,AG,2025-01-31,32,5:20,5:20,NR1,set_zero,0.0238,0,core-night zero-drift within noise band
clean-2025-v1,附件2,光伏发电实际功率,32,AJ,2025-01-31,35,5:50,5:50,NR1,set_zero,0.3316,0,core-night zero-drift within noise band
clean-2025-v1,附件2,光伏发电实际功率,32,AM,2025-01-31,38,6:20,6:20,NR1,set_zero,4.6183,0,core-night zero-drift within noise band
clean-2025-v1,附件2,光伏发电实际功率,32,DC,2025-01-31,106,17:40,17:40,NR2,reject,5.3833,nan,core-night value above noise band (old=5.383300)
clean-2025-v1,附件2,光伏发电实际功率,32,DF,2025-01-31,109,18:10,18:10,NR1,set_zero,0.3865,0,core-night zero-drift within noise band
clean-2025-v1,附件2,光伏发电实际功率,32,DI,2025-01-31,112,18:40,18:40,NR1,set_zero,0.0277,0,core-night zero-drift within noise band
clean-2025-v1,附件2,光伏发电实际功率,32,DL,2025-01-31,115,19:10,19:10,NR1,set_zero,0.002,0,core-night zero-drift within noise band
clean-2025-v1,附件2,光伏发电实际功率,33,AD,2025-02-01,29,4:50,4:50,NR1,set_zero,0.0014,0,core-night zero-drift within noise band
clean-2025-v1,附件2,光伏发电实际功率,33,AG,2025-02-01,32,5:20,5:20,NR1,set_zero,0.0199,0,core-night zero-drift within noise band
clean-2025-v1,附件2,光伏发电实际功率,33,AJ,2025-02-01,35,5:50,5:50,NR1,set_zero,0.2774,0,core-night zero-drift within noise band
clean-2025-v1,附件2,光伏发电实际功率,33,AM,2025-02-01,38,6:20,6:20,NR1,set_zero,3.8641,0,core-night zero-drift within noise band
clean-2025-v1,附件2,光伏发电实际功率,33,DC,2025-02-01,106,17:40,17:40,NR1,set_zero,4.1367,0,core-night zero-drift within noise band
clean-2025-v1,附件2,光伏发电实际功率,33,DF,2025-02-01,109,18:10,18:10,NR1,set_zero,0.297,0,core-night zero-drift within noise band
clean-2025-v1,附件2,光伏发电实际功率,33,DI,2025-02-01,112,18:40,18:40,NR1,set_zero,0.0213,0,core-night zero-drift within noise band
clean-2025-v1,附件2,光伏发电实际功率,33,DL,2025-02-01,115,19:10,19:10,NR1,set_zero,0.0015,0,core-night zero-drift within noise band
clean-2025-v1,附件2,光伏发电实际功率,34,AD,2025-02-02,29,4:50,4:50,NR1,set_zero,0.0014,0,core-night zero-drift within noise band
clean-2025-v1,附件2,光伏发电实际功率,34,AG,2025-02-02,32,5:20,5:20,NR1,set_zero,0.0189,0,core-night zero-drift within noise band
clean-2025-v1,附件2,光伏发电实际功率,34,AJ,2025-02-02,35,5:50,5:50,NR1,set_zero,0.2639,0,core-night zero-drift within noise band
clean-2025-v1,附件2,光伏发电实际功率,34,AM,2025-02-02,38,6:20,6:20,NR1,set_zero,3.6762,0,core-night zero-drift within noise band
clean-2025-v1,附件2,光伏发电实际功率,34,DC,2025-02-02,106,17:40,17:40,NR1,set_zero,3.5758,0,core-night zero-drift within noise band
clean-2025-v1,附件2,光伏发电实际功率,34,DF,2025-02-02,109,18:10,18:10,NR1,set_zero,0.2567,0,core-night zero-drift within noise band
clean-2025-v1,附件2,光伏发电实际功率,34,DI,2025-02-02,112,18:40,18:40,NR1,set_zero,0.0184,0,core-night zero-drift within noise band
clean-2025-v1,附件2,光伏发电实际功率,34,DL,2025-02-02,115,19:10,19:10,NR1,set_zero,0.0013,0,core-night zero-drift within noise band
clean-2025-v1,附件2,光伏发电实际功率,35,AG,2025-02-03,32,5:20,5:20,NR1,set_zero,0.0135,0,core-night zero-drift within noise band
clean-2025-v1,附件2,光伏发电实际功率,35,AJ,2025-02-03,35,5:50,5:50,NR1,set_zero,0.1876,0,core-night zero-drift within noise band
clean-2025-v1,附件2,光伏发电实际功率,35,AM,2025-02-03,38,6:20,6:20,NR1,set_zero,2.6125,0,core-night zero-drift within noise band
clean-2025-v1,附件2,光伏发电实际功率,35,DC,2025-02-03,106,17:40,17:40,NR1,set_zero,2.6636,0,core-night zero-drift within noise band
clean-2025-v1,附件2,光伏发电实际功率,35,DF,2025-02-03,109,18:10,18:10,NR1,set_zero,0.1912,0,core-night zero-drift within noise band
clean-2025-v1,附件2,光伏发电实际功率,35,DI,2025-02-03,112,18:40,18:40,NR1,set_zero,0.0137,0,core-night zero-drift within noise band
clean-2025-v1,附件2,光伏发电实际功率,36,AG,2025-02-04,32,5:20,5:20,NR1,set_zero,0.0059,0,core-night zero-drift within noise band
clean-2025-v1,附件2,光伏发电实际功率,36,AJ,2025-02-04,35,5:50,5:50,NR1,set_zero,0.0827,0,core-night zero-drift within noise band
clean-2025-v1,附件2,光伏发电实际功率,36,AM,2025-02-04,38,6:20,6:20,NR1,set_zero,1.1512,0,core-night zero-drift within noise band
clean-2025-v1,附件2,光伏发电实际功率,36,DC,2025-02-04,106,17:40,17:40,NR1,set_zero,1.1606,0,core-night zero-drift within noise band
clean-2025-v1,附件2,光伏发电实际功率,36,DF,2025-02-04,109,18:10,18:10,NR1,set_zero,0.0833,0,core-night zero-drift within noise band
clean-2025-v1,附件2,光伏发电实际功率,36,DI,2025-02-04,112,18:40,18:40,NR1,set_zero,0.006,0,core-night zero-drift within noise band
clean-2025-v1,附件2,光伏发电实际功率,37,AG,2025-02-05,32,5:20,5:20,NR1,set_zero,0.0033,0,core-night zero-drift within noise band
clean-2025-v1,附件2,光伏发电实际功率,37,AJ,2025-02-05,35,5:50,5:50,NR1,set_zero,0.0453,0,core-night zero-drift within noise band
clean-2025-v1,附件2,光伏发电实际功率,37,AM,2025-02-05,38,6:20,6:20,NR1,set_zero,0.631,0,core-night zero-drift within noise band
clean-2025-v1,附件2,光伏发电实际功率,37,DC,2025-02-05,106,17:40,17:40,NR1,set_zero,0.6507,0,core-night zero-drift within noise band
clean-2025-v1,附件2,光伏发电实际功率,37,DF,2025-02-05,109,18:10,18:10,NR1,set_zero,0.0467,0,core-night zero-drift within noise band
clean-2025-v1,附件2,光伏发电实际功率,37,DI,2025-02-05,112,18:40,18:40,NR1,set_zero,0.0034,0,core-night zero-drift within noise band
clean-2025-v1,附件2,光伏发电实际功率,38,AI,2025-02-06,34,5:40,5:40,NR1,set_zero,0.0138,0,core-night zero-drift within noise band
clean-2025-v1,附件2,光伏发电实际功率,38,AL,2025-02-06,37,6:10,6:10,NR1,set_zero,0.1918,0,core-night zero-drift within noise band
clean-2025-v1,附件2,光伏发电实际功率,38,DD,2025-02-06,107,17:50,17:50,NR1,set_zero,0.1372,0,core-night zero-drift within noise band
clean-2025-v1,附件2,光伏发电实际功率,38,DG,2025-02-06,110,18:20,18:20,NR1,set_zero,0.0098,0,core-night zero-drift within noise band
clean-2025-v1,附件2,光伏发电实际功率,39,AF,2025-02-07,31,5:10,5:10,NR1,set_zero,0.0027,0,core-night zero-drift within noise band
clean-2025-v1,附件2,光伏发电实际功率,39,AI,2025-02-07,34,5:40,5:40,NR1,set_zero,0.0373,0,core-night zero-drift within noise band
clean-2025-v1,附件2,光伏发电实际功率,39,AL,2025-02-07,37,6:10,6:10,NR1,set_zero,0.5196,0,core-night zero-drift within noise band
clean-2025-v1,附件2,光伏发电实际功率,39,DD,2025-02-07,107,17:50,17:50,NR1,set_zero,0.6831,0,core-night zero-drift within noise band
clean-2025-v1,附件2,光伏发电实际功率,39,DG,2025-02-07,110,18:20,18:20,NR1,set_zero,0.049,0,core-night zero-drift within noise band
clean-2025-v1,附件2,光伏发电实际功率,39,DJ,2025-02-07,113,18:50,18:50,NR1,set_zero,0.0035,0,core-night zero-drift within noise band
clean-2025-v1,附件2,光伏发电实际功率,40,AF,2025-02-08,31,5:10,5:10,NR1,set_zero,0.0057,0,core-night zero-drift within noise band
clean-2025-v1,附件2,光伏发电实际功率,40,AI,2025-02-08,34,5:40,5:40,NR1,set_zero,0.0792,0,core-night zero-drift within noise band
clean-2025-v1,附件2,光伏发电实际功率,40,AL,2025-02-08,37,6:10,6:10,NR1,set_zero,1.1031,0,core-night zero-drift within noise band
clean-2025-v1,附件2,光伏发电实际功率,40,DD,2025-02-08,107,17:50,17:50,NR1,set_zero,1.0688,0,core-night zero-drift within noise band
clean-2025-v1,附件2,光伏发电实际功率,40,DG,2025-02-08,110,18:20,18:20,NR1,set_zero,0.0767,0,core-night zero-drift within noise band
clean-2025-v1,附件2,光伏发电实际功率,40,DJ,2025-02-08,113,18:50,18:50,NR1,set_zero,0.0055,0,core-night zero-drift within noise band
clean-2025-v1,附件2,光伏发电实际功率,41,AF,2025-02-09,31,5:10,5:10,NR1,set_zero,0.0089,0,core-night zero-drift within noise band
clean-2025-v1,附件2,光伏发电实际功率,41,AI,2025-02-09,34,5:40,5:40,NR1,set_zero,0.1235,0,core-night zero-drift within noise band
clean-2025-v1,附件2,光伏发电实际功率,41,AL,2025-02-09,37,6:10,6:10,NR1,set_zero,1.7196,0,core-night zero-drift within noise band
clean-2025-v1,附件2,光伏发电实际功率,41,DD,2025-02-09,107,17:50,17:50,NR1,set_zero,1.572,0,core-night zero-drift within noise band
clean-2025-v1,附件2,光伏发电实际功率,41,DG,2025-02-09,110,18:20,18:20,NR1,set_zero,0.1129,0,core-night zero-drift within noise band
clean-2025-v1,附件2,光伏发电实际功率,41,DJ,2025-02-09,113,18:50,18:50,NR1,set_zero,0.0081,0,core-night zero-drift within noise band
clean-2025-v1,附件2,光伏发电实际功率,42,AF,2025-02-10,31,5:10,5:10,NR1,set_zero,0.0107,0,core-night zero-drift within noise band
clean-2025-v1,附件2,光伏发电实际功率,42,AI,2025-02-10,34,5:40,5:40,NR1,set_zero,0.1492,0,core-night zero-drift within noise band
clean-2025-v1,附件2,光伏发电实际功率,42,AL,2025-02-10,37,6:10,6:10,NR1,set_zero,2.0779,0,core-night zero-drift within noise band
clean-2025-v1,附件2,光伏发电实际功率,42,DD,2025-02-10,107,17:50,17:50,NR1,set_zero,2.1397,0,core-night zero-drift within noise band
clean-2025-v1,附件2,光伏发电实际功率,42,DG,2025-02-10,110,18:20,18:20,NR1,set_zero,0.1536,0,core-night zero-drift within noise band
clean-2025-v1,附件2,光伏发电实际功率,42,DJ,2025-02-10,113,18:50,18:50,NR1,set_zero,0.011,0,core-night zero-drift within noise band
clean-2025-v1,附件2,光伏发电实际功率,43,AC,2025-02-11,28,4:40,4:40,NR1,set_zero,0.001,0,core-night zero-drift within noise band
clean-2025-v1,附件2,光伏发电实际功率,43,AF,2025-02-11,31,5:10,5:10,NR1,set_zero,0.014,0,core-night zero-drift within noise band
clean-2025-v1,附件2,光伏发电实际功率,43,AI,2025-02-11,34,5:40,5:40,NR1,set_zero,0.195,0,core-night zero-drift within noise band
clean-2025-v1,附件2,光伏发电实际功率,43,AL,2025-02-11,37,6:10,6:10,NR1,set_zero,2.7159,0,core-night zero-drift within noise band
clean-2025-v1,附件2,光伏发电实际功率,43,DD,2025-02-11,107,17:50,17:50,NR1,set_zero,2.5077,0,core-night zero-drift within noise band
clean-2025-v1,附件2,光伏发电实际功率,43,DG,2025-02-11,110,18:20,18:20,NR1,set_zero,0.18,0,core-night zero-drift within noise band
clean-2025-v1,附件2,光伏发电实际功率,43,DJ,2025-02-11,113,18:50,18:50,NR1,set_zero,0.0129,0,core-night zero-drift within noise band
clean-2025-v1,附件2,光伏发电实际功率,44,AC,2025-02-12,28,4:40,4:40,NR1,set_zero,0.0012,0,core-night zero-drift within noise band
clean-2025-v1,附件2,光伏发电实际功率,44,AF,2025-02-12,31,5:10,5:10,NR1,set_zero,0.0163,0,core-night zero-drift within noise band
clean-2025-v1,附件2,光伏发电实际功率,44,AI,2025-02-12,34,5:40,5:40,NR1,set_zero,0.2267,0,core-night zero-drift within noise band
clean-2025-v1,附件2,光伏发电实际功率,44,AL,2025-02-12,37,6:10,6:10,NR1,set_zero,3.158,0,core-night zero-drift within noise band
clean-2025-v1,附件2,光伏发电实际功率,44,DD,2025-02-12,107,17:50,17:50,NR1,set_zero,3.0148,0,core-night zero-drift within noise band
clean-2025-v1,附件2,光伏发电实际功率,44,DG,2025-02-12,110,18:20,18:20,NR1,set_zero,0.2165,0,core-night zero-drift within noise band
clean-2025-v1,附件2,光伏发电实际功率,44,DJ,2025-02-12,113,18:50,18:50,NR1,set_zero,0.0155,0,core-night zero-drift within noise band
clean-2025-v1,附件2,光伏发电实际功率,44,DM,2025-02-12,116,19:20,19:20,NR1,set_zero,0.0011,0,core-night zero-drift within noise band
clean-2025-v1,附件2,光伏发电实际功率,45,AC,2025-02-13,28,4:40,4:40,NR1,set_zero,0.0014,0,core-night zero-drift within noise band
clean-2025-v1,附件2,光伏发电实际功率,45,AF,2025-02-13,31,5:10,5:10,NR1,set_zero,0.0191,0,core-night zero-drift within noise band
clean-2025-v1,附件2,光伏发电实际功率,45,AI,2025-02-13,34,5:40,5:40,NR1,set_zero,0.2659,0,core-night zero-drift within noise band
clean-2025-v1,附件2,光伏发电实际功率,45,AL,2025-02-13,37,6:10,6:10,NR1,set_zero,3.7035,0,core-night zero-drift within noise band
clean-2025-v1,附件2,光伏发电实际功率,45,DD,2025-02-13,107,17:50,17:50,NR1,set_zero,4.2292,0,core-night zero-drift within noise band
clean-2025-v1,附件2,光伏发电实际功率,45,DG,2025-02-13,110,18:20,18:20,NR1,set_zero,0.3036,0,core-night zero-drift within noise band
clean-2025-v1,附件2,光伏发电实际功率,45,DJ,2025-02-13,113,18:50,18:50,NR1,set_zero,0.0218,0,core-night zero-drift within noise band
clean-2025-v1,附件2,光伏发电实际功率,45,DM,2025-02-13,116,19:20,19:20,NR1,set_zero,0.0016,0,core-night zero-drift within noise band
clean-2025-v1,附件2,光伏发电实际功率,46,AC,2025-02-14,28,4:40,4:40,NR1,set_zero,0.0015,0,core-night zero-drift within noise band
clean-2025-v1,附件2,光伏发电实际功率,46,AF,2025-02-14,31,5:10,5:10,NR1,set_zero,0.0202,0,core-night zero-drift within noise band
clean-2025-v1,附件2,光伏发电实际功率,46,AI,2025-02-14,34,5:40,5:40,NR1,set_zero,0.2819,0,core-night zero-drift within noise band
clean-2025-v1,附件2,光伏发电实际功率,46,AL,2025-02-14,37,6:10,6:10,NR1,set_zero,3.927,0,core-night zero-drift within noise band
clean-2025-v1,附件2,光伏发电实际功率,46,DD,2025-02-14,107,17:50,17:50,NR1,set_zero,4.0609,0,core-night zero-drift within noise band
clean-2025-v1,附件2,光伏发电实际功率,46,DG,2025-02-14,110,18:20,18:20,NR1,set_zero,0.2916,0,core-night zero-drift within noise band
clean-2025-v1,附件2,光伏发电实际功率,46,DJ,2025-02-14,113,18:50,18:50,NR1,set_zero,0.0209,0,core-night zero-drift within noise band
clean-2025-v1,附件2,光伏发电实际功率,46,DM,2025-02-14,116,19:20,19:20,NR1,set_zero,0.0015,0,core-night zero-drift within noise band
clean-2025-v1,附件2,光伏发电实际功率,47,AC,2025-02-15,28,4:40,4:40,NR1,set_zero,0.0017,0,core-night zero-drift within noise band
clean-2025-v1,附件2,光伏发电实际功率,47,AF,2025-02-15,31,5:10,5:10,NR1,set_zero,0.0237,0,core-night zero-drift within noise band
clean-2025-v1,附件2,光伏发电实际功率,47,AI,2025-02-15,34,5:40,5:40,NR1,set_zero,0.3296,0,core-night zero-drift within noise band
clean-2025-v1,附件2,光伏发电实际功率,47,AL,2025-02-15,37,6:10,6:10,NR1,set_zero,4.5912,0,core-night zero-drift within noise band
clean-2025-v1,附件2,光伏发电实际功率,47,DD,2025-02-15,107,17:50,17:50,NR1,set_zero,4.5154,0,core-night zero-drift within noise band
clean-2025-v1,附件2,光伏发电实际功率,47,DG,2025-02-15,110,18:20,18:20,NR1,set_zero,0.3242,0,core-night zero-drift within noise band
clean-2025-v1,附件2,光伏发电实际功率,47,DJ,2025-02-15,113,18:50,18:50,NR1,set_zero,0.0233,0,core-night zero-drift within noise band
clean-2025-v1,附件2,光伏发电实际功率,47,DM,2025-02-15,116,19:20,19:20,NR1,set_zero,0.0017,0,core-night zero-drift within noise band
clean-2025-v1,附件2,光伏发电实际功率,48,AC,2025-02-16,28,4:40,4:40,NR1,set_zero,0.0018,0,core-night zero-drift within noise band
clean-2025-v1,附件2,光伏发电实际功率,48,AF,2025-02-16,31,5:10,5:10,NR1,set_zero,0.0257,0,core-night zero-drift within noise band
clean-2025-v1,附件2,光伏发电实际功率,48,AI,2025-02-16,34,5:40,5:40,NR1,set_zero,0.3579,0,core-night zero-drift within noise band
clean-2025-v1,附件2,光伏发电实际功率,48,AL,2025-02-16,37,6:10,6:10,NR1,set_zero,4.9852,0,core-night zero-drift within noise band
clean-2025-v1,附件2,光伏发电实际功率,48,DD,2025-02-16,107,17:50,17:50,NR2,reject,5.119,nan,core-night value above noise band (old=5.119000)
clean-2025-v1,附件2,光伏发电实际功率,48,DG,2025-02-16,110,18:20,18:20,NR1,set_zero,0.3675,0,core-night zero-drift within noise band
clean-2025-v1,附件2,光伏发电实际功率,48,DJ,2025-02-16,113,18:50,18:50,NR1,set_zero,0.0264,0,core-night zero-drift within noise band
clean-2025-v1,附件2,光伏发电实际功率,48,DM,2025-02-16,116,19:20,19:20,NR1,set_zero,0.0019,0,core-night zero-drift within noise band
clean-2025-v1,附件2,光伏发电实际功率,49,AC,2025-02-17,28,4:40,4:40,NR1,set_zero,0.0022,0,core-night zero-drift within noise band
clean-2025-v1,附件2,光伏发电实际功率,49,AF,2025-02-17,31,5:10,5:10,NR1,set_zero,0.0306,0,core-night zero-drift within noise band
clean-2025-v1,附件2,光伏发电实际功率,49,AI,2025-02-17,34,5:40,5:40,NR1,set_zero,0.4258,0,core-night zero-drift within noise band
clean-2025-v1,附件2,光伏发电实际功率,49,AL,2025-02-17,37,6:10,6:10,NR2,reject,5.9313,nan,core-night value above noise band (old=5.931300)
clean-2025-v1,附件2,光伏发电实际功率,49,DD,2025-02-17,107,17:50,17:50,NR2,reject,5.9351,nan,core-night value above noise band (old=5.935100)
clean-2025-v1,附件2,光伏发电实际功率,49,DG,2025-02-17,110,18:20,18:20,NR1,set_zero,0.4261,0,core-night zero-drift within noise band
clean-2025-v1,附件2,光伏发电实际功率,49,DJ,2025-02-17,113,18:50,18:50,NR1,set_zero,0.0306,0,core-night zero-drift within noise band
clean-2025-v1,附件2,光伏发电实际功率,49,DM,2025-02-17,116,19:20,19:20,NR1,set_zero,0.0022,0,core-night zero-drift within noise band
clean-2025-v1,附件2,光伏发电实际功率,50,AC,2025-02-18,28,4:40,4:40,NR1,set_zero,0.0025,0,core-night zero-drift within noise band
clean-2025-v1,附件2,光伏发电实际功率,50,AF,2025-02-18,31,5:10,5:10,NR1,set_zero,0.0346,0,core-night zero-drift within noise band
clean-2025-v1,附件2,光伏发电实际功率,50,AI,2025-02-18,34,5:40,5:40,NR1,set_zero,0.4818,0,core-night zero-drift within noise band
clean-2025-v1,附件2,光伏发电实际功率,50,AL,2025-02-18,37,6:10,6:10,NR2,reject,6.7101,nan,core-night value above noise band (old=6.710100)
clean-2025-v1,附件2,光伏发电实际功率,50,DD,2025-02-18,107,17:50,17:50,NR2,reject,6.8644,nan,core-night value above noise band (old=6.864400)
clean-2025-v1,附件2,光伏发电实际功率,50,DG,2025-02-18,110,18:20,18:20,NR1,set_zero,0.4928,0,core-night zero-drift within noise band
clean-2025-v1,附件2,光伏发电实际功率,50,DJ,2025-02-18,113,18:50,18:50,NR1,set_zero,0.0354,0,core-night zero-drift within noise band
clean-2025-v1,附件2,光伏发电实际功率,50,DM,2025-02-18,116,19:20,19:20,NR1,set_zero,0.0025,0,core-night zero-drift within noise band
clean-2025-v1,附件2,光伏发电实际功率,51,AC,2025-02-19,28,4:40,4:40,NR1,set_zero,0.0024,0,core-night zero-drift within noise band
clean-2025-v1,附件2,光伏发电实际功率,51,AF,2025-02-19,31,5:10,5:10,NR1,set_zero,0.0329,0,core-night zero-drift within noise band
clean-2025-v1,附件2,光伏发电实际功率,51,AI,2025-02-19,34,5:40,5:40,NR1,set_zero,0.4582,0,core-night zero-drift within noise band
clean-2025-v1,附件2,光伏发电实际功率,51,AL,2025-02-19,37,6:10,6:10,NR2,reject,6.3815,nan,core-night value above noise band (old=6.381500)
clean-2025-v1,附件2,光伏发电实际功率,51,DD,2025-02-19,107,17:50,17:50,NR2,reject,7.2703,nan,core-night value above noise band (old=7.270300)
clean-2025-v1,附件2,光伏发电实际功率,51,DG,2025-02-19,110,18:20,18:20,NR1,set_zero,0.522,0,core-night zero-drift within noise band
clean-2025-v1,附件2,光伏发电实际功率,51,DJ,2025-02-19,113,18:50,18:50,NR1,set_zero,0.0375,0,core-night zero-drift within noise band
clean-2025-v1,附件2,光伏发电实际功率,51,DM,2025-02-19,116,19:20,19:20,NR1,set_zero,0.0027,0,core-night zero-drift within noise band
clean-2025-v1,附件2,光伏发电实际功率,52,AC,2025-02-20,28,4:40,4:40,NR1,set_zero,0.002,0,core-night zero-drift within noise band
clean-2025-v1,附件2,光伏发电实际功率,52,AF,2025-02-20,31,5:10,5:10,NR1,set_zero,0.0275,0,core-night zero-drift within noise band
clean-2025-v1,附件2,光伏发电实际功率,52,AI,2025-02-20,34,5:40,5:40,NR1,set_zero,0.3831,0,core-night zero-drift within noise band
clean-2025-v1,附件2,光伏发电实际功率,52,AL,2025-02-20,37,6:10,6:10,NR2,reject,5.3359,nan,core-night value above noise band (old=5.335900)
clean-2025-v1,附件2,光伏发电实际功率,52,DD,2025-02-20,107,17:50,17:50,NR1,set_zero,4.9818,0,core-night zero-drift within noise band
clean-2025-v1,附件2,光伏发电实际功率,52,DG,2025-02-20,110,18:20,18:20,NR1,set_zero,0.3577,0,core-night zero-drift within noise band
clean-2025-v1,附件2,光伏发电实际功率,52,DJ,2025-02-20,113,18:50,18:50,NR1,set_zero,0.0257,0,core-night zero-drift within noise band
clean-2025-v1,附件2,光伏发电实际功率,52,DM,2025-02-20,116,19:20,19:20,NR1,set_zero,0.0018,0,core-night zero-drift within noise band
clean-2025-v1,附件2,光伏发电实际功率,53,AC,2025-02-21,28,4:40,4:40,NR1,set_zero,0.0015,0,core-night zero-drift within noise band
clean-2025-v1,附件2,光伏发电实际功率,53,AF,2025-02-21,31,5:10,5:10,NR1,set_zero,0.021,0,core-night zero-drift within noise band
clean-2025-v1,附件2,光伏发电实际功率,53,AI,2025-02-21,34,5:40,5:40,NR1,set_zero,0.2921,0,core-night zero-drift within noise band
clean-2025-v1,附件2,光伏发电实际功率,53,AL,2025-02-21,37,6:10,6:10,NR1,set_zero,4.0682,0,core-night zero-drift within noise band
clean-2025-v1,附件2,光伏发电实际功率,53,DD,2025-02-21,107,17:50,17:50,NR1,set_zero,3.2712,0,core-night zero-drift within noise band
clean-2025-v1,附件2,光伏发电实际功率,53,DG,2025-02-21,110,18:20,18:20,NR1,set_zero,0.2349,0,core-night zero-drift within noise band
clean-2025-v1,附件2,光伏发电实际功率,53,DJ,2025-02-21,113,18:50,18:50,NR1,set_zero,0.0169,0,core-night zero-drift within noise band
clean-2025-v1,附件2,光伏发电实际功率,53,DM,2025-02-21,116,19:20,19:20,NR1,set_zero,0.0012,0,core-night zero-drift within noise band
clean-2025-v1,附件2,光伏发电实际功率,54,AF,2025-02-22,31,5:10,5:10,NR1,set_zero,0.0116,0,core-night zero-drift within noise band
clean-2025-v1,附件2,光伏发电实际功率,54,AI,2025-02-22,34,5:40,5:40,NR1,set_zero,0.1612,0,core-night zero-drift within noise band
clean-2025-v1,附件2,光伏发电实际功率,54,AL,2025-02-22,37,6:10,6:10,NR1,set_zero,2.2448,0,core-night zero-drift within noise band
clean-2025-v1,附件2,光伏发电实际功率,54,DD,2025-02-22,107,17:50,17:50,NR1,set_zero,1.9199,0,core-night zero-drift within noise band
clean-2025-v1,附件2,光伏发电实际功率,54,DG,2025-02-22,110,18:20,18:20,NR1,set_zero,0.1378,0,core-night zero-drift within noise band
clean-2025-v1,附件2,光伏发电实际功率,54,DJ,2025-02-22,113,18:50,18:50,NR1,set_zero,0.0099,0,core-night zero-drift within noise band
clean-2025-v1,附件2,光伏发电实际功率,55,AF,2025-02-23,31,5:10,5:10,NR1,set_zero,0.0045,0,core-night zero-drift within noise band
clean-2025-v1,附件2,光伏发电实际功率,55,AI,2025-02-23,34,5:40,5:40,NR1,set_zero,0.0627,0,core-night zero-drift within noise band
clean-2025-v1,附件2,光伏发电实际功率,55,AL,2025-02-23,37,6:10,6:10,NR1,set_zero,0.8736,0,core-night zero-drift within noise band
clean-2025-v1,附件2,光伏发电实际功率,55,AM,2025-02-23,38,6:20,6:20,NR1,set_zero,0.3058,0,core-night zero-drift within noise band
clean-2025-v1,附件2,光伏发电实际功率,55,DC,2025-02-23,106,17:40,17:40,NR5,flag,2.6492,2.6492,"shoulder weak signal, excluded from sigma estimation"
clean-2025-v1,附件2,光伏发电实际功率,55,DD,2025-02-23,107,17:50,17:50,NR1,set_zero,0.185,0,core-night zero-drift within noise band
clean-2025-v1,附件2,光伏发电实际功率,55,DG,2025-02-23,110,18:20,18:20,NR1,set_zero,0.0133,0,core-night zero-drift within noise band
clean-2025-v1,附件2,光伏发电实际功率,56,AD,2025-02-24,29,4:50,4:50,NR1,set_zero,0.0017,0,core-night zero-drift within noise band
clean-2025-v1,附件2,光伏发电实际功率,56,AG,2025-02-24,32,5:20,5:20,NR1,set_zero,0.024,0,core-night zero-drift within noise band
clean-2025-v1,附件2,光伏发电实际功率,56,AJ,2025-02-24,35,5:50,5:50,NR1,set_zero,0.3346,0,core-night zero-drift within noise band
clean-2025-v1,附件2,光伏发电实际功率,56,DF,2025-02-24,109,18:10,18:10,NR1,set_zero,0.4487,0,core-night zero-drift within noise band
clean-2025-v1,附件2,光伏发电实际功率,56,DI,2025-02-24,112,18:40,18:40,NR1,set_zero,0.0322,0,core-night zero-drift within noise band
clean-2025-v1,附件2,光伏发电实际功率,56,DL,2025-02-24,115,19:10,19:10,NR1,set_zero,0.0023,0,core-night zero-drift within noise band
clean-2025-v1,附件2,光伏发电实际功率,57,AD,2025-02-25,29,4:50,4:50,NR1,set_zero,0.0038,0,core-night zero-drift within noise band
clean-2025-v1,附件2,光伏发电实际功率,57,AG,2025-02-25,32,5:20,5:20,NR1,set_zero,0.0535,0,core-night zero-drift within noise band
clean-2025-v1,附件2,光伏发电实际功率,57,AJ,2025-02-25,35,5:50,5:50,NR1,set_zero,0.7448,0,core-night zero-drift within noise band
clean-2025-v1,附件2,光伏发电实际功率,57,DF,2025-02-25,109,18:10,18:10,NR1,set_zero,0.7571,0,core-night zero-drift within noise band
clean-2025-v1,附件2,光伏发电实际功率,57,DI,2025-02-25,112,18:40,18:40,NR1,set_zero,0.0544,0,core-night zero-drift within noise band
clean-2025-v1,附件2,光伏发电实际功率,57,DL,2025-02-25,115,19:10,19:10,NR1,set_zero,0.0039,0,core-night zero-drift within noise band
clean-2025-v1,附件2,光伏发电实际功率,58,AD,2025-02-26,29,4:50,4:50,NR1,set_zero,0.0055,0,core-night zero-drift within noise band
clean-2025-v1,附件2,光伏发电实际功率,58,AG,2025-02-26,32,5:20,5:20,NR1,set_zero,0.0762,0,core-night zero-drift within noise band
clean-2025-v1,附件2,光伏发电实际功率,58,AJ,2025-02-26,35,5:50,5:50,NR1,set_zero,1.0612,0,core-night zero-drift within noise band
clean-2025-v1,附件2,光伏发电实际功率,58,DF,2025-02-26,109,18:10,18:10,NR1,set_zero,1.3251,0,core-night zero-drift within noise band
clean-2025-v1,附件2,光伏发电实际功率,58,DI,2025-02-26,112,18:40,18:40,NR1,set_zero,0.0951,0,core-night zero-drift within noise band
clean-2025-v1,附件2,光伏发电实际功率,58,DL,2025-02-26,115,19:10,19:10,NR1,set_zero,0.0068,0,core-night zero-drift within noise band
clean-2025-v1,附件2,光伏发电实际功率,59,AD,2025-02-27,29,4:50,4:50,NR1,set_zero,0.0068,0,core-night zero-drift within noise band
clean-2025-v1,附件2,光伏发电实际功率,59,AG,2025-02-27,32,5:20,5:20,NR1,set_zero,0.094,0,core-night zero-drift within noise band
clean-2025-v1,附件2,光伏发电实际功率,59,AJ,2025-02-27,35,5:50,5:50,NR1,set_zero,1.3099,0,core-night zero-drift within noise band
clean-2025-v1,附件2,光伏发电实际功率,59,DF,2025-02-27,109,18:10,18:10,NR1,set_zero,1.3989,0,core-night zero-drift within noise band
clean-2025-v1,附件2,光伏发电实际功率,59,DI,2025-02-27,112,18:40,18:40,NR1,set_zero,0.1004,0,core-night zero-drift within noise band
clean-2025-v1,附件2,光伏发电实际功率,59,DL,2025-02-27,115,19:10,19:10,NR1,set_zero,0.0072,0,core-night zero-drift within noise band
clean-2025-v1,附件2,光伏发电实际功率,60,AD,2025-02-28,29,4:50,4:50,NR1,set_zero,0.01,0,core-night zero-drift within noise band
clean-2025-v1,附件2,光伏发电实际功率,60,AG,2025-02-28,32,5:20,5:20,NR1,set_zero,0.14,0,core-night zero-drift within noise band
clean-2025-v1,附件2,光伏发电实际功率,60,AJ,2025-02-28,35,5:50,5:50,NR1,set_zero,1.9496,0,core-night zero-drift within noise band
clean-2025-v1,附件2,光伏发电实际功率,60,DF,2025-02-28,109,18:10,18:10,NR1,set_zero,2.1647,0,core-night zero-drift within noise band
clean-2025-v1,附件2,光伏发电实际功率,60,DI,2025-02-28,112,18:40,18:40,NR1,set_zero,0.1554,0,core-night zero-drift within noise band
clean-2025-v1,附件2,光伏发电实际功率,60,DL,2025-02-28,115,19:10,19:10,NR1,set_zero,0.0112,0,core-night zero-drift within noise band
clean-2025-v1,附件2,光伏发电实际功率,61,AD,2025-03-01,29,4:50,4:50,NR1,set_zero,0.0118,0,core-night zero-drift within noise band
clean-2025-v1,附件2,光伏发电实际功率,61,AG,2025-03-01,32,5:20,5:20,NR1,set_zero,0.1637,0,core-night zero-drift within noise band
clean-2025-v1,附件2,光伏发电实际功率,61,AJ,2025-03-01,35,5:50,5:50,NR1,set_zero,2.2805,0,core-night zero-drift within noise band
clean-2025-v1,附件2,光伏发电实际功率,61,DF,2025-03-01,109,18:10,18:10,NR1,set_zero,2.2051,0,core-night zero-drift within noise band
clean-2025-v1,附件2,光伏发电实际功率,61,DI,2025-03-01,112,18:40,18:40,NR1,set_zero,0.1583,0,core-night zero-drift within noise band
clean-2025-v1,附件2,光伏发电实际功率,61,DL,2025-03-01,115,19:10,19:10,NR1,set_zero,0.0114,0,core-night zero-drift within noise band
clean-2025-v1,附件2,光伏发电实际功率,62,AD,2025-03-02,29,4:50,4:50,NR1,set_zero,0.0139,0,core-night zero-drift within noise band
clean-2025-v1,附件2,光伏发电实际功率,62,AG,2025-03-02,32,5:20,5:20,NR1,set_zero,0.1935,0,core-night zero-drift within noise band
clean-2025-v1,附件2,光伏发电实际功率,62,AJ,2025-03-02,35,5:50,5:50,NR1,set_zero,2.6953,0,core-night zero-drift within noise band
clean-2025-v1,附件2,光伏发电实际功率,62,DF,2025-03-02,109,18:10,18:10,NR1,set_zero,2.4822,0,core-night zero-drift within noise band
clean-2025-v1,附件2,光伏发电实际功率,62,DI,2025-03-02,112,18:40,18:40,NR1,set_zero,0.1782,0,core-night zero-drift within noise band
clean-2025-v1,附件2,光伏发电实际功率,62,DL,2025-03-02,115,19:10,19:10,NR1,set_zero,0.0128,0,core-night zero-drift within noise band
clean-2025-v1,附件2,光伏发电实际功率,63,AA,2025-03-03,26,4:20,4:20,NR1,set_zero,0.0011,0,core-night zero-drift within noise band
clean-2025-v1,附件2,光伏发电实际功率,63,AD,2025-03-03,29,4:50,4:50,NR1,set_zero,0.0151,0,core-night zero-drift within noise band
clean-2025-v1,附件2,光伏发电实际功率,63,AG,2025-03-03,32,5:20,5:20,NR1,set_zero,0.2108,0,core-night zero-drift within noise band
clean-2025-v1,附件2,光伏发电实际功率,63,AJ,2025-03-03,35,5:50,5:50,NR1,set_zero,2.9357,0,core-night zero-drift within noise band
clean-2025-v1,附件2,光伏发电实际功率,63,DF,2025-03-03,109,18:10,18:10,NR1,set_zero,3.1664,0,core-night zero-drift within noise band
clean-2025-v1,附件2,光伏发电实际功率,63,DI,2025-03-03,112,18:40,18:40,NR1,set_zero,0.2273,0,core-night zero-drift within noise band
clean-2025-v1,附件2,光伏发电实际功率,63,DL,2025-03-03,115,19:10,19:10,NR1,set_zero,0.0163,0,core-night zero-drift within noise band
clean-2025-v1,附件2,光伏发电实际功率,63,DO,2025-03-03,118,19:40,19:40,NR1,set_zero,0.0012,0,core-night zero-drift within noise band
clean-2025-v1,附件2,光伏发电实际功率,64,AA,2025-03-04,26,4:20,4:20,NR1,set_zero,0.0013,0,core-night zero-drift within noise band
clean-2025-v1,附件2,光伏发电实际功率,64,AD,2025-03-04,29,4:50,4:50,NR1,set_zero,0.0184,0,core-night zero-drift within noise band
clean-2025-v1,附件2,光伏发电实际功率,64,AG,2025-03-04,32,5:20,5:20,NR1,set_zero,0.2569,0,core-night zero-drift within noise band
clean-2025-v1,附件2,光伏发电实际功率,64,AJ,2025-03-04,35,5:50,5:50,NR1,set_zero,3.5775,0,core-night zero-drift within noise band
clean-2025-v1,附件2,光伏发电实际功率,64,DF,2025-03-04,109,18:10,18:10,NR1,set_zero,3.2772,0,core-night zero-drift within noise band
clean-2025-v1,附件2,光伏发电实际功率,64,DI,2025-03-04,112,18:40,18:40,NR1,set_zero,0.2353,0,core-night zero-drift within noise band
clean-2025-v1,附件2,光伏发电实际功率,64,DL,2025-03-04,115,19:10,19:10,NR1,set_zero,0.0169,0,core-night zero-drift within noise band
clean-2025-v1,附件2,光伏发电实际功率,64,DO,2025-03-04,118,19:40,19:40,NR1,set_zero,0.0012,0,core-night zero-drift within noise band
clean-2025-v1,附件2,光伏发电实际功率,65,AA,2025-03-05,26,4:20,4:20,NR1,set_zero,0.0015,0,core-night zero-drift within noise band
clean-2025-v1,附件2,光伏发电实际功率,65,AD,2025-03-05,29,4:50,4:50,NR1,set_zero,0.0209,0,core-night zero-drift within noise band
clean-2025-v1,附件2,光伏发电实际功率,65,AG,2025-03-05,32,5:20,5:20,NR1,set_zero,0.2914,0,core-night zero-drift within noise band
clean-2025-v1,附件2,光伏发电实际功率,65,AJ,2025-03-05,35,5:50,5:50,NR1,set_zero,4.058,0,core-night zero-drift within noise band
clean-2025-v1,附件2,光伏发电实际功率,65,DF,2025-03-05,109,18:10,18:10,NR1,set_zero,4.0525,0,core-night zero-drift within noise band
clean-2025-v1,附件2,光伏发电实际功率,65,DI,2025-03-05,112,18:40,18:40,NR1,set_zero,0.291,0,core-night zero-drift within noise band
clean-2025-v1,附件2,光伏发电实际功率,65,DL,2025-03-05,115,19:10,19:10,NR1,set_zero,0.0209,0,core-night zero-drift within noise band
clean-2025-v1,附件2,光伏发电实际功率,65,DO,2025-03-05,118,19:40,19:40,NR1,set_zero,0.0015,0,core-night zero-drift within noise band
clean-2025-v1,附件2,光伏发电实际功率,66,AA,2025-03-06,26,4:20,4:20,NR1,set_zero,0.0017,0,core-night zero-drift within noise band
clean-2025-v1,附件2,光伏发电实际功率,66,AD,2025-03-06,29,4:50,4:50,NR1,set_zero,0.0243,0,core-night zero-drift within noise band
clean-2025-v1,附件2,光伏发电实际功率,66,AG,2025-03-06,32,5:20,5:20,NR1,set_zero,0.338,0,core-night zero-drift within noise band
clean-2025-v1,附件2,光伏发电实际功率,66,AJ,2025-03-06,35,5:50,5:50,NR1,set_zero,4.7071,0,core-night zero-drift within noise band
clean-2025-v1,附件2,光伏发电实际功率,66,DF,2025-03-06,109,18:10,18:10,NR1,set_zero,4.45,0,core-night zero-drift within noise band
clean-2025-v1,附件2,光伏发电实际功率,66,DI,2025-03-06,112,18:40,18:40,NR1,set_zero,0.3195,0,core-night zero-drift within noise band
clean-2025-v1,附件2,光伏发电实际功率,66,DL,2025-03-06,115,19:10,19:10,NR1,set_zero,0.0229,0,core-night zero-drift within noise band
clean-2025-v1,附件2,光伏发电实际功率,66,DO,2025-03-06,118,19:40,19:40,NR1,set_zero,0.0016,0,core-night zero-drift within noise band
clean-2025-v1,附件2,光伏发电实际功率,67,AA,2025-03-07,26,4:20,4:20,NR1,set_zero,0.0015,0,core-night zero-drift within noise band
clean-2025-v1,附件2,光伏发电实际功率,67,AD,2025-03-07,29,4:50,4:50,NR1,set_zero,0.021,0,core-night zero-drift within noise band
clean-2025-v1,附件2,光伏发电实际功率,67,AG,2025-03-07,32,5:20,5:20,NR1,set_zero,0.2918,0,core-night zero-drift within noise band
clean-2025-v1,附件2,光伏发电实际功率,67,AJ,2025-03-07,35,5:50,5:50,NR1,set_zero,4.0642,0,core-night zero-drift within noise band
clean-2025-v1,附件2,光伏发电实际功率,67,DF,2025-03-07,109,18:10,18:10,NR1,set_zero,4.16,0,core-night zero-drift within noise band
clean-2025-v1,附件2,光伏发电实际功率,67,DI,2025-03-07,112,18:40,18:40,NR1,set_zero,0.2987,0,core-night zero-drift within noise band
clean-2025-v1,附件2,光伏发电实际功率,67,DL,2025-03-07,115,19:10,19:10,NR1,set_zero,0.0214,0,core-night zero-drift within noise band
clean-2025-v1,附件2,光伏发电实际功率,67,DO,2025-03-07,118,19:40,19:40,NR1,set_zero,0.0015,0,core-night zero-drift within noise band
clean-2025-v1,附件2,光伏发电实际功率,68,AA,2025-03-08,26,4:20,4:20,NR1,set_zero,0.0012,0,core-night zero-drift within noise band
clean-2025-v1,附件2,光伏发电实际功率,68,AD,2025-03-08,29,4:50,4:50,NR1,set_zero,0.0173,0,core-night zero-drift within noise band
clean-2025-v1,附件2,光伏发电实际功率,68,AG,2025-03-08,32,5:20,5:20,NR1,set_zero,0.2407,0,core-night zero-drift within noise band
clean-2025-v1,附件2,光伏发电实际功率,68,AJ,2025-03-08,35,5:50,5:50,NR1,set_zero,3.3525,0,core-night zero-drift within noise band
clean-2025-v1,附件2,光伏发电实际功率,68,DF,2025-03-08,109,18:10,18:10,NR1,set_zero,3.8813,0,core-night zero-drift within noise band
clean-2025-v1,附件2,光伏发电实际功率,68,DI,2025-03-08,112,18:40,18:40,NR1,set_zero,0.2787,0,core-night zero-drift within noise band
clean-2025-v1,附件2,光伏发电实际功率,68,DL,2025-03-08,115,19:10,19:10,NR1,set_zero,0.02,0,core-night zero-drift within noise band
clean-2025-v1,附件2,光伏发电实际功率,68,DO,2025-03-08,118,19:40,19:40,NR1,set_zero,0.0014,0,core-night zero-drift within noise band
clean-2025-v1,附件2,光伏发电实际功率,69,AD,2025-03-09,29,4:50,4:50,NR1,set_zero,0.0135,0,core-night zero-drift within noise band
clean-2025-v1,附件2,光伏发电实际功率,69,AG,2025-03-09,32,5:20,5:20,NR1,set_zero,0.1885,0,core-night zero-drift within noise band
clean-2025-v1,附件2,光伏发电实际功率,69,AJ,2025-03-09,35,5:50,5:50,NR1,set_zero,2.6248,0,core-night zero-drift within noise band
clean-2025-v1,附件2,光伏发电实际功率,69,DF,2025-03-09,109,18:10,18:10,NR1,set_zero,3.0444,0,core-night zero-drift within noise band
clean-2025-v1,附件2,光伏发电实际功率,69,DI,2025-03-09,112,18:40,18:40,NR1,set_zero,0.2186,0,core-night zero-drift within noise band
clean-2025-v1,附件2,光伏发电实际功率,69,DL,2025-03-09,115,19:10,19:10,NR1,set_zero,0.0157,0,core-night zero-drift within noise band
clean-2025-v1,附件2,光伏发电实际功率,69,DO,2025-03-09,118,19:40,19:40,NR1,set_zero,0.0011,0,core-night zero-drift within noise band
clean-2025-v1,附件2,光伏发电实际功率,70,AD,2025-03-10,29,4:50,4:50,NR1,set_zero,0.0043,0,core-night zero-drift within noise band
clean-2025-v1,附件2,光伏发电实际功率,70,AG,2025-03-10,32,5:20,5:20,NR1,set_zero,0.0601,0,core-night zero-drift within noise band
clean-2025-v1,附件2,光伏发电实际功率,70,AJ,2025-03-10,35,5:50,5:50,NR1,set_zero,0.837,0,core-night zero-drift within noise band
clean-2025-v1,附件2,光伏发电实际功率,70,DF,2025-03-10,109,18:10,18:10,NR1,set_zero,1.5944,0,core-night zero-drift within noise band
clean-2025-v1,附件2,光伏发电实际功率,70,DI,2025-03-10,112,18:40,18:40,NR1,set_zero,0.1145,0,core-night zero-drift within noise band
clean-2025-v1,附件2,光伏发电实际功率,70,DL,2025-03-10,115,19:10,19:10,NR1,set_zero,0.0082,0,core-night zero-drift within noise band
clean-2025-v1,附件2,光伏发电实际功率,71,AI,2025-03-11,34,5:40,5:40,NR1,set_zero,0.0051,0,core-night zero-drift within noise band
clean-2025-v1,附件2,光伏发电实际功率,71,DG,2025-03-11,110,18:20,18:20,NR1,set_zero,0.0078,0,core-night zero-drift within noise band
clean-2025-v1,附件2,光伏发电实际功率,72,AC,2025-03-12,28,4:40,4:40,NR1,set_zero,0.0038,0,core-night zero-drift within noise band
clean-2025-v1,附件2,光伏发电实际功率,72,AF,2025-03-12,31,5:10,5:10,NR1,set_zero,0.0524,0,core-night zero-drift within noise band
clean-2025-v1,附件2,光伏发电实际功率,72,AI,2025-03-12,34,5:40,5:40,NR1,set_zero,0.7301,0,core-night zero-drift within noise band
clean-2025-v1,附件2,光伏发电实际功率,72,DG,2025-03-12,110,18:20,18:20,NR1,set_zero,0.6979,0,core-night zero-drift within noise band
clean-2025-v1,附件2,光伏发电实际功率,72,DJ,2025-03-12,113,18:50,18:50,NR1,set_zero,0.0501,0,core-night zero-drift within noise band
clean-2025-v1,附件2,光伏发电实际功率,72,DM,2025-03-12,116,19:20,19:20,NR1,set_zero,0.0036,0,core-night zero-drift within noise band
clean-2025-v1,附件2,光伏发电实际功率,73,AC,2025-03-13,28,4:40,4:40,NR1,set_zero,0.0057,0,core-night zero-drift within noise band
clean-2025-v1,附件2,光伏发电实际功率,73,AF,2025-03-13,31,5:10,5:10,NR1,set_zero,0.0797,0,core-night zero-drift within noise band
clean-2025-v1,附件2,光伏发电实际功率,73,AI,2025-03-13,34,5:40,5:40,NR1,set_zero,1.1095,0,core-night zero-drift within noise band
clean-2025-v1,附件2,光伏发电实际功率,73,DG,2025-03-13,110,18:20,18:20,NR1,set_zero,1.1653,0,core-night zero-drift within noise band
clean-2025-v1,附件2,光伏发电实际功率,73,DJ,2025-03-13,113,18:50,18:50,NR1,set_zero,0.0837,0,core-night zero-drift within noise band
clean-2025-v1,附件2,光伏发电实际功率,73,DM,2025-03-13,116,19:20,19:20,NR1,set_zero,0.006,0,core-night zero-drift within noise band
clean-2025-v1,附件2,光伏发电实际功率,74,AC,2025-03-14,28,4:40,4:40,NR1,set_zero,0.0087,0,core-night zero-drift within noise band
clean-2025-v1,附件2,光伏发电实际功率,74,AF,2025-03-14,31,5:10,5:10,NR1,set_zero,0.121,0,core-night zero-drift within noise band
clean-2025-v1,附件2,光伏发电实际功率,74,AI,2025-03-14,34,5:40,5:40,NR1,set_zero,1.6855,0,core-night zero-drift within noise band
clean-2025-v1,附件2,光伏发电实际功率,74,DG,2025-03-14,110,18:20,18:20,NR1,set_zero,2.0714,0,core-night zero-drift within noise band
clean-2025-v1,附件2,光伏发电实际功率,74,DJ,2025-03-14,113,18:50,18:50,NR1,set_zero,0.1487,0,core-night zero-drift within noise band
clean-2025-v1,附件2,光伏发电实际功率,74,DM,2025-03-14,116,19:20,19:20,NR1,set_zero,0.0107,0,core-night zero-drift within noise band
clean-2025-v1,附件2,光伏发电实际功率,75,AC,2025-03-15,28,4:40,4:40,NR1,set_zero,0.0111,0,core-night zero-drift within noise band
clean-2025-v1,附件2,光伏发电实际功率,75,AF,2025-03-15,31,5:10,5:10,NR1,set_zero,0.1539,0,core-night zero-drift within noise band
clean-2025-v1,附件2,光伏发电实际功率,75,AI,2025-03-15,34,5:40,5:40,NR1,set_zero,2.1439,0,core-night zero-drift within noise band
clean-2025-v1,附件2,光伏发电实际功率,75,DG,2025-03-15,110,18:20,18:20,NR1,set_zero,2.5104,0,core-night zero-drift within noise band
clean-2025-v1,附件2,光伏发电实际功率,75,DJ,2025-03-15,113,18:50,18:50,NR1,set_zero,0.1802,0,core-night zero-drift within noise band
clean-2025-v1,附件2,光伏发电实际功率,75,DM,2025-03-15,116,19:20,19:20,NR1,set_zero,0.0129,0,core-night zero-drift within noise band
clean-2025-v1,附件2,光伏发电实际功率,76,AC,2025-03-16,28,4:40,4:40,NR1,set_zero,0.0116,0,core-night zero-drift within noise band
clean-2025-v1,附件2,光伏发电实际功率,76,AF,2025-03-16,31,5:10,5:10,NR1,set_zero,0.1612,0,core-night zero-drift within noise band
clean-2025-v1,附件2,光伏发电实际功率,76,AI,2025-03-16,34,5:40,5:40,NR1,set_zero,2.2446,0,core-night zero-drift within noise band
clean-2025-v1,附件2,光伏发电实际功率,76,DG,2025-03-16,110,18:20,18:20,NR1,set_zero,2.7092,0,core-night zero-drift within noise band
clean-2025-v1,附件2,光伏发电实际功率,76,DJ,2025-03-16,113,18:50,18:50,NR1,set_zero,0.1945,0,core-night zero-drift within noise band
clean-2025-v1,附件2,光伏发电实际功率,76,DM,2025-03-16,116,19:20,19:20,NR1,set_zero,0.014,0,core-night zero-drift within noise band
clean-2025-v1,附件2,光伏发电实际功率,76,DP,2025-03-16,119,19:50,19:50,NR1,set_zero,0.001,0,core-night zero-drift within noise band
clean-2025-v1,附件2,光伏发电实际功率,77,Z,2025-03-17,25,4:10,4:10,NR1,set_zero,0.0015,0,core-night zero-drift within noise band
clean-2025-v1,附件2,光伏发电实际功率,77,AC,2025-03-17,28,4:40,4:40,NR1,set_zero,0.0208,0,core-night zero-drift within noise band
clean-2025-v1,附件2,光伏发电实际功率,77,AF,2025-03-17,31,5:10,5:10,NR1,set_zero,0.2894,0,core-night zero-drift within noise band
clean-2025-v1,附件2,光伏发电实际功率,77,AI,2025-03-17,34,5:40,5:40,NR1,set_zero,4.0304,0,core-night zero-drift within noise band
clean-2025-v1,附件2,光伏发电实际功率,77,DG,2025-03-17,110,18:20,18:20,NR1,set_zero,4.1521,0,core-night zero-drift within noise band
clean-2025-v1,附件2,光伏发电实际功率,77,DJ,2025-03-17,113,18:50,18:50,NR1,set_zero,0.2981,0,core-night zero-drift within noise band
clean-2025-v1,附件2,光伏发电实际功率,77,DM,2025-03-17,116,19:20,19:20,NR1,set_zero,0.0214,0,core-night zero-drift within noise band
clean-2025-v1,附件2,光伏发电实际功率,77,DP,2025-03-17,119,19:50,19:50,NR1,set_zero,0.0015,0,core-night zero-drift within noise band
clean-2025-v1,附件2,光伏发电实际功率,78,Z,2025-03-18,25,4:10,4:10,NR1,set_zero,0.0016,0,core-night zero-drift within noise band
clean-2025-v1,附件2,光伏发电实际功率,78,AC,2025-03-18,28,4:40,4:40,NR1,set_zero,0.0228,0,core-night zero-drift within noise band
clean-2025-v1,附件2,光伏发电实际功率,78,AF,2025-03-18,31,5:10,5:10,NR1,set_zero,0.3177,0,core-night zero-drift within noise band
clean-2025-v1,附件2,光伏发电实际功率,78,AI,2025-03-18,34,5:40,5:40,NR1,set_zero,4.4246,0,core-night zero-drift within noise band
clean-2025-v1,附件2,光伏发电实际功率,78,DG,2025-03-18,110,18:20,18:20,NR1,set_zero,3.5636,0,core-night zero-drift within noise band
clean-2025-v1,附件2,光伏发电实际功率,78,DJ,2025-03-18,113,18:50,18:50,NR1,set_zero,0.2559,0,core-night zero-drift within noise band
clean-2025-v1,附件2,光伏发电实际功率,78,DM,2025-03-18,116,19:20,19:20,NR1,set_zero,0.0184,0,core-night zero-drift within noise band
clean-2025-v1,附件2,光伏发电实际功率,78,DP,2025-03-18,119,19:50,19:50,NR1,set_zero,0.0013,0,core-night zero-drift within noise band
clean-2025-v1,附件2,光伏发电实际功率,79,Z,2025-03-19,25,4:10,4:10,NR1,set_zero,0.0018,0,core-night zero-drift within noise band
clean-2025-v1,附件2,光伏发电实际功率,79,AC,2025-03-19,28,4:40,4:40,NR1,set_zero,0.0254,0,core-night zero-drift within noise band
clean-2025-v1,附件2,光伏发电实际功率,79,AF,2025-03-19,31,5:10,5:10,NR1,set_zero,0.3537,0,core-night zero-drift within noise band
clean-2025-v1,附件2,光伏发电实际功率,79,AI,2025-03-19,34,5:40,5:40,NR1,set_zero,4.9264,0,core-night zero-drift within noise band
clean-2025-v1,附件2,光伏发电实际功率,79,DG,2025-03-19,110,18:20,18:20,NR2,reject,5.7982,nan,core-night value above noise band (old=5.798200)
clean-2025-v1,附件2,光伏发电实际功率,79,DJ,2025-03-19,113,18:50,18:50,NR1,set_zero,0.4163,0,core-night zero-drift within noise band
clean-2025-v1,附件2,光伏发电实际功率,79,DM,2025-03-19,116,19:20,19:20,NR1,set_zero,0.0299,0,core-night zero-drift within noise band
clean-2025-v1,附件2,光伏发电实际功率,79,DP,2025-03-19,119,19:50,19:50,NR1,set_zero,0.0021,0,core-night zero-drift within noise band
clean-2025-v1,附件2,光伏发电实际功率,80,Z,2025-03-20,25,4:10,4:10,NR1,set_zero,0.0019,0,core-night zero-drift within noise band
clean-2025-v1,附件2,光伏发电实际功率,80,AC,2025-03-20,28,4:40,4:40,NR1,set_zero,0.0271,0,core-night zero-drift within noise band
clean-2025-v1,附件2,光伏发电实际功率,80,AF,2025-03-20,31,5:10,5:10,NR1,set_zero,0.3776,0,core-night zero-drift within noise band
clean-2025-v1,附件2,光伏发电实际功率,80,AI,2025-03-20,34,5:40,5:40,NR2,reject,5.2594,nan,core-night value above noise band (old=5.259400)
clean-2025-v1,附件2,光伏发电实际功率,80,DG,2025-03-20,110,18:20,18:20,NR2,reject,5.5774,nan,core-night value above noise band (old=5.577400)
clean-2025-v1,附件2,光伏发电实际功率,80,DJ,2025-03-20,113,18:50,18:50,NR1,set_zero,0.4004,0,core-night zero-drift within noise band
clean-2025-v1,附件2,光伏发电实际功率,80,DM,2025-03-20,116,19:20,19:20,NR1,set_zero,0.0288,0,core-night zero-drift within noise band
clean-2025-v1,附件2,光伏发电实际功率,80,DP,2025-03-20,119,19:50,19:50,NR1,set_zero,0.0021,0,core-night zero-drift within noise band
clean-2025-v1,附件2,光伏发电实际功率,81,Z,2025-03-21,25,4:10,4:10,NR1,set_zero,0.0023,0,core-night zero-drift within noise band
clean-2025-v1,附件2,光伏发电实际功率,81,AC,2025-03-21,28,4:40,4:40,NR1,set_zero,0.0318,0,core-night zero-drift within noise band
clean-2025-v1,附件2,光伏发电实际功率,81,AF,2025-03-21,31,5:10,5:10,NR1,set_zero,0.4426,0,core-night zero-drift within noise band
clean-2025-v1,附件2,光伏发电实际功率,81,AI,2025-03-21,34,5:40,5:40,NR2,reject,6.1653,nan,core-night value above noise band (old=6.165300)
clean-2025-v1,附件2,光伏发电实际功率,81,DG,2025-03-21,110,18:20,18:20,NR2,reject,5.9984,nan,core-night value above noise band (old=5.998400)
clean-2025-v1,附件2,光伏发电实际功率,81,DJ,2025-03-21,113,18:50,18:50,NR1,set_zero,0.4307,0,core-night zero-drift within noise band
clean-2025-v1,附件2,光伏发电实际功率,81,DM,2025-03-21,116,19:20,19:20,NR1,set_zero,0.0309,0,core-night zero-drift within noise band
clean-2025-v1,附件2,光伏发电实际功率,81,DP,2025-03-21,119,19:50,19:50,NR1,set_zero,0.0022,0,core-night zero-drift within noise band
clean-2025-v1,附件2,光伏发电实际功率,82,Z,2025-03-22,25,4:10,4:10,NR1,set_zero,0.0027,0,core-night zero-drift within noise band
clean-2025-v1,附件2,光伏发电实际功率,82,AC,2025-03-22,28,4:40,4:40,NR1,set_zero,0.0376,0,core-night zero-drift within noise band
clean-2025-v1,附件2,光伏发电实际功率,82,AF,2025-03-22,31,5:10,5:10,NR1,set_zero,0.5234,0,core-night zero-drift within noise band
clean-2025-v1,附件2,光伏发电实际功率,82,AI,2025-03-22,34,5:40,5:40,NR2,reject,7.2902,nan,core-night value above noise band (old=7.290200)
clean-2025-v1,附件2,光伏发电实际功率,82,DG,2025-03-22,110,18:20,18:20,NR2,reject,7.3413,nan,core-night value above noise band (old=7.341300)
clean-2025-v1,附件2,光伏发电实际功率,82,DJ,2025-03-22,113,18:50,18:50,NR1,set_zero,0.5271,0,core-night zero-drift within noise band
clean-2025-v1,附件2,光伏发电实际功率,82,DM,2025-03-22,116,19:20,19:20,NR1,set_zero,0.0378,0,core-night zero-drift within noise band
clean-2025-v1,附件2,光伏发电实际功率,82,DP,2025-03-22,119,19:50,19:50,NR1,set_zero,0.0027,0,core-night zero-drift within noise band
clean-2025-v1,附件2,光伏发电实际功率,83,Z,2025-03-23,25,4:10,4:10,NR1,set_zero,0.0017,0,core-night zero-drift within noise band
clean-2025-v1,附件2,光伏发电实际功率,83,AC,2025-03-23,28,4:40,4:40,NR1,set_zero,0.0242,0,core-night zero-drift within noise band
clean-2025-v1,附件2,光伏发电实际功率,83,AF,2025-03-23,31,5:10,5:10,NR1,set_zero,0.3367,0,core-night zero-drift within noise band
clean-2025-v1,附件2,光伏发电实际功率,83,AI,2025-03-23,34,5:40,5:40,NR1,set_zero,4.689,0,core-night zero-drift within noise band
clean-2025-v1,附件2,光伏发电实际功率,83,DG,2025-03-23,110,18:20,18:20,NR2,reject,6.4551,nan,core-night value above noise band (old=6.455100)
clean-2025-v1,附件2,光伏发电实际功率,83,DJ,2025-03-23,113,18:50,18:50,NR1,set_zero,0.4635,0,core-night zero-drift within noise band
clean-2025-v1,附件2,光伏发电实际功率,83,DM,2025-03-23,116,19:20,19:20,NR1,set_zero,0.0333,0,core-night zero-drift within noise band
clean-2025-v1,附件2,光伏发电实际功率,83,DP,2025-03-23,119,19:50,19:50,NR1,set_zero,0.0024,0,core-night zero-drift within noise band
clean-2025-v1,附件2,光伏发电实际功率,84,Z,2025-03-24,25,4:10,4:10,NR1,set_zero,0.0017,0,core-night zero-drift within noise band
clean-2025-v1,附件2,光伏发电实际功率,84,AC,2025-03-24,28,4:40,4:40,NR1,set_zero,0.023,0,core-night zero-drift within noise band
clean-2025-v1,附件2,光伏发电实际功率,84,AF,2025-03-24,31,5:10,5:10,NR1,set_zero,0.3202,0,core-night zero-drift within noise band
clean-2025-v1,附件2,光伏发电实际功率,84,AI,2025-03-24,34,5:40,5:40,NR1,set_zero,4.4592,0,core-night zero-drift within noise band
clean-2025-v1,附件2,光伏发电实际功率,84,DG,2025-03-24,110,18:20,18:20,NR1,set_zero,4.5548,0,core-night zero-drift within noise band
clean-2025-v1,附件2,光伏发电实际功率,84,DJ,2025-03-24,113,18:50,18:50,NR1,set_zero,0.327,0,core-night zero-drift within noise band
clean-2025-v1,附件2,光伏发电实际功率,84,DM,2025-03-24,116,19:20,19:20,NR1,set_zero,0.0235,0,core-night zero-drift within noise band
clean-2025-v1,附件2,光伏发电实际功率,84,DP,2025-03-24,119,19:50,19:50,NR1,set_zero,0.0017,0,core-night zero-drift within noise band
clean-2025-v1,附件2,光伏发电实际功率,85,AC,2025-03-25,28,4:40,4:40,NR1,set_zero,0.0109,0,core-night zero-drift within noise band
clean-2025-v1,附件2,光伏发电实际功率,85,AF,2025-03-25,31,5:10,5:10,NR1,set_zero,0.1514,0,core-night zero-drift within noise band
clean-2025-v1,附件2,光伏发电实际功率,85,AI,2025-03-25,34,5:40,5:40,NR1,set_zero,2.1086,0,core-night zero-drift within noise band
clean-2025-v1,附件2,光伏发电实际功率,85,DG,2025-03-25,110,18:20,18:20,NR1,set_zero,2.8385,0,core-night zero-drift within noise band
clean-2025-v1,附件2,光伏发电实际功率,85,DJ,2025-03-25,113,18:50,18:50,NR1,set_zero,0.2038,0,core-night zero-drift within noise band
clean-2025-v1,附件2,光伏发电实际功率,85,DM,2025-03-25,116,19:20,19:20,NR1,set_zero,0.0146,0,core-night zero-drift within noise band
clean-2025-v1,附件2,光伏发电实际功率,85,DP,2025-03-25,119,19:50,19:50,NR1,set_zero,0.0011,0,core-night zero-drift within noise band
clean-2025-v1,附件2,光伏发电实际功率,86,AC,2025-03-26,28,4:40,4:40,NR1,set_zero,0.004,0,core-night zero-drift within noise band
clean-2025-v1,附件2,光伏发电实际功率,86,AF,2025-03-26,31,5:10,5:10,NR1,set_zero,0.0562,0,core-night zero-drift within noise band
clean-2025-v1,附件2,光伏发电实际功率,86,AI,2025-03-26,34,5:40,5:40,NR1,set_zero,0.7827,0,core-night zero-drift within noise band
clean-2025-v1,附件2,光伏发电实际功率,86,AJ,2025-03-26,35,5:50,5:50,NR1,set_zero,0.2731,0,core-night zero-drift within noise band
clean-2025-v1,附件2,光伏发电实际功率,86,DF,2025-03-26,109,18:10,18:10,NR1,set_zero,0.612,0,core-night zero-drift within noise band
clean-2025-v1,附件2,光伏发电实际功率,86,DG,2025-03-26,110,18:20,18:20,NR1,set_zero,0.7475,0,core-night zero-drift within noise band
clean-2025-v1,附件2,光伏发电实际功率,86,DJ,2025-03-26,113,18:50,18:50,NR1,set_zero,0.0537,0,core-night zero-drift within noise band
clean-2025-v1,附件2,光伏发电实际功率,86,DM,2025-03-26,116,19:20,19:20,NR1,set_zero,0.0039,0,core-night zero-drift within noise band
clean-2025-v1,附件2,光伏发电实际功率,87,AA,2025-03-27,26,4:20,4:20,NR1,set_zero,0.0017,0,core-night zero-drift within noise band
clean-2025-v1,附件2,光伏发电实际功率,87,AD,2025-03-27,29,4:50,4:50,NR1,set_zero,0.024,0,core-night zero-drift within noise band
clean-2025-v1,附件2,光伏发电实际功率,87,AG,2025-03-27,32,5:20,5:20,NR1,set_zero,0.3348,0,core-night zero-drift within noise band
clean-2025-v1,附件2,光伏发电实际功率,87,AJ,2025-03-27,35,5:50,5:50,NR2,reject,7.8315,nan,core-night value above noise band (old=7.831500)
clean-2025-v1,附件2,光伏发电实际功率,87,DF,2025-03-27,109,18:10,18:10,NR2,reject,6.7558,nan,core-night value above noise band (old=6.755800)
clean-2025-v1,附件2,光伏发电实际功率,87,DI,2025-03-27,112,18:40,18:40,NR1,set_zero,0.2594,0,core-night zero-drift within noise band
clean-2025-v1,附件2,光伏发电实际功率,87,DL,2025-03-27,115,19:10,19:10,NR1,set_zero,0.0186,0,core-night zero-drift within noise band
clean-2025-v1,附件2,光伏发电实际功率,87,DO,2025-03-27,118,19:40,19:40,NR1,set_zero,0.0013,0,core-night zero-drift within noise band
clean-2025-v1,附件2,光伏发电实际功率,88,AA,2025-03-28,26,4:20,4:20,NR1,set_zero,0.0039,0,core-night zero-drift within noise band
clean-2025-v1,附件2,光伏发电实际功率,88,AD,2025-03-28,29,4:50,4:50,NR1,set_zero,0.054,0,core-night zero-drift within noise band
clean-2025-v1,附件2,光伏发电实际功率,88,AG,2025-03-28,32,5:20,5:20,NR1,set_zero,0.7517,0,core-night zero-drift within noise band
clean-2025-v1,附件2,光伏发电实际功率,88,DI,2025-03-28,112,18:40,18:40,NR1,set_zero,0.6721,0,core-night zero-drift within noise band
clean-2025-v1,附件2,光伏发电实际功率,88,DL,2025-03-28,115,19:10,19:10,NR1,set_zero,0.0483,0,core-night zero-drift within noise band
clean-2025-v1,附件2,光伏发电实际功率,88,DO,2025-03-28,118,19:40,19:40,NR1,set_zero,0.0035,0,core-night zero-drift within noise band
clean-2025-v1,附件2,光伏发电实际功率,89,AA,2025-03-29,26,4:20,4:20,NR1,set_zero,0.0053,0,core-night zero-drift within noise band
clean-2025-v1,附件2,光伏发电实际功率,89,AD,2025-03-29,29,4:50,4:50,NR1,set_zero,0.0738,0,core-night zero-drift within noise band
clean-2025-v1,附件2,光伏发电实际功率,89,AG,2025-03-29,32,5:20,5:20,NR1,set_zero,1.028,0,core-night zero-drift within noise band
clean-2025-v1,附件2,光伏发电实际功率,89,DI,2025-03-29,112,18:40,18:40,NR1,set_zero,1.172,0,core-night zero-drift within noise band
clean-2025-v1,附件2,光伏发电实际功率,89,DL,2025-03-29,115,19:10,19:10,NR1,set_zero,0.0841,0,core-night zero-drift within noise band
clean-2025-v1,附件2,光伏发电实际功率,89,DO,2025-03-29,118,19:40,19:40,NR1,set_zero,0.006,0,core-night zero-drift within noise band
clean-2025-v1,附件2,光伏发电实际功率,90,AA,2025-03-30,26,4:20,4:20,NR1,set_zero,0.007,0,core-night zero-drift within noise band
clean-2025-v1,附件2,光伏发电实际功率,90,AD,2025-03-30,29,4:50,4:50,NR1,set_zero,0.097,0,core-night zero-drift within noise band
clean-2025-v1,附件2,光伏发电实际功率,90,AG,2025-03-30,32,5:20,5:20,NR1,set_zero,1.351,0,core-night zero-drift within noise band
clean-2025-v1,附件2,光伏发电实际功率,90,DI,2025-03-30,112,18:40,18:40,NR1,set_zero,1.4361,0,core-night zero-drift within noise band
clean-2025-v1,附件2,光伏发电实际功率,90,DL,2025-03-30,115,19:10,19:10,NR1,set_zero,0.1031,0,core-night zero-drift within noise band
clean-2025-v1,附件2,光伏发电实际功率,90,DO,2025-03-30,118,19:40,19:40,NR1,set_zero,0.0074,0,core-night zero-drift within noise band
clean-2025-v1,附件2,光伏发电实际功率,91,AA,2025-03-31,26,4:20,4:20,NR1,set_zero,0.0088,0,core-night zero-drift within noise band
clean-2025-v1,附件2,光伏发电实际功率,91,AD,2025-03-31,29,4:50,4:50,NR1,set_zero,0.1222,0,core-night zero-drift within noise band
clean-2025-v1,附件2,光伏发电实际功率,91,AG,2025-03-31,32,5:20,5:20,NR1,set_zero,1.7015,0,core-night zero-drift within noise band
clean-2025-v1,附件2,光伏发电实际功率,91,DI,2025-03-31,112,18:40,18:40,NR1,set_zero,1.6299,0,core-night zero-drift within noise band
clean-2025-v1,附件2,光伏发电实际功率,91,DL,2025-03-31,115,19:10,19:10,NR1,set_zero,0.117,0,core-night zero-drift within noise band
clean-2025-v1,附件2,光伏发电实际功率,91,DO,2025-03-31,118,19:40,19:40,NR1,set_zero,0.0084,0,core-night zero-drift within noise band
clean-2025-v1,附件2,光伏发电实际功率,92,AA,2025-04-01,26,4:20,4:20,NR1,set_zero,0.0118,0,core-night zero-drift within noise band
clean-2025-v1,附件2,光伏发电实际功率,92,AD,2025-04-01,29,4:50,4:50,NR1,set_zero,0.1641,0,core-night zero-drift within noise band
clean-2025-v1,附件2,光伏发电实际功率,92,AG,2025-04-01,32,5:20,5:20,NR1,set_zero,2.285,0,core-night zero-drift within noise band
clean-2025-v1,附件2,光伏发电实际功率,92,DI,2025-04-01,112,18:40,18:40,NR1,set_zero,2.362,0,core-night zero-drift within noise band
clean-2025-v1,附件2,光伏发电实际功率,92,DL,2025-04-01,115,19:10,19:10,NR1,set_zero,0.1696,0,core-night zero-drift within noise band
clean-2025-v1,附件2,光伏发电实际功率,92,DO,2025-04-01,118,19:40,19:40,NR1,set_zero,0.0122,0,core-night zero-drift within noise band
clean-2025-v1,附件2,光伏发电实际功率,93,AA,2025-04-02,26,4:20,4:20,NR1,set_zero,0.0119,0,core-night zero-drift within noise band
clean-2025-v1,附件2,光伏发电实际功率,93,AD,2025-04-02,29,4:50,4:50,NR1,set_zero,0.1654,0,core-night zero-drift within noise band
clean-2025-v1,附件2,光伏发电实际功率,93,AG,2025-04-02,32,5:20,5:20,NR1,set_zero,2.3037,0,core-night zero-drift within noise band
clean-2025-v1,附件2,光伏发电实际功率,93,DI,2025-04-02,112,18:40,18:40,NR1,set_zero,2.8489,0,core-night zero-drift within noise band
clean-2025-v1,附件2,光伏发电实际功率,93,DL,2025-04-02,115,19:10,19:10,NR1,set_zero,0.2045,0,core-night zero-drift within noise band
clean-2025-v1,附件2,光伏发电实际功率,93,DO,2025-04-02,118,19:40,19:40,NR1,set_zero,0.0147,0,core-night zero-drift within noise band
clean-2025-v1,附件2,光伏发电实际功率,93,DR,2025-04-02,121,20:10,20:10,NR1,set_zero,0.0011,0,core-night zero-drift within noise band
clean-2025-v1,附件2,光伏发电实际功率,94,X,2025-04-03,23,3:50,3:50,NR1,set_zero,0.001,0,core-night zero-drift within noise band
clean-2025-v1,附件2,光伏发电实际功率,94,AA,2025-04-03,26,4:20,4:20,NR1,set_zero,0.0145,0,core-night zero-drift within noise band
clean-2025-v1,附件2,光伏发电实际功率,94,AD,2025-04-03,29,4:50,4:50,NR1,set_zero,0.2018,0,core-night zero-drift within noise band
clean-2025-v1,附件2,光伏发电实际功率,94,AG,2025-04-03,32,5:20,5:20,NR1,set_zero,2.8101,0,core-night zero-drift within noise band
clean-2025-v1,附件2,光伏发电实际功率,94,DI,2025-04-03,112,18:40,18:40,NR1,set_zero,2.8826,0,core-night zero-drift within noise band
clean-2025-v1,附件2,光伏发电实际功率,94,DL,2025-04-03,115,19:10,19:10,NR1,set_zero,0.207,0,core-night zero-drift within noise band
clean-2025-v1,附件2,光伏发电实际功率,94,DO,2025-04-03,118,19:40,19:40,NR1,set_zero,0.0149,0,core-night zero-drift within noise band
clean-2025-v1,附件2,光伏发电实际功率,94,DR,2025-04-03,121,20:10,20:10,NR1,set_zero,0.0011,0,core-night zero-drift within noise band
clean-2025-v1,附件2,光伏发电实际功率,95,X,2025-04-04,23,3:50,3:50,NR1,set_zero,0.0013,0,core-night zero-drift within noise band
clean-2025-v1,附件2,光伏发电实际功率,95,AA,2025-04-04,26,4:20,4:20,NR1,set_zero,0.0176,0,core-night zero-drift within noise band
clean-2025-v1,附件2,光伏发电实际功率,95,AD,2025-04-04,29,4:50,4:50,NR1,set_zero,0.2453,0,core-night zero-drift within noise band
clean-2025-v1,附件2,光伏发电实际功率,95,AG,2025-04-04,32,5:20,5:20,NR1,set_zero,3.4164,0,core-night zero-drift within noise band
clean-2025-v1,附件2,光伏发电实际功率,95,DI,2025-04-04,112,18:40,18:40,NR1,set_zero,3.8534,0,core-night zero-drift within noise band
clean-2025-v1,附件2,光伏发电实际功率,95,DL,2025-04-04,115,19:10,19:10,NR1,set_zero,0.2767,0,core-night zero-drift within noise band
clean-2025-v1,附件2,光伏发电实际功率,95,DO,2025-04-04,118,19:40,19:40,NR1,set_zero,0.0199,0,core-night zero-drift within noise band
clean-2025-v1,附件2,光伏发电实际功率,95,DR,2025-04-04,121,20:10,20:10,NR1,set_zero,0.0014,0,core-night zero-drift within noise band
clean-2025-v1,附件2,光伏发电实际功率,96,X,2025-04-05,23,3:50,3:50,NR1,set_zero,0.0014,0,core-night zero-drift within noise band
clean-2025-v1,附件2,光伏发电实际功率,96,AA,2025-04-05,26,4:20,4:20,NR1,set_zero,0.0194,0,core-night zero-drift within noise band
clean-2025-v1,附件2,光伏发电实际功率,96,AD,2025-04-05,29,4:50,4:50,NR1,set_zero,0.2708,0,core-night zero-drift within noise band
clean-2025-v1,附件2,光伏发电实际功率,96,AG,2025-04-05,32,5:20,5:20,NR1,set_zero,3.7721,0,core-night zero-drift within noise band
clean-2025-v1,附件2,光伏发电实际功率,96,DI,2025-04-05,112,18:40,18:40,NR1,set_zero,3.815,0,core-night zero-drift within noise band
clean-2025-v1,附件2,光伏发电实际功率,96,DL,2025-04-05,115,19:10,19:10,NR1,set_zero,0.2739,0,core-night zero-drift within noise band
clean-2025-v1,附件2,光伏发电实际功率,96,DO,2025-04-05,118,19:40,19:40,NR1,set_zero,0.0197,0,core-night zero-drift within noise band
clean-2025-v1,附件2,光伏发电实际功率,96,DR,2025-04-05,121,20:10,20:10,NR1,set_zero,0.0014,0,core-night zero-drift within noise band
clean-2025-v1,附件2,光伏发电实际功率,97,X,2025-04-06,23,3:50,3:50,NR1,set_zero,0.0016,0,core-night zero-drift within noise band
clean-2025-v1,附件2,光伏发电实际功率,97,AA,2025-04-06,26,4:20,4:20,NR1,set_zero,0.0225,0,core-night zero-drift within noise band
clean-2025-v1,附件2,光伏发电实际功率,97,AD,2025-04-06,29,4:50,4:50,NR1,set_zero,0.313,0,core-night zero-drift within noise band
clean-2025-v1,附件2,光伏发电实际功率,97,AG,2025-04-06,32,5:20,5:20,NR1,set_zero,4.3592,0,core-night zero-drift within noise band
clean-2025-v1,附件2,光伏发电实际功率,97,DI,2025-04-06,112,18:40,18:40,NR1,set_zero,4.2239,0,core-night zero-drift within noise band
clean-2025-v1,附件2,光伏发电实际功率,97,DL,2025-04-06,115,19:10,19:10,NR1,set_zero,0.3033,0,core-night zero-drift within noise band
clean-2025-v1,附件2,光伏发电实际功率,97,DO,2025-04-06,118,19:40,19:40,NR1,set_zero,0.0218,0,core-night zero-drift within noise band
clean-2025-v1,附件2,光伏发电实际功率,97,DR,2025-04-06,121,20:10,20:10,NR1,set_zero,0.0016,0,core-night zero-drift within noise band
clean-2025-v1,附件2,光伏发电实际功率,98,X,2025-04-07,23,3:50,3:50,NR1,set_zero,0.0018,0,core-night zero-drift within noise band
clean-2025-v1,附件2,光伏发电实际功率,98,AA,2025-04-07,26,4:20,4:20,NR1,set_zero,0.0246,0,core-night zero-drift within noise band
clean-2025-v1,附件2,光伏发电实际功率,98,AD,2025-04-07,29,4:50,4:50,NR1,set_zero,0.3427,0,core-night zero-drift within noise band
clean-2025-v1,附件2,光伏发电实际功率,98,AG,2025-04-07,32,5:20,5:20,NR1,set_zero,4.7732,0,core-night zero-drift within noise band
clean-2025-v1,附件2,光伏发电实际功率,98,DI,2025-04-07,112,18:40,18:40,NR1,set_zero,3.7196,0,core-night zero-drift within noise band
clean-2025-v1,附件2,光伏发电实际功率,98,DL,2025-04-07,115,19:10,19:10,NR1,set_zero,0.2671,0,core-night zero-drift within noise band
clean-2025-v1,附件2,光伏发电实际功率,98,DO,2025-04-07,118,19:40,19:40,NR1,set_zero,0.0192,0,core-night zero-drift within noise band
clean-2025-v1,附件2,光伏发电实际功率,98,DR,2025-04-07,121,20:10,20:10,NR1,set_zero,0.0014,0,core-night zero-drift within noise band
clean-2025-v1,附件2,光伏发电实际功率,99,X,2025-04-08,23,3:50,3:50,NR1,set_zero,0.0011,0,core-night zero-drift within noise band
clean-2025-v1,附件2,光伏发电实际功率,99,AA,2025-04-08,26,4:20,4:20,NR1,set_zero,0.016,0,core-night zero-drift within noise band
clean-2025-v1,附件2,光伏发电实际功率,99,AD,2025-04-08,29,4:50,4:50,NR1,set_zero,0.2223,0,core-night zero-drift within noise band
clean-2025-v1,附件2,光伏发电实际功率,99,AG,2025-04-08,32,5:20,5:20,NR1,set_zero,3.096,0,core-night zero-drift within noise band
clean-2025-v1,附件2,光伏发电实际功率,99,DI,2025-04-08,112,18:40,18:40,NR1,set_zero,2.8212,0,core-night zero-drift within noise band
clean-2025-v1,附件2,光伏发电实际功率,99,DL,2025-04-08,115,19:10,19:10,NR1,set_zero,0.2026,0,core-night zero-drift within noise band
clean-2025-v1,附件2,光伏发电实际功率,99,DO,2025-04-08,118,19:40,19:40,NR1,set_zero,0.0145,0,core-night zero-drift within noise band
clean-2025-v1,附件2,光伏发电实际功率,99,DR,2025-04-08,121,20:10,20:10,NR1,set_zero,0.001,0,core-night zero-drift within noise band
clean-2025-v1,附件2,光伏发电实际功率,100,AA,2025-04-09,26,4:20,4:20,NR1,set_zero,0.0107,0,core-night zero-drift within noise band
clean-2025-v1,附件2,光伏发电实际功率,100,AD,2025-04-09,29,4:50,4:50,NR1,set_zero,0.1494,0,core-night zero-drift within noise band
clean-2025-v1,附件2,光伏发电实际功率,100,AG,2025-04-09,32,5:20,5:20,NR1,set_zero,2.0814,0,core-night zero-drift within noise band
clean-2025-v1,附件2,光伏发电实际功率,100,DI,2025-04-09,112,18:40,18:40,NR1,set_zero,2.1975,0,core-night zero-drift within noise band
clean-2025-v1,附件2,光伏发电实际功率,100,DL,2025-04-09,115,19:10,19:10,NR1,set_zero,0.1578,0,core-night zero-drift within noise band
clean-2025-v1,附件2,光伏发电实际功率,100,DO,2025-04-09,118,19:40,19:40,NR1,set_zero,0.0113,0,core-night zero-drift within noise band
clean-2025-v1,附件2,光伏发电实际功率,101,AA,2025-04-10,26,4:20,4:20,NR1,set_zero,0.0039,0,core-night zero-drift within noise band
clean-2025-v1,附件2,光伏发电实际功率,101,AD,2025-04-10,29,4:50,4:50,NR1,set_zero,0.0541,0,core-night zero-drift within noise band
clean-2025-v1,附件2,光伏发电实际功率,101,AG,2025-04-10,32,5:20,5:20,NR1,set_zero,0.7538,0,core-night zero-drift within noise band
clean-2025-v1,附件2,光伏发电实际功率,101,DI,2025-04-10,112,18:40,18:40,NR1,set_zero,0.9651,0,core-night zero-drift within noise band
clean-2025-v1,附件2,光伏发电实际功率,101,DL,2025-04-10,115,19:10,19:10,NR1,set_zero,0.0693,0,core-night zero-drift within noise band
clean-2025-v1,附件2,光伏发电实际功率,101,DO,2025-04-10,118,19:40,19:40,NR1,set_zero,0.005,0,core-night zero-drift within noise band
clean-2025-v1,附件2,光伏发电实际功率,102,AA,2025-04-11,26,4:20,4:20,NR1,set_zero,0.0025,0,core-night zero-drift within noise band
clean-2025-v1,附件2,光伏发电实际功率,102,AD,2025-04-11,29,4:50,4:50,NR1,set_zero,0.0344,0,core-night zero-drift within noise band
clean-2025-v1,附件2,光伏发电实际功率,102,AG,2025-04-11,32,5:20,5:20,NR1,set_zero,0.4798,0,core-night zero-drift within noise band
clean-2025-v1,附件2,光伏发电实际功率,102,DI,2025-04-11,112,18:40,18:40,NR1,set_zero,0.5316,0,core-night zero-drift within noise band
clean-2025-v1,附件2,光伏发电实际功率,102,DL,2025-04-11,115,19:10,19:10,NR1,set_zero,0.0382,0,core-night zero-drift within noise band
clean-2025-v1,附件2,光伏发电实际功率,102,DO,2025-04-11,118,19:40,19:40,NR1,set_zero,0.0027,0,core-night zero-drift within noise band
clean-2025-v1,附件2,光伏发电实际功率,103,Z,2025-04-12,25,4:10,4:10,NR1,set_zero,0.0024,0,core-night zero-drift within noise band
clean-2025-v1,附件2,光伏发电实际功率,103,AC,2025-04-12,28,4:40,4:40,NR1,set_zero,0.0333,0,core-night zero-drift within noise band
clean-2025-v1,附件2,光伏发电实际功率,103,AF,2025-04-12,31,5:10,5:10,NR1,set_zero,0.4637,0,core-night zero-drift within noise band
clean-2025-v1,附件2,光伏发电实际功率,103,DJ,2025-04-12,113,18:50,18:50,NR1,set_zero,0.3708,0,core-night zero-drift within noise band
clean-2025-v1,附件2,光伏发电实际功率,103,DM,2025-04-12,116,19:20,19:20,NR1,set_zero,0.0266,0,core-night zero-drift within noise band
clean-2025-v1,附件2,光伏发电实际功率,103,DP,2025-04-12,119,19:50,19:50,NR1,set_zero,0.0019,0,core-night zero-drift within noise band
clean-2025-v1,附件2,光伏发电实际功率,104,Z,2025-04-13,25,4:10,4:10,NR1,set_zero,0.0046,0,core-night zero-drift within noise band
clean-2025-v1,附件2,光伏发电实际功率,104,AC,2025-04-13,28,4:40,4:40,NR1,set_zero,0.0642,0,core-night zero-drift within noise band
clean-2025-v1,附件2,光伏发电实际功率,104,AF,2025-04-13,31,5:10,5:10,NR1,set_zero,0.8942,0,core-night zero-drift within noise band
clean-2025-v1,附件2,光伏发电实际功率,104,DJ,2025-04-13,113,18:50,18:50,NR1,set_zero,0.9643,0,core-night zero-drift within noise band
clean-2025-v1,附件2,光伏发电实际功率,104,DM,2025-04-13,116,19:20,19:20,NR1,set_zero,0.0692,0,core-night zero-drift within noise band
clean-2025-v1,附件2,光伏发电实际功率,104,DP,2025-04-13,119,19:50,19:50,NR1,set_zero,0.005,0,core-night zero-drift within noise band
clean-2025-v1,附件2,光伏发电实际功率,105,Z,2025-04-14,25,4:10,4:10,NR1,set_zero,0.0074,0,core-night zero-drift within noise band
clean-2025-v1,附件2,光伏发电实际功率,105,AC,2025-04-14,28,4:40,4:40,NR1,set_zero,0.1033,0,core-night zero-drift within noise band
clean-2025-v1,附件2,光伏发电实际功率,105,AF,2025-04-14,31,5:10,5:10,NR1,set_zero,1.4392,0,core-night zero-drift within noise band
clean-2025-v1,附件2,光伏发电实际功率,105,DJ,2025-04-14,113,18:50,18:50,NR1,set_zero,1.3796,0,core-night zero-drift within noise band
clean-2025-v1,附件2,光伏发电实际功率,105,DM,2025-04-14,116,19:20,19:20,NR1,set_zero,0.0991,0,core-night zero-drift within noise band
clean-2025-v1,附件2,光伏发电实际功率,105,DP,2025-04-14,119,19:50,19:50,NR1,set_zero,0.0071,0,core-night zero-drift within noise band
clean-2025-v1,附件2,光伏发电实际功率,106,Z,2025-04-15,25,4:10,4:10,NR1,set_zero,0.0083,0,core-night zero-drift within noise band
clean-2025-v1,附件2,光伏发电实际功率,106,AC,2025-04-15,28,4:40,4:40,NR1,set_zero,0.1156,0,core-night zero-drift within noise band
clean-2025-v1,附件2,光伏发电实际功率,106,AF,2025-04-15,31,5:10,5:10,NR1,set_zero,1.61,0,core-night zero-drift within noise band
clean-2025-v1,附件2,光伏发电实际功率,106,DJ,2025-04-15,113,18:50,18:50,NR1,set_zero,1.8818,0,core-night zero-drift within noise band
clean-2025-v1,附件2,光伏发电实际功率,106,DM,2025-04-15,116,19:20,19:20,NR1,set_zero,0.1351,0,core-night zero-drift within noise band
clean-2025-v1,附件2,光伏发电实际功率,106,DP,2025-04-15,119,19:50,19:50,NR1,set_zero,0.0097,0,core-night zero-drift within noise band
clean-2025-v1,附件2,光伏发电实际功率,107,Z,2025-04-16,25,4:10,4:10,NR1,set_zero,0.0128,0,core-night zero-drift within noise band
clean-2025-v1,附件2,光伏发电实际功率,107,AC,2025-04-16,28,4:40,4:40,NR1,set_zero,0.1783,0,core-night zero-drift within noise band
clean-2025-v1,附件2,光伏发电实际功率,107,AF,2025-04-16,31,5:10,5:10,NR1,set_zero,2.483,0,core-night zero-drift within noise band
clean-2025-v1,附件2,光伏发电实际功率,107,DJ,2025-04-16,113,18:50,18:50,NR1,set_zero,2.8747,0,core-night zero-drift within noise band
clean-2025-v1,附件2,光伏发电实际功率,107,DM,2025-04-16,116,19:20,19:20,NR1,set_zero,0.2064,0,core-night zero-drift within noise band
clean-2025-v1,附件2,光伏发电实际功率,107,DP,2025-04-16,119,19:50,19:50,NR1,set_zero,0.0148,0,core-night zero-drift within noise band
clean-2025-v1,附件2,光伏发电实际功率,107,DS,2025-04-16,122,20:20,20:20,NR1,set_zero,0.0011,0,core-night zero-drift within noise band
clean-2025-v1,附件2,光伏发电实际功率,108,W,2025-04-17,22,3:40,3:40,NR1,set_zero,0.0012,0,core-night zero-drift within noise band
clean-2025-v1,附件2,光伏发电实际功率,108,Z,2025-04-17,25,4:10,4:10,NR1,set_zero,0.0164,0,core-night zero-drift within noise band
clean-2025-v1,附件2,光伏发电实际功率,108,AC,2025-04-17,28,4:40,4:40,NR1,set_zero,0.2281,0,core-night zero-drift within noise band
clean-2025-v1,附件2,光伏发电实际功率,108,AF,2025-04-17,31,5:10,5:10,NR1,set_zero,3.1771,0,core-night zero-drift within noise band
clean-2025-v1,附件2,光伏发电实际功率,108,DJ,2025-04-17,113,18:50,18:50,NR1,set_zero,2.7337,0,core-night zero-drift within noise band
clean-2025-v1,附件2,光伏发电实际功率,108,DM,2025-04-17,116,19:20,19:20,NR1,set_zero,0.1963,0,core-night zero-drift within noise band
clean-2025-v1,附件2,光伏发电实际功率,108,DP,2025-04-17,119,19:50,19:50,NR1,set_zero,0.0141,0,core-night zero-drift within noise band
clean-2025-v1,附件2,光伏发电实际功率,108,DS,2025-04-17,122,20:20,20:20,NR1,set_zero,0.001,0,core-night zero-drift within noise band
clean-2025-v1,附件2,光伏发电实际功率,109,W,2025-04-18,22,3:40,3:40,NR1,set_zero,0.0012,0,core-night zero-drift within noise band
clean-2025-v1,附件2,光伏发电实际功率,109,Z,2025-04-18,25,4:10,4:10,NR1,set_zero,0.0167,0,core-night zero-drift within noise band
clean-2025-v1,附件2,光伏发电实际功率,109,AC,2025-04-18,28,4:40,4:40,NR1,set_zero,0.2331,0,core-night zero-drift within noise band
clean-2025-v1,附件2,光伏发电实际功率,109,AF,2025-04-18,31,5:10,5:10,NR1,set_zero,3.2464,0,core-night zero-drift within noise band
clean-2025-v1,附件2,光伏发电实际功率,109,DJ,2025-04-18,113,18:50,18:50,NR1,set_zero,3.6282,0,core-night zero-drift within noise band
clean-2025-v1,附件2,光伏发电实际功率,109,DM,2025-04-18,116,19:20,19:20,NR1,set_zero,0.2605,0,core-night zero-drift within noise band
clean-2025-v1,附件2,光伏发电实际功率,109,DP,2025-04-18,119,19:50,19:50,NR1,set_zero,0.0187,0,core-night zero-drift within noise band
clean-2025-v1,附件2,光伏发电实际功率,109,DS,2025-04-18,122,20:20,20:20,NR1,set_zero,0.0013,0,core-night zero-drift within noise band
clean-2025-v1,附件2,光伏发电实际功率,110,W,2025-04-19,22,3:40,3:40,NR1,set_zero,0.0017,0,core-night zero-drift within noise band
clean-2025-v1,附件2,光伏发电实际功率,110,Z,2025-04-19,25,4:10,4:10,NR1,set_zero,0.0243,0,core-night zero-drift within noise band
clean-2025-v1,附件2,光伏发电实际功率,110,AC,2025-04-19,28,4:40,4:40,NR1,set_zero,0.3388,0,core-night zero-drift within noise band
clean-2025-v1,附件2,光伏发电实际功率,110,AF,2025-04-19,31,5:10,5:10,NR1,set_zero,4.7188,0,core-night zero-drift within noise band
clean-2025-v1,附件2,光伏发电实际功率,110,DJ,2025-04-19,113,18:50,18:50,NR1,set_zero,4.3433,0,core-night zero-drift within noise band
clean-2025-v1,附件2,光伏发电实际功率,110,DM,2025-04-19,116,19:20,19:20,NR1,set_zero,0.3118,0,core-night zero-drift within noise band
clean-2025-v1,附件2,光伏发电实际功率,110,DP,2025-04-19,119,19:50,19:50,NR1,set_zero,0.0224,0,core-night zero-drift within noise band
clean-2025-v1,附件2,光伏发电实际功率,110,DS,2025-04-19,122,20:20,20:20,NR1,set_zero,0.0016,0,core-night zero-drift within noise band
clean-2025-v1,附件2,光伏发电实际功率,111,W,2025-04-20,22,3:40,3:40,NR1,set_zero,0.0017,0,core-night zero-drift within noise band
clean-2025-v1,附件2,光伏发电实际功率,111,Z,2025-04-20,25,4:10,4:10,NR1,set_zero,0.0236,0,core-night zero-drift within noise band
clean-2025-v1,附件2,光伏发电实际功率,111,AC,2025-04-20,28,4:40,4:40,NR1,set_zero,0.3289,0,core-night zero-drift within noise band
clean-2025-v1,附件2,光伏发电实际功率,111,AF,2025-04-20,31,5:10,5:10,NR1,set_zero,4.5804,0,core-night zero-drift within noise band
clean-2025-v1,附件2,光伏发电实际功率,111,DJ,2025-04-20,113,18:50,18:50,NR1,set_zero,4.8187,0,core-night zero-drift within noise band
clean-2025-v1,附件2,光伏发电实际功率,111,DM,2025-04-20,116,19:20,19:20,NR1,set_zero,0.346,0,core-night zero-drift within noise band
clean-2025-v1,附件2,光伏发电实际功率,111,DP,2025-04-20,119,19:50,19:50,NR1,set_zero,0.0248,0,core-night zero-drift within noise band
clean-2025-v1,附件2,光伏发电实际功率,111,DS,2025-04-20,122,20:20,20:20,NR1,set_zero,0.0018,0,core-night zero-drift within noise band
clean-2025-v1,附件2,光伏发电实际功率,112,W,2025-04-21,22,3:40,3:40,NR1,set_zero,0.0021,0,core-night zero-drift within noise band
clean-2025-v1,附件2,光伏发电实际功率,112,Z,2025-04-21,25,4:10,4:10,NR1,set_zero,0.0295,0,core-night zero-drift within noise band
clean-2025-v1,附件2,光伏发电实际功率,112,AC,2025-04-21,28,4:40,4:40,NR1,set_zero,0.4106,0,core-night zero-drift within noise band
clean-2025-v1,附件2,光伏发电实际功率,112,AF,2025-04-21,31,5:10,5:10,NR2,reject,5.7192,nan,core-night value above noise band (old=5.719200)
clean-2025-v1,附件2,光伏发电实际功率,112,DJ,2025-04-21,113,18:50,18:50,NR2,reject,6.4383,nan,core-night value above noise band (old=6.438300)
clean-2025-v1,附件2,光伏发电实际功率,112,DM,2025-04-21,116,19:20,19:20,NR1,set_zero,0.4623,0,core-night zero-drift within noise band
clean-2025-v1,附件2,光伏发电实际功率,112,DP,2025-04-21,119,19:50,19:50,NR1,set_zero,0.0332,0,core-night zero-drift within noise band
clean-2025-v1,附件2,光伏发电实际功率,112,DS,2025-04-21,122,20:20,20:20,NR1,set_zero,0.0024,0,core-night zero-drift within noise band
clean-2025-v1,附件2,光伏发电实际功率,113,W,2025-04-22,22,3:40,3:40,NR1,set_zero,0.0021,0,core-night zero-drift within noise band
clean-2025-v1,附件2,光伏发电实际功率,113,Z,2025-04-22,25,4:10,4:10,NR1,set_zero,0.0289,0,core-night zero-drift within noise band
clean-2025-v1,附件2,光伏发电实际功率,113,AC,2025-04-22,28,4:40,4:40,NR1,set_zero,0.402,0,core-night zero-drift within noise band
clean-2025-v1,附件2,光伏发电实际功率,113,AF,2025-04-22,31,5:10,5:10,NR2,reject,5.5988,nan,core-night value above noise band (old=5.598800)
clean-2025-v1,附件2,光伏发电实际功率,113,DJ,2025-04-22,113,18:50,18:50,NR2,reject,6.3522,nan,core-night value above noise band (old=6.352200)
clean-2025-v1,附件2,光伏发电实际功率,113,DM,2025-04-22,116,19:20,19:20,NR1,set_zero,0.4561,0,core-night zero-drift within noise band
clean-2025-v1,附件2,光伏发电实际功率,113,DP,2025-04-22,119,19:50,19:50,NR1,set_zero,0.0327,0,core-night zero-drift within noise band
clean-2025-v1,附件2,光伏发电实际功率,113,DS,2025-04-22,122,20:20,20:20,NR1,set_zero,0.0024,0,core-night zero-drift within noise band
clean-2025-v1,附件2,光伏发电实际功率,114,W,2025-04-23,22,3:40,3:40,NR1,set_zero,0.0019,0,core-night zero-drift within noise band
clean-2025-v1,附件2,光伏发电实际功率,114,Z,2025-04-23,25,4:10,4:10,NR1,set_zero,0.0271,0,core-night zero-drift within noise band
clean-2025-v1,附件2,光伏发电实际功率,114,AC,2025-04-23,28,4:40,4:40,NR1,set_zero,0.3769,0,core-night zero-drift within noise band
clean-2025-v1,附件2,光伏发电实际功率,114,AF,2025-04-23,31,5:10,5:10,NR2,reject,5.25,nan,core-night value above noise band (old=5.250000)
clean-2025-v1,附件2,光伏发电实际功率,114,AH,2025-04-23,33,5:30,5:30,NR5,flag,3.1875,3.1875,"shoulder weak signal, excluded from sigma estimation"
clean-2025-v1,附件2,光伏发电实际功率,114,DH,2025-04-23,111,18:30,18:30,NR5,flag,3.3,3.3,"shoulder weak signal, excluded from sigma estimation"
clean-2025-v1,附件2,光伏发电实际功率,114,DJ,2025-04-23,113,18:50,18:50,NR2,reject,6.5643,nan,core-night value above noise band (old=6.564300)
clean-2025-v1,附件2,光伏发电实际功率,114,DM,2025-04-23,116,19:20,19:20,NR1,set_zero,0.4713,0,core-night zero-drift within noise band
clean-2025-v1,附件2,光伏发电实际功率,114,DP,2025-04-23,119,19:50,19:50,NR1,set_zero,0.0338,0,core-night zero-drift within noise band
clean-2025-v1,附件2,光伏发电实际功率,114,DS,2025-04-23,122,20:20,20:20,NR1,set_zero,0.0024,0,core-night zero-drift within noise band
clean-2025-v1,附件2,光伏发电实际功率,115,W,2025-04-24,22,3:40,3:40,NR1,set_zero,0.0017,0,core-night zero-drift within noise band
clean-2025-v1,附件2,光伏发电实际功率,115,Z,2025-04-24,25,4:10,4:10,NR1,set_zero,0.023,0,core-night zero-drift within noise band
clean-2025-v1,附件2,光伏发电实际功率,115,AC,2025-04-24,28,4:40,4:40,NR1,set_zero,0.3202,0,core-night zero-drift within noise band
clean-2025-v1,附件2,光伏发电实际功率,115,AF,2025-04-24,31,5:10,5:10,NR1,set_zero,4.4591,0,core-night zero-drift within noise band
clean-2025-v1,附件2,光伏发电实际功率,115,DJ,2025-04-24,113,18:50,18:50,NR2,reject,5.0417,nan,core-night value above noise band (old=5.041700)
clean-2025-v1,附件2,光伏发电实际功率,115,DM,2025-04-24,116,19:20,19:20,NR1,set_zero,0.362,0,core-night zero-drift within noise band
clean-2025-v1,附件2,光伏发电实际功率,115,DP,2025-04-24,119,19:50,19:50,NR1,set_zero,0.026,0,core-night zero-drift within noise band
clean-2025-v1,附件2,光伏发电实际功率,115,DS,2025-04-24,122,20:20,20:20,NR1,set_zero,0.0019,0,core-night zero-drift within noise band
clean-2025-v1,附件2,光伏发电实际功率,116,W,2025-04-25,22,3:40,3:40,NR1,set_zero,0.0015,0,core-night zero-drift within noise band
clean-2025-v1,附件2,光伏发电实际功率,116,Z,2025-04-25,25,4:10,4:10,NR1,set_zero,0.021,0,core-night zero-drift within noise band
clean-2025-v1,附件2,光伏发电实际功率,116,AC,2025-04-25,28,4:40,4:40,NR1,set_zero,0.2919,0,core-night zero-drift within noise band
clean-2025-v1,附件2,光伏发电实际功率,116,AF,2025-04-25,31,5:10,5:10,NR1,set_zero,4.0662,0,core-night zero-drift within noise band
clean-2025-v1,附件2,光伏发电实际功率,116,DJ,2025-04-25,113,18:50,18:50,NR1,set_zero,3.9249,0,core-night zero-drift within noise band
clean-2025-v1,附件2,光伏发电实际功率,116,DM,2025-04-25,116,19:20,19:20,NR1,set_zero,0.2818,0,core-night zero-drift within noise band
clean-2025-v1,附件2,光伏发电实际功率,116,DP,2025-04-25,119,19:50,19:50,NR1,set_zero,0.0202,0,core-night zero-drift within noise band
clean-2025-v1,附件2,光伏发电实际功率,116,DS,2025-04-25,122,20:20,20:20,NR1,set_zero,0.0015,0,core-night zero-drift within noise band
clean-2025-v1,附件2,光伏发电实际功率,117,Z,2025-04-26,25,4:10,4:10,NR1,set_zero,0.0116,0,core-night zero-drift within noise band
clean-2025-v1,附件2,光伏发电实际功率,117,AC,2025-04-26,28,4:40,4:40,NR1,set_zero,0.1622,0,core-night zero-drift within noise band
clean-2025-v1,附件2,光伏发电实际功率,117,AF,2025-04-26,31,5:10,5:10,NR1,set_zero,2.2589,0,core-night zero-drift within noise band
clean-2025-v1,附件2,光伏发电实际功率,117,DJ,2025-04-26,113,18:50,18:50,NR1,set_zero,2.5757,0,core-night zero-drift within noise band
clean-2025-v1,附件2,光伏发电实际功率,117,DM,2025-04-26,116,19:20,19:20,NR1,set_zero,0.1849,0,core-night zero-drift within noise band
clean-2025-v1,附件2,光伏发电实际功率,117,DP,2025-04-26,119,19:50,19:50,NR1,set_zero,0.0133,0,core-night zero-drift within noise band
clean-2025-v1,附件2,光伏发电实际功率,118,Z,2025-04-27,25,4:10,4:10,NR1,set_zero,0.0039,0,core-night zero-drift within noise band
clean-2025-v1,附件2,光伏发电实际功率,118,AC,2025-04-27,28,4:40,4:40,NR1,set_zero,0.0538,0,core-night zero-drift within noise band
clean-2025-v1,附件2,光伏发电实际功率,118,AF,2025-04-27,31,5:10,5:10,NR1,set_zero,0.7492,0,core-night zero-drift within noise band
clean-2025-v1,附件2,光伏发电实际功率,118,AG,2025-04-27,32,5:20,5:20,NR1,set_zero,0.2315,0,core-night zero-drift within noise band
clean-2025-v1,附件2,光伏发电实际功率,118,DI,2025-04-27,112,18:40,18:40,NR1,set_zero,1.635,0,core-night zero-drift within noise band
clean-2025-v1,附件2,光伏发电实际功率,118,DJ,2025-04-27,113,18:50,18:50,NR1,set_zero,0.1285,0,core-night zero-drift within noise band
clean-2025-v1,附件2,光伏发电实际功率,118,DM,2025-04-27,116,19:20,19:20,NR1,set_zero,0.0092,0,core-night zero-drift within noise band
clean-2025-v1,附件2,光伏发电实际功率,119,AA,2025-04-28,26,4:20,4:20,NR1,set_zero,0.0051,0,core-night zero-drift within noise band
clean-2025-v1,附件2,光伏发电实际功率,119,AD,2025-04-28,29,4:50,4:50,NR1,set_zero,0.0713,0,core-night zero-drift within noise band
clean-2025-v1,附件2,光伏发电实际功率,119,AG,2025-04-28,32,5:20,5:20,NR1,set_zero,3.4366,0,core-night zero-drift within noise band
clean-2025-v1,附件2,光伏发电实际功率,119,DI,2025-04-28,112,18:40,18:40,NR2,reject,5.545,nan,core-night value above noise band (old=5.545000)
clean-2025-v1,附件2,光伏发电实际功率,119,DL,2025-04-28,115,19:10,19:10,NR1,set_zero,0.2024,0,core-night zero-drift within noise band
clean-2025-v1,附件2,光伏发电实际功率,119,DO,2025-04-28,118,19:40,19:40,NR1,set_zero,0.0145,0,core-night zero-drift within noise band
clean-2025-v1,附件2,光伏发电实际功率,119,DR,2025-04-28,121,20:10,20:10,NR1,set_zero,0.001,0,core-night zero-drift within noise band
clean-2025-v1,附件2,光伏发电实际功率,120,X,2025-04-29,23,3:50,3:50,NR1,set_zero,0.002,0,core-night zero-drift within noise band
clean-2025-v1,附件2,光伏发电实际功率,120,AA,2025-04-29,26,4:20,4:20,NR1,set_zero,0.0273,0,core-night zero-drift within noise band
clean-2025-v1,附件2,光伏发电实际功率,120,AD,2025-04-29,29,4:50,4:50,NR1,set_zero,0.3801,0,core-night zero-drift within noise band
clean-2025-v1,附件2,光伏发电实际功率,120,AG,2025-04-29,32,5:20,5:20,NR2,reject,8.5693,nan,core-night value above noise band (old=8.569300)
clean-2025-v1,附件2,光伏发电实际功率,120,DI,2025-04-29,112,18:40,18:40,NR2,reject,9.6728,nan,core-night value above noise band (old=9.672800)
clean-2025-v1,附件2,光伏发电实际功率,120,DL,2025-04-29,115,19:10,19:10,NR1,set_zero,0.4863,0,core-night zero-drift within noise band
clean-2025-v1,附件2,光伏发电实际功率,120,DO,2025-04-29,118,19:40,19:40,NR1,set_zero,0.0349,0,core-night zero-drift within noise band
clean-2025-v1,附件2,光伏发电实际功率,120,DR,2025-04-29,121,20:10,20:10,NR1,set_zero,0.0025,0,core-night zero-drift within noise band
clean-2025-v1,附件2,光伏发电实际功率,121,X,2025-04-30,23,3:50,3:50,NR1,set_zero,0.004,0,core-night zero-drift within noise band
clean-2025-v1,附件2,光伏发电实际功率,121,AA,2025-04-30,26,4:20,4:20,NR1,set_zero,0.0552,0,core-night zero-drift within noise band
clean-2025-v1,附件2,光伏发电实际功率,121,AD,2025-04-30,29,4:50,4:50,NR1,set_zero,0.7688,0,core-night zero-drift within noise band
clean-2025-v1,附件2,光伏发电实际功率,121,DL,2025-04-30,115,19:10,19:10,NR1,set_zero,0.5695,0,core-night zero-drift within noise band
clean-2025-v1,附件2,光伏发电实际功率,121,DO,2025-04-30,118,19:40,19:40,NR1,set_zero,0.0409,0,core-night zero-drift within noise band
clean-2025-v1,附件2,光伏发电实际功率,121,DR,2025-04-30,121,20:10,20:10,NR1,set_zero,0.0029,0,core-night zero-drift within noise band
clean-2025-v1,附件2,光伏发电实际功率,122,X,2025-05-01,23,3:50,3:50,NR1,set_zero,0.0055,0,core-night zero-drift within noise band
clean-2025-v1,附件2,光伏发电实际功率,122,AA,2025-05-01,26,4:20,4:20,NR1,set_zero,0.0762,0,core-night zero-drift within noise band
clean-2025-v1,附件2,光伏发电实际功率,122,AD,2025-05-01,29,4:50,4:50,NR1,set_zero,1.0616,0,core-night zero-drift within noise band
clean-2025-v1,附件2,光伏发电实际功率,122,DL,2025-05-01,115,19:10,19:10,NR1,set_zero,0.9934,0,core-night zero-drift within noise band
clean-2025-v1,附件2,光伏发电实际功率,122,DO,2025-05-01,118,19:40,19:40,NR1,set_zero,0.0713,0,core-night zero-drift within noise band
clean-2025-v1,附件2,光伏发电实际功率,122,DR,2025-05-01,121,20:10,20:10,NR1,set_zero,0.0051,0,core-night zero-drift within noise band
clean-2025-v1,附件2,光伏发电实际功率,123,X,2025-05-02,23,3:50,3:50,NR1,set_zero,0.004,0,core-night zero-drift within noise band
clean-2025-v1,附件2,光伏发电实际功率,123,AA,2025-05-02,26,4:20,4:20,NR1,set_zero,0.0557,0,core-night zero-drift within noise band
clean-2025-v1,附件2,光伏发电实际功率,123,AD,2025-05-02,29,4:50,4:50,NR1,set_zero,0.7759,0,core-night zero-drift within noise band
clean-2025-v1,附件2,光伏发电实际功率,123,DL,2025-05-02,115,19:10,19:10,NR1,set_zero,1.2732,0,core-night zero-drift within noise band
clean-2025-v1,附件2,光伏发电实际功率,123,DO,2025-05-02,118,19:40,19:40,NR1,set_zero,0.0914,0,core-night zero-drift within noise band
clean-2025-v1,附件2,光伏发电实际功率,123,DR,2025-05-02,121,20:10,20:10,NR1,set_zero,0.0066,0,core-night zero-drift within noise band
clean-2025-v1,附件2,光伏发电实际功率,124,X,2025-05-03,23,3:50,3:50,NR1,set_zero,0.0073,0,core-night zero-drift within noise band
clean-2025-v1,附件2,光伏发电实际功率,124,AA,2025-05-03,26,4:20,4:20,NR1,set_zero,0.1022,0,core-night zero-drift within noise band
clean-2025-v1,附件2,光伏发电实际功率,124,AD,2025-05-03,29,4:50,4:50,NR1,set_zero,1.4237,0,core-night zero-drift within noise band
clean-2025-v1,附件2,光伏发电实际功率,124,DL,2025-05-03,115,19:10,19:10,NR1,set_zero,1.4625,0,core-night zero-drift within noise band
clean-2025-v1,附件2,光伏发电实际功率,124,DO,2025-05-03,118,19:40,19:40,NR1,set_zero,0.105,0,core-night zero-drift within noise band
clean-2025-v1,附件2,光伏发电实际功率,124,DR,2025-05-03,121,20:10,20:10,NR1,set_zero,0.0075,0,core-night zero-drift within noise band
clean-2025-v1,附件2,光伏发电实际功率,125,X,2025-05-04,23,3:50,3:50,NR1,set_zero,0.0108,0,core-night zero-drift within noise band
clean-2025-v1,附件2,光伏发电实际功率,125,AA,2025-05-04,26,4:20,4:20,NR1,set_zero,0.1509,0,core-night zero-drift within noise band
clean-2025-v1,附件2,光伏发电实际功率,125,AD,2025-05-04,29,4:50,4:50,NR1,set_zero,2.1024,0,core-night zero-drift within noise band
clean-2025-v1,附件2,光伏发电实际功率,125,DL,2025-05-04,115,19:10,19:10,NR1,set_zero,1.7129,0,core-night zero-drift within noise band
clean-2025-v1,附件2,光伏发电实际功率,125,DO,2025-05-04,118,19:40,19:40,NR1,set_zero,0.123,0,core-night zero-drift within noise band
clean-2025-v1,附件2,光伏发电实际功率,125,DR,2025-05-04,121,20:10,20:10,NR1,set_zero,0.0088,0,core-night zero-drift within noise band
clean-2025-v1,附件2,光伏发电实际功率,126,X,2025-05-05,23,3:50,3:50,NR1,set_zero,0.0104,0,core-night zero-drift within noise band
clean-2025-v1,附件2,光伏发电实际功率,126,AA,2025-05-05,26,4:20,4:20,NR1,set_zero,0.1455,0,core-night zero-drift within noise band
clean-2025-v1,附件2,光伏发电实际功率,126,AD,2025-05-05,29,4:50,4:50,NR1,set_zero,2.0259,0,core-night zero-drift within noise band
clean-2025-v1,附件2,光伏发电实际功率,126,DL,2025-05-05,115,19:10,19:10,NR1,set_zero,1.9754,0,core-night zero-drift within noise band
clean-2025-v1,附件2,光伏发电实际功率,126,DO,2025-05-05,118,19:40,19:40,NR1,set_zero,0.1418,0,core-night zero-drift within noise band
clean-2025-v1,附件2,光伏发电实际功率,126,DR,2025-05-05,121,20:10,20:10,NR1,set_zero,0.0102,0,core-night zero-drift within noise band
clean-2025-v1,附件2,光伏发电实际功率,127,X,2025-05-06,23,3:50,3:50,NR1,set_zero,0.0113,0,core-night zero-drift within noise band
clean-2025-v1,附件2,光伏发电实际功率,127,AA,2025-05-06,26,4:20,4:20,NR1,set_zero,0.1579,0,core-night zero-drift within noise band
clean-2025-v1,附件2,光伏发电实际功率,127,AD,2025-05-06,29,4:50,4:50,NR1,set_zero,2.1991,0,core-night zero-drift within noise band
clean-2025-v1,附件2,光伏发电实际功率,127,DL,2025-05-06,115,19:10,19:10,NR1,set_zero,2.3587,0,core-night zero-drift within noise band
clean-2025-v1,附件2,光伏发电实际功率,127,DO,2025-05-06,118,19:40,19:40,NR1,set_zero,0.1693,0,core-night zero-drift within noise band
clean-2025-v1,附件2,光伏发电实际功率,127,DR,2025-05-06,121,20:10,20:10,NR1,set_zero,0.0122,0,core-night zero-drift within noise band
clean-2025-v1,附件2,光伏发电实际功率,128,X,2025-05-07,23,3:50,3:50,NR1,set_zero,0.0118,0,core-night zero-drift within noise band
clean-2025-v1,附件2,光伏发电实际功率,128,AA,2025-05-07,26,4:20,4:20,NR1,set_zero,0.1637,0,core-night zero-drift within noise band
clean-2025-v1,附件2,光伏发电实际功率,128,AD,2025-05-07,29,4:50,4:50,NR1,set_zero,2.2796,0,core-night zero-drift within noise band
clean-2025-v1,附件2,光伏发电实际功率,128,DL,2025-05-07,115,19:10,19:10,NR1,set_zero,2.0827,0,core-night zero-drift within noise band
clean-2025-v1,附件2,光伏发电实际功率,128,DO,2025-05-07,118,19:40,19:40,NR1,set_zero,0.1495,0,core-night zero-drift within noise band
clean-2025-v1,附件2,光伏发电实际功率,128,DR,2025-05-07,121,20:10,20:10,NR1,set_zero,0.0107,0,core-night zero-drift within noise band
clean-2025-v1,附件2,光伏发电实际功率,129,U,2025-05-08,20,3:20,3:20,NR1,set_zero,0.0011,0,core-night zero-drift within noise band
clean-2025-v1,附件2,光伏发电实际功率,129,X,2025-05-08,23,3:50,3:50,NR1,set_zero,0.0155,0,core-night zero-drift within noise band
clean-2025-v1,附件2,光伏发电实际功率,129,AA,2025-05-08,26,4:20,4:20,NR1,set_zero,0.2153,0,core-night zero-drift within noise band
clean-2025-v1,附件2,光伏发电实际功率,129,AD,2025-05-08,29,4:50,4:50,NR1,set_zero,2.9991,0,core-night zero-drift within noise band
clean-2025-v1,附件2,光伏发电实际功率,129,DL,2025-05-08,115,19:10,19:10,NR1,set_zero,2.6947,0,core-night zero-drift within noise band
clean-2025-v1,附件2,光伏发电实际功率,129,DO,2025-05-08,118,19:40,19:40,NR1,set_zero,0.1935,0,core-night zero-drift within noise band
clean-2025-v1,附件2,光伏发电实际功率,129,DR,2025-05-08,121,20:10,20:10,NR1,set_zero,0.0139,0,core-night zero-drift within noise band
clean-2025-v1,附件2,光伏发电实际功率,130,U,2025-05-09,20,3:20,3:20,NR1,set_zero,0.0011,0,core-night zero-drift within noise band
clean-2025-v1,附件2,光伏发电实际功率,130,X,2025-05-09,23,3:50,3:50,NR1,set_zero,0.0151,0,core-night zero-drift within noise band
clean-2025-v1,附件2,光伏发电实际功率,130,AA,2025-05-09,26,4:20,4:20,NR1,set_zero,0.2104,0,core-night zero-drift within noise band
clean-2025-v1,附件2,光伏发电实际功率,130,AD,2025-05-09,29,4:50,4:50,NR1,set_zero,2.9306,0,core-night zero-drift within noise band
clean-2025-v1,附件2,光伏发电实际功率,130,DL,2025-05-09,115,19:10,19:10,NR1,set_zero,3.0226,0,core-night zero-drift within noise band
clean-2025-v1,附件2,光伏发电实际功率,130,DO,2025-05-09,118,19:40,19:40,NR1,set_zero,0.217,0,core-night zero-drift within noise band
clean-2025-v1,附件2,光伏发电实际功率,130,DR,2025-05-09,121,20:10,20:10,NR1,set_zero,0.0156,0,core-night zero-drift within noise band
clean-2025-v1,附件2,光伏发电实际功率,130,DU,2025-05-09,124,20:40,20:40,NR1,set_zero,0.0011,0,core-night zero-drift within noise band
clean-2025-v1,附件2,光伏发电实际功率,131,U,2025-05-10,20,3:20,3:20,NR1,set_zero,0.0015,0,core-night zero-drift within noise band
clean-2025-v1,附件2,光伏发电实际功率,131,X,2025-05-10,23,3:50,3:50,NR1,set_zero,0.0207,0,core-night zero-drift within noise band
clean-2025-v1,附件2,光伏发电实际功率,131,AA,2025-05-10,26,4:20,4:20,NR1,set_zero,0.2885,0,core-night zero-drift within noise band
clean-2025-v1,附件2,光伏发电实际功率,131,AD,2025-05-10,29,4:50,4:50,NR1,set_zero,4.0176,0,core-night zero-drift within noise band
clean-2025-v1,附件2,光伏发电实际功率,131,DL,2025-05-10,115,19:10,19:10,NR1,set_zero,3.4078,0,core-night zero-drift within noise band
clean-2025-v1,附件2,光伏发电实际功率,131,DO,2025-05-10,118,19:40,19:40,NR1,set_zero,0.2447,0,core-night zero-drift within noise band
clean-2025-v1,附件2,光伏发电实际功率,131,DR,2025-05-10,121,20:10,20:10,NR1,set_zero,0.0176,0,core-night zero-drift within noise band
clean-2025-v1,附件2,光伏发电实际功率,131,DU,2025-05-10,124,20:40,20:40,NR1,set_zero,0.0013,0,core-night zero-drift within noise band
clean-2025-v1,附件2,光伏发电实际功率,132,U,2025-05-11,20,3:20,3:20,NR1,set_zero,0.0016,0,core-night zero-drift within noise band
clean-2025-v1,附件2,光伏发电实际功率,132,X,2025-05-11,23,3:50,3:50,NR1,set_zero,0.0218,0,core-night zero-drift within noise band
clean-2025-v1,附件2,光伏发电实际功率,132,AA,2025-05-11,26,4:20,4:20,NR1,set_zero,0.3034,0,core-night zero-drift within noise band
clean-2025-v1,附件2,光伏发电实际功率,132,AD,2025-05-11,29,4:50,4:50,NR1,set_zero,4.2252,0,core-night zero-drift within noise band
clean-2025-v1,附件2,光伏发电实际功率,132,DL,2025-05-11,115,19:10,19:10,NR1,set_zero,4.4353,0,core-night zero-drift within noise band
clean-2025-v1,附件2,光伏发电实际功率,132,DO,2025-05-11,118,19:40,19:40,NR1,set_zero,0.3184,0,core-night zero-drift within noise band
clean-2025-v1,附件2,光伏发电实际功率,132,DR,2025-05-11,121,20:10,20:10,NR1,set_zero,0.0229,0,core-night zero-drift within noise band
clean-2025-v1,附件2,光伏发电实际功率,132,DU,2025-05-11,124,20:40,20:40,NR1,set_zero,0.0016,0,core-night zero-drift within noise band
clean-2025-v1,附件2,光伏发电实际功率,133,U,2025-05-12,20,3:20,3:20,NR1,set_zero,0.0014,0,core-night zero-drift within noise band
clean-2025-v1,附件2,光伏发电实际功率,133,X,2025-05-12,23,3:50,3:50,NR1,set_zero,0.0188,0,core-night zero-drift within noise band
clean-2025-v1,附件2,光伏发电实际功率,133,AA,2025-05-12,26,4:20,4:20,NR1,set_zero,0.2624,0,core-night zero-drift within noise band
clean-2025-v1,附件2,光伏发电实际功率,133,AD,2025-05-12,29,4:50,4:50,NR1,set_zero,3.6545,0,core-night zero-drift within noise band
clean-2025-v1,附件2,光伏发电实际功率,133,DL,2025-05-12,115,19:10,19:10,NR1,set_zero,3.1306,0,core-night zero-drift within noise band
clean-2025-v1,附件2,光伏发电实际功率,133,DO,2025-05-12,118,19:40,19:40,NR1,set_zero,0.2248,0,core-night zero-drift within noise band
clean-2025-v1,附件2,光伏发电实际功率,133,DR,2025-05-12,121,20:10,20:10,NR1,set_zero,0.0161,0,core-night zero-drift within noise band
clean-2025-v1,附件2,光伏发电实际功率,133,DU,2025-05-12,124,20:40,20:40,NR1,set_zero,0.0012,0,core-night zero-drift within noise band
clean-2025-v1,附件2,光伏发电实际功率,134,U,2025-05-13,20,3:20,3:20,NR1,set_zero,0.0012,0,core-night zero-drift within noise band
clean-2025-v1,附件2,光伏发电实际功率,134,X,2025-05-13,23,3:50,3:50,NR1,set_zero,0.0172,0,core-night zero-drift within noise band
clean-2025-v1,附件2,光伏发电实际功率,134,AA,2025-05-13,26,4:20,4:20,NR1,set_zero,0.24,0,core-night zero-drift within noise band
clean-2025-v1,附件2,光伏发电实际功率,134,AD,2025-05-13,29,4:50,4:50,NR1,set_zero,3.3435,0,core-night zero-drift within noise band
clean-2025-v1,附件2,光伏发电实际功率,134,DL,2025-05-13,115,19:10,19:10,NR1,set_zero,2.9273,0,core-night zero-drift within noise band
clean-2025-v1,附件2,光伏发电实际功率,134,DO,2025-05-13,118,19:40,19:40,NR1,set_zero,0.2102,0,core-night zero-drift within noise band
clean-2025-v1,附件2,光伏发电实际功率,134,DR,2025-05-13,121,20:10,20:10,NR1,set_zero,0.0151,0,core-night zero-drift within noise band
clean-2025-v1,附件2,光伏发电实际功率,134,DU,2025-05-13,124,20:40,20:40,NR1,set_zero,0.0011,0,core-night zero-drift within noise band
clean-2025-v1,附件2,光伏发电实际功率,135,X,2025-05-14,23,3:50,3:50,NR1,set_zero,0.0114,0,core-night zero-drift within noise band
clean-2025-v1,附件2,光伏发电实际功率,135,AA,2025-05-14,26,4:20,4:20,NR1,set_zero,0.1595,0,core-night zero-drift within noise band
clean-2025-v1,附件2,光伏发电实际功率,135,AD,2025-05-14,29,4:50,4:50,NR1,set_zero,2.221,0,core-night zero-drift within noise band
clean-2025-v1,附件2,光伏发电实际功率,135,DL,2025-05-14,115,19:10,19:10,NR1,set_zero,2.3309,0,core-night zero-drift within noise band
clean-2025-v1,附件2,光伏发电实际功率,135,DO,2025-05-14,118,19:40,19:40,NR1,set_zero,0.1674,0,core-night zero-drift within noise band
clean-2025-v1,附件2,光伏发电实际功率,135,DR,2025-05-14,121,20:10,20:10,NR1,set_zero,0.012,0,core-night zero-drift within noise band
clean-2025-v1,附件2,光伏发电实际功率,136,X,2025-05-15,23,3:50,3:50,NR1,set_zero,0.0081,0,core-night zero-drift within noise band
clean-2025-v1,附件2,光伏发电实际功率,136,AA,2025-05-15,26,4:20,4:20,NR1,set_zero,0.1132,0,core-night zero-drift within noise band
clean-2025-v1,附件2,光伏发电实际功率,136,AD,2025-05-15,29,4:50,4:50,NR1,set_zero,1.5773,0,core-night zero-drift within noise band
clean-2025-v1,附件2,光伏发电实际功率,136,AF,2025-05-15,31,5:10,5:10,NR5,flag,2.5297,2.5297,"shoulder weak signal, excluded from sigma estimation"
clean-2025-v1,附件2,光伏发电实际功率,136,DJ,2025-05-15,113,18:50,18:50,NR4,set_zero,0.7582,0,shoulder sub-kW noise
clean-2025-v1,附件2,光伏发电实际功率,136,DL,2025-05-15,115,19:10,19:10,NR1,set_zero,1.8161,0,core-night zero-drift within noise band
clean-2025-v1,附件2,光伏发电实际功率,136,DO,2025-05-15,118,19:40,19:40,NR1,set_zero,0.1304,0,core-night zero-drift within noise band
clean-2025-v1,附件2,光伏发电实际功率,136,DR,2025-05-15,121,20:10,20:10,NR1,set_zero,0.0094,0,core-night zero-drift within noise band
clean-2025-v1,附件2,光伏发电实际功率,137,X,2025-05-16,23,3:50,3:50,NR1,set_zero,0.0077,0,core-night zero-drift within noise band
clean-2025-v1,附件2,光伏发电实际功率,137,AA,2025-05-16,26,4:20,4:20,NR1,set_zero,0.1072,0,core-night zero-drift within noise band
clean-2025-v1,附件2,光伏发电实际功率,137,AD,2025-05-16,29,4:50,4:50,NR1,set_zero,1.4937,0,core-night zero-drift within noise band
clean-2025-v1,附件2,光伏发电实际功率,137,AF,2025-05-16,31,5:10,5:10,NR5,flag,4.5461,4.5461,"shoulder weak signal, excluded from sigma estimation"
clean-2025-v1,附件2,光伏发电实际功率,137,DL,2025-05-16,115,19:10,19:10,NR1,set_zero,0.9975,0,core-night zero-drift within noise band
clean-2025-v1,附件2,光伏发电实际功率,137,DO,2025-05-16,118,19:40,19:40,NR1,set_zero,0.0716,0,core-night zero-drift within noise band
clean-2025-v1,附件2,光伏发电实际功率,137,DR,2025-05-16,121,20:10,20:10,NR1,set_zero,0.0051,0,core-night zero-drift within noise band
clean-2025-v1,附件2,光伏发电实际功率,138,X,2025-05-17,23,3:50,3:50,NR1,set_zero,0.0031,0,core-night zero-drift within noise band
clean-2025-v1,附件2,光伏发电实际功率,138,AA,2025-05-17,26,4:20,4:20,NR1,set_zero,0.0432,0,core-night zero-drift within noise band
clean-2025-v1,附件2,光伏发电实际功率,138,AD,2025-05-17,29,4:50,4:50,NR1,set_zero,0.6019,0,core-night zero-drift within noise band
clean-2025-v1,附件2,光伏发电实际功率,138,DL,2025-05-17,115,19:10,19:10,NR1,set_zero,0.6001,0,core-night zero-drift within noise band
clean-2025-v1,附件2,光伏发电实际功率,138,DO,2025-05-17,118,19:40,19:40,NR1,set_zero,0.0431,0,core-night zero-drift within noise band
clean-2025-v1,附件2,光伏发电实际功率,138,DR,2025-05-17,121,20:10,20:10,NR1,set_zero,0.0031,0,core-night zero-drift within noise band
clean-2025-v1,附件2,光伏发电实际功率,139,Z,2025-05-18,25,4:10,4:10,NR1,set_zero,0.0113,0,core-night zero-drift within noise band
clean-2025-v1,附件2,光伏发电实际功率,139,AC,2025-05-18,28,4:40,4:40,NR1,set_zero,0.1569,0,core-night zero-drift within noise band
clean-2025-v1,附件2,光伏发电实际功率,139,DL,2025-05-18,115,19:10,19:10,NR1,set_zero,0.2331,0,core-night zero-drift within noise band
clean-2025-v1,附件2,光伏发电实际功率,139,DO,2025-05-18,118,19:40,19:40,NR1,set_zero,0.0167,0,core-night zero-drift within noise band
clean-2025-v1,附件2,光伏发电实际功率,139,DR,2025-05-18,121,20:10,20:10,NR1,set_zero,0.0012,0,core-night zero-drift within noise band
clean-2025-v1,附件2,光伏发电实际功率,140,W,2025-05-19,22,3:40,3:40,NR1,set_zero,0.0025,0,core-night zero-drift within noise band
clean-2025-v1,附件2,光伏发电实际功率,140,Z,2025-05-19,25,4:10,4:10,NR1,set_zero,0.0351,0,core-night zero-drift within noise band
clean-2025-v1,附件2,光伏发电实际功率,140,AC,2025-05-19,28,4:40,4:40,NR1,set_zero,0.4887,0,core-night zero-drift within noise band
clean-2025-v1,附件2,光伏发电实际功率,140,DM,2025-05-19,116,19:20,19:20,NR1,set_zero,0.413,0,core-night zero-drift within noise band
clean-2025-v1,附件2,光伏发电实际功率,140,DP,2025-05-19,119,19:50,19:50,NR1,set_zero,0.0297,0,core-night zero-drift within noise band
clean-2025-v1,附件2,光伏发电实际功率,140,DS,2025-05-19,122,20:20,20:20,NR1,set_zero,0.0021,0,core-night zero-drift within noise band
clean-2025-v1,附件2,光伏发电实际功率,141,W,2025-05-20,22,3:40,3:40,NR1,set_zero,0.0043,0,core-night zero-drift within noise band
clean-2025-v1,附件2,光伏发电实际功率,141,Z,2025-05-20,25,4:10,4:10,NR1,set_zero,0.0605,0,core-night zero-drift within noise band
clean-2025-v1,附件2,光伏发电实际功率,141,AC,2025-05-20,28,4:40,4:40,NR1,set_zero,0.8428,0,core-night zero-drift within noise band
clean-2025-v1,附件2,光伏发电实际功率,141,DM,2025-05-20,116,19:20,19:20,NR1,set_zero,0.7106,0,core-night zero-drift within noise band
clean-2025-v1,附件2,光伏发电实际功率,141,DP,2025-05-20,119,19:50,19:50,NR1,set_zero,0.051,0,core-night zero-drift within noise band
clean-2025-v1,附件2,光伏发电实际功率,141,DS,2025-05-20,122,20:20,20:20,NR1,set_zero,0.0037,0,core-night zero-drift within noise band
clean-2025-v1,附件2,光伏发电实际功率,142,W,2025-05-21,22,3:40,3:40,NR1,set_zero,0.0041,0,core-night zero-drift within noise band
clean-2025-v1,附件2,光伏发电实际功率,142,Z,2025-05-21,25,4:10,4:10,NR1,set_zero,0.0564,0,core-night zero-drift within noise band
clean-2025-v1,附件2,光伏发电实际功率,142,AC,2025-05-21,28,4:40,4:40,NR1,set_zero,0.7859,0,core-night zero-drift within noise band
clean-2025-v1,附件2,光伏发电实际功率,142,DM,2025-05-21,116,19:20,19:20,NR1,set_zero,0.8065,0,core-night zero-drift within noise band
clean-2025-v1,附件2,光伏发电实际功率,142,DP,2025-05-21,119,19:50,19:50,NR1,set_zero,0.0579,0,core-night zero-drift within noise band
clean-2025-v1,附件2,光伏发电实际功率,142,DS,2025-05-21,122,20:20,20:20,NR1,set_zero,0.0042,0,core-night zero-drift within noise band
clean-2025-v1,附件2,光伏发电实际功率,143,W,2025-05-22,22,3:40,3:40,NR1,set_zero,0.0054,0,core-night zero-drift within noise band
clean-2025-v1,附件2,光伏发电实际功率,143,Z,2025-05-22,25,4:10,4:10,NR1,set_zero,0.0746,0,core-night zero-drift within noise band
clean-2025-v1,附件2,光伏发电实际功率,143,AC,2025-05-22,28,4:40,4:40,NR1,set_zero,1.0393,0,core-night zero-drift within noise band
clean-2025-v1,附件2,光伏发电实际功率,143,DM,2025-05-22,116,19:20,19:20,NR1,set_zero,1.1393,0,core-night zero-drift within noise band
clean-2025-v1,附件2,光伏发电实际功率,143,DP,2025-05-22,119,19:50,19:50,NR1,set_zero,0.0818,0,core-night zero-drift within noise band
clean-2025-v1,附件2,光伏发电实际功率,143,DS,2025-05-22,122,20:20,20:20,NR1,set_zero,0.0059,0,core-night zero-drift within noise band
clean-2025-v1,附件2,光伏发电实际功率,144,W,2025-05-23,22,3:40,3:40,NR1,set_zero,0.0067,0,core-night zero-drift within noise band
clean-2025-v1,附件2,光伏发电实际功率,144,Z,2025-05-23,25,4:10,4:10,NR1,set_zero,0.0936,0,core-night zero-drift within noise band
clean-2025-v1,附件2,光伏发电实际功率,144,AC,2025-05-23,28,4:40,4:40,NR1,set_zero,1.3034,0,core-night zero-drift within noise band
clean-2025-v1,附件2,光伏发电实际功率,144,DM,2025-05-23,116,19:20,19:20,NR1,set_zero,1.6546,0,core-night zero-drift within noise band
clean-2025-v1,附件2,光伏发电实际功率,144,DP,2025-05-23,119,19:50,19:50,NR1,set_zero,0.1188,0,core-night zero-drift within noise band
clean-2025-v1,附件2,光伏发电实际功率,144,DS,2025-05-23,122,20:20,20:20,NR1,set_zero,0.0085,0,core-night zero-drift within noise band
clean-2025-v1,附件2,光伏发电实际功率,145,W,2025-05-24,22,3:40,3:40,NR1,set_zero,0.0102,0,core-night zero-drift within noise band
clean-2025-v1,附件2,光伏发电实际功率,145,Z,2025-05-24,25,4:10,4:10,NR1,set_zero,0.1424,0,core-night zero-drift within noise band
clean-2025-v1,附件2,光伏发电实际功率,145,AC,2025-05-24,28,4:40,4:40,NR1,set_zero,1.9829,0,core-night zero-drift within noise band
clean-2025-v1,附件2,光伏发电实际功率,145,DM,2025-05-24,116,19:20,19:20,NR1,set_zero,1.697,0,core-night zero-drift within noise band
clean-2025-v1,附件2,光伏发电实际功率,145,DP,2025-05-24,119,19:50,19:50,NR1,set_zero,0.1218,0,core-night zero-drift within noise band
clean-2025-v1,附件2,光伏发电实际功率,145,DS,2025-05-24,122,20:20,20:20,NR1,set_zero,0.0087,0,core-night zero-drift within noise band
clean-2025-v1,附件2,光伏发电实际功率,146,W,2025-05-25,22,3:40,3:40,NR1,set_zero,0.0106,0,core-night zero-drift within noise band
clean-2025-v1,附件2,光伏发电实际功率,146,Z,2025-05-25,25,4:10,4:10,NR1,set_zero,0.1478,0,core-night zero-drift within noise band
clean-2025-v1,附件2,光伏发电实际功率,146,AC,2025-05-25,28,4:40,4:40,NR1,set_zero,2.0579,0,core-night zero-drift within noise band
clean-2025-v1,附件2,光伏发电实际功率,146,DM,2025-05-25,116,19:20,19:20,NR1,set_zero,1.852,0,core-night zero-drift within noise band
clean-2025-v1,附件2,光伏发电实际功率,146,DP,2025-05-25,119,19:50,19:50,NR1,set_zero,0.133,0,core-night zero-drift within noise band
clean-2025-v1,附件2,光伏发电实际功率,146,DS,2025-05-25,122,20:20,20:20,NR1,set_zero,0.0095,0,core-night zero-drift within noise band
clean-2025-v1,附件2,光伏发电实际功率,147,W,2025-05-26,22,3:40,3:40,NR1,set_zero,0.0119,0,core-night zero-drift within noise band
clean-2025-v1,附件2,光伏发电实际功率,147,Z,2025-05-26,25,4:10,4:10,NR1,set_zero,0.1656,0,core-night zero-drift within noise band
clean-2025-v1,附件2,光伏发电实际功率,147,AC,2025-05-26,28,4:40,4:40,NR1,set_zero,2.3071,0,core-night zero-drift within noise band
clean-2025-v1,附件2,光伏发电实际功率,147,DM,2025-05-26,116,19:20,19:20,NR1,set_zero,2.2635,0,core-night zero-drift within noise band
clean-2025-v1,附件2,光伏发电实际功率,147,DP,2025-05-26,119,19:50,19:50,NR1,set_zero,0.1625,0,core-night zero-drift within noise band
clean-2025-v1,附件2,光伏发电实际功率,147,DS,2025-05-26,122,20:20,20:20,NR1,set_zero,0.0117,0,core-night zero-drift within noise band
clean-2025-v1,附件2,光伏发电实际功率,148,W,2025-05-27,22,3:40,3:40,NR1,set_zero,0.0128,0,core-night zero-drift within noise band
clean-2025-v1,附件2,光伏发电实际功率,148,Z,2025-05-27,25,4:10,4:10,NR1,set_zero,0.1786,0,core-night zero-drift within noise band
clean-2025-v1,附件2,光伏发电实际功率,148,AC,2025-05-27,28,4:40,4:40,NR1,set_zero,2.487,0,core-night zero-drift within noise band
clean-2025-v1,附件2,光伏发电实际功率,148,DM,2025-05-27,116,19:20,19:20,NR1,set_zero,2.3672,0,core-night zero-drift within noise band
clean-2025-v1,附件2,光伏发电实际功率,148,DP,2025-05-27,119,19:50,19:50,NR1,set_zero,0.17,0,core-night zero-drift within noise band
clean-2025-v1,附件2,光伏发电实际功率,148,DS,2025-05-27,122,20:20,20:20,NR1,set_zero,0.0122,0,core-night zero-drift within noise band
clean-2025-v1,附件2,光伏发电实际功率,149,W,2025-05-28,22,3:40,3:40,NR1,set_zero,0.0131,0,core-night zero-drift within noise band
clean-2025-v1,附件2,光伏发电实际功率,149,Z,2025-05-28,25,4:10,4:10,NR1,set_zero,0.1829,0,core-night zero-drift within noise band
clean-2025-v1,附件2,光伏发电实际功率,149,AC,2025-05-28,28,4:40,4:40,NR1,set_zero,2.5468,0,core-night zero-drift within noise band
clean-2025-v1,附件2,光伏发电实际功率,149,DM,2025-05-28,116,19:20,19:20,NR1,set_zero,2.5934,0,core-night zero-drift within noise band
clean-2025-v1,附件2,光伏发电实际功率,149,DP,2025-05-28,119,19:50,19:50,NR1,set_zero,0.1862,0,core-night zero-drift within noise band
clean-2025-v1,附件2,光伏发电实际功率,149,DS,2025-05-28,122,20:20,20:20,NR1,set_zero,0.0134,0,core-night zero-drift within noise band
clean-2025-v1,附件2,光伏发电实际功率,150,T,2025-05-29,19,3:10,3:10,NR1,set_zero,0.001,0,core-night zero-drift within noise band
clean-2025-v1,附件2,光伏发电实际功率,150,W,2025-05-29,22,3:40,3:40,NR1,set_zero,0.0141,0,core-night zero-drift within noise band
clean-2025-v1,附件2,光伏发电实际功率,150,Z,2025-05-29,25,4:10,4:10,NR1,set_zero,0.1966,0,core-night zero-drift within noise band
clean-2025-v1,附件2,光伏发电实际功率,150,AC,2025-05-29,28,4:40,4:40,NR1,set_zero,2.7379,0,core-night zero-drift within noise band
clean-2025-v1,附件2,光伏发电实际功率,150,DM,2025-05-29,116,19:20,19:20,NR1,set_zero,3.149,0,core-night zero-drift within noise band
clean-2025-v1,附件2,光伏发电实际功率,150,DP,2025-05-29,119,19:50,19:50,NR1,set_zero,0.2261,0,core-night zero-drift within noise band
clean-2025-v1,附件2,光伏发电实际功率,150,DS,2025-05-29,122,20:20,20:20,NR1,set_zero,0.0162,0,core-night zero-drift within noise band
clean-2025-v1,附件2,光伏发电实际功率,150,DV,2025-05-29,125,20:50,20:50,NR1,set_zero,0.0012,0,core-night zero-drift within noise band
clean-2025-v1,附件2,光伏发电实际功率,151,T,2025-05-30,19,3:10,3:10,NR1,set_zero,0.0013,0,core-night zero-drift within noise band
clean-2025-v1,附件2,光伏发电实际功率,151,W,2025-05-30,22,3:40,3:40,NR1,set_zero,0.0186,0,core-night zero-drift within noise band
clean-2025-v1,附件2,光伏发电实际功率,151,Z,2025-05-30,25,4:10,4:10,NR1,set_zero,0.2596,0,core-night zero-drift within noise band
clean-2025-v1,附件2,光伏发电实际功率,151,AC,2025-05-30,28,4:40,4:40,NR1,set_zero,3.6155,0,core-night zero-drift within noise band
clean-2025-v1,附件2,光伏发电实际功率,151,DM,2025-05-30,116,19:20,19:20,NR1,set_zero,3.0273,0,core-night zero-drift within noise band
clean-2025-v1,附件2,光伏发电实际功率,151,DP,2025-05-30,119,19:50,19:50,NR1,set_zero,0.2174,0,core-night zero-drift within noise band
clean-2025-v1,附件2,光伏发电实际功率,151,DS,2025-05-30,122,20:20,20:20,NR1,set_zero,0.0156,0,core-night zero-drift within noise band
clean-2025-v1,附件2,光伏发电实际功率,151,DV,2025-05-30,125,20:50,20:50,NR1,set_zero,0.0011,0,core-night zero-drift within noise band
clean-2025-v1,附件2,光伏发电实际功率,152,T,2025-05-31,19,3:10,3:10,NR1,set_zero,0.0014,0,core-night zero-drift within noise band
clean-2025-v1,附件2,光伏发电实际功率,152,W,2025-05-31,22,3:40,3:40,NR1,set_zero,0.0189,0,core-night zero-drift within noise band
clean-2025-v1,附件2,光伏发电实际功率,152,Z,2025-05-31,25,4:10,4:10,NR1,set_zero,0.2635,0,core-night zero-drift within noise band
clean-2025-v1,附件2,光伏发电实际功率,152,AC,2025-05-31,28,4:40,4:40,NR1,set_zero,3.6706,0,core-night zero-drift within noise band
clean-2025-v1,附件2,光伏发电实际功率,152,DM,2025-05-31,116,19:20,19:20,NR1,set_zero,3.636,0,core-night zero-drift within noise band
clean-2025-v1,附件2,光伏发电实际功率,152,DP,2025-05-31,119,19:50,19:50,NR1,set_zero,0.2611,0,core-night zero-drift within noise band
clean-2025-v1,附件2,光伏发电实际功率,152,DS,2025-05-31,122,20:20,20:20,NR1,set_zero,0.0187,0,core-night zero-drift within noise band
clean-2025-v1,附件2,光伏发电实际功率,152,DV,2025-05-31,125,20:50,20:50,NR1,set_zero,0.0013,0,core-night zero-drift within noise band
clean-2025-v1,附件2,光伏发电实际功率,153,T,2025-06-01,19,3:10,3:10,NR1,set_zero,0.0012,0,core-night zero-drift within noise band
clean-2025-v1,附件2,光伏发电实际功率,153,W,2025-06-01,22,3:40,3:40,NR1,set_zero,0.0169,0,core-night zero-drift within noise band
clean-2025-v1,附件2,光伏发电实际功率,153,Z,2025-06-01,25,4:10,4:10,NR1,set_zero,0.2358,0,core-night zero-drift within noise band
clean-2025-v1,附件2,光伏发电实际功率,153,AC,2025-06-01,28,4:40,4:40,NR1,set_zero,3.2843,0,core-night zero-drift within noise band
clean-2025-v1,附件2,光伏发电实际功率,153,DM,2025-06-01,116,19:20,19:20,NR1,set_zero,3.2375,0,core-night zero-drift within noise band
clean-2025-v1,附件2,光伏发电实际功率,153,DP,2025-06-01,119,19:50,19:50,NR1,set_zero,0.2324,0,core-night zero-drift within noise band
clean-2025-v1,附件2,光伏发电实际功率,153,DS,2025-06-01,122,20:20,20:20,NR1,set_zero,0.0167,0,core-night zero-drift within noise band
clean-2025-v1,附件2,光伏发电实际功率,153,DV,2025-06-01,125,20:50,20:50,NR1,set_zero,0.0012,0,core-night zero-drift within noise band
clean-2025-v1,附件2,光伏发电实际功率,154,W,2025-06-02,22,3:40,3:40,NR1,set_zero,0.0109,0,core-night zero-drift within noise band
clean-2025-v1,附件2,光伏发电实际功率,154,Z,2025-06-02,25,4:10,4:10,NR1,set_zero,0.1525,0,core-night zero-drift within noise band
clean-2025-v1,附件2,光伏发电实际功率,154,AC,2025-06-02,28,4:40,4:40,NR1,set_zero,2.1235,0,core-night zero-drift within noise band
clean-2025-v1,附件2,光伏发电实际功率,154,DM,2025-06-02,116,19:20,19:20,NR1,set_zero,2.5895,0,core-night zero-drift within noise band
clean-2025-v1,附件2,光伏发电实际功率,154,DP,2025-06-02,119,19:50,19:50,NR1,set_zero,0.1859,0,core-night zero-drift within noise band
clean-2025-v1,附件2,光伏发电实际功率,154,DS,2025-06-02,122,20:20,20:20,NR1,set_zero,0.0133,0,core-night zero-drift within noise band
clean-2025-v1,附件2,光伏发电实际功率,155,W,2025-06-03,22,3:40,3:40,NR1,set_zero,0.0132,0,core-night zero-drift within noise band
clean-2025-v1,附件2,光伏发电实际功率,155,Z,2025-06-03,25,4:10,4:10,NR1,set_zero,0.1838,0,core-night zero-drift within noise band
clean-2025-v1,附件2,光伏发电实际功率,155,AC,2025-06-03,28,4:40,4:40,NR1,set_zero,2.5604,0,core-night zero-drift within noise band
clean-2025-v1,附件2,光伏发电实际功率,155,DM,2025-06-03,116,19:20,19:20,NR1,set_zero,2.7819,0,core-night zero-drift within noise band
clean-2025-v1,附件2,光伏发电实际功率,155,DP,2025-06-03,119,19:50,19:50,NR1,set_zero,0.1997,0,core-night zero-drift within noise band
clean-2025-v1,附件2,光伏发电实际功率,155,DS,2025-06-03,122,20:20,20:20,NR1,set_zero,0.0143,0,core-night zero-drift within noise band
clean-2025-v1,附件2,光伏发电实际功率,155,DV,2025-06-03,125,20:50,20:50,NR1,set_zero,0.001,0,core-night zero-drift within noise band
clean-2025-v1,附件2,光伏发电实际功率,156,T,2025-06-04,19,3:10,3:10,NR1,set_zero,0.0012,0,core-night zero-drift within noise band
clean-2025-v1,附件2,光伏发电实际功率,156,W,2025-06-04,22,3:40,3:40,NR1,set_zero,0.0169,0,core-night zero-drift within noise band
clean-2025-v1,附件2,光伏发电实际功率,156,Z,2025-06-04,25,4:10,4:10,NR1,set_zero,0.2348,0,core-night zero-drift within noise band
clean-2025-v1,附件2,光伏发电实际功率,156,AC,2025-06-04,28,4:40,4:40,NR1,set_zero,3.2707,0,core-night zero-drift within noise band
clean-2025-v1,附件2,光伏发电实际功率,156,DM,2025-06-04,116,19:20,19:20,NR1,set_zero,3.583,0,core-night zero-drift within noise band
clean-2025-v1,附件2,光伏发电实际功率,156,DP,2025-06-04,119,19:50,19:50,NR1,set_zero,0.2572,0,core-night zero-drift within noise band
clean-2025-v1,附件2,光伏发电实际功率,156,DS,2025-06-04,122,20:20,20:20,NR1,set_zero,0.0185,0,core-night zero-drift within noise band
clean-2025-v1,附件2,光伏发电实际功率,156,DV,2025-06-04,125,20:50,20:50,NR1,set_zero,0.0013,0,core-night zero-drift within noise band
clean-2025-v1,附件2,光伏发电实际功率,157,T,2025-06-05,19,3:10,3:10,NR1,set_zero,0.0012,0,core-night zero-drift within noise band
clean-2025-v1,附件2,光伏发电实际功率,157,W,2025-06-05,22,3:40,3:40,NR1,set_zero,0.0172,0,core-night zero-drift within noise band
clean-2025-v1,附件2,光伏发电实际功率,157,Z,2025-06-05,25,4:10,4:10,NR1,set_zero,0.2402,0,core-night zero-drift within noise band
clean-2025-v1,附件2,光伏发电实际功率,157,AC,2025-06-05,28,4:40,4:40,NR1,set_zero,3.3453,0,core-night zero-drift within noise band
clean-2025-v1,附件2,光伏发电实际功率,157,DM,2025-06-05,116,19:20,19:20,NR1,set_zero,3.6165,0,core-night zero-drift within noise band
clean-2025-v1,附件2,光伏发电实际功率,157,DP,2025-06-05,119,19:50,19:50,NR1,set_zero,0.2597,0,core-night zero-drift within noise band
clean-2025-v1,附件2,光伏发电实际功率,157,DS,2025-06-05,122,20:20,20:20,NR1,set_zero,0.0186,0,core-night zero-drift within noise band
clean-2025-v1,附件2,光伏发电实际功率,157,DV,2025-06-05,125,20:50,20:50,NR1,set_zero,0.0013,0,core-night zero-drift within noise band
clean-2025-v1,附件2,光伏发电实际功率,158,T,2025-06-06,19,3:10,3:10,NR1,set_zero,0.0011,0,core-night zero-drift within noise band
clean-2025-v1,附件2,光伏发电实际功率,158,W,2025-06-06,22,3:40,3:40,NR1,set_zero,0.0158,0,core-night zero-drift within noise band
clean-2025-v1,附件2,光伏发电实际功率,158,Z,2025-06-06,25,4:10,4:10,NR1,set_zero,0.2202,0,core-night zero-drift within noise band
clean-2025-v1,附件2,光伏发电实际功率,158,AC,2025-06-06,28,4:40,4:40,NR1,set_zero,3.0673,0,core-night zero-drift within noise band
clean-2025-v1,附件2,光伏发电实际功率,158,DM,2025-06-06,116,19:20,19:20,NR1,set_zero,3.5132,0,core-night zero-drift within noise band
clean-2025-v1,附件2,光伏发电实际功率,158,DP,2025-06-06,119,19:50,19:50,NR1,set_zero,0.2522,0,core-night zero-drift within noise band
clean-2025-v1,附件2,光伏发电实际功率,158,DS,2025-06-06,122,20:20,20:20,NR1,set_zero,0.0181,0,core-night zero-drift within noise band
clean-2025-v1,附件2,光伏发电实际功率,158,DV,2025-06-06,125,20:50,20:50,NR1,set_zero,0.0013,0,core-night zero-drift within noise band
clean-2025-v1,附件2,光伏发电实际功率,159,T,2025-06-07,19,3:10,3:10,NR1,set_zero,0.0012,0,core-night zero-drift within noise band
clean-2025-v1,附件2,光伏发电实际功率,159,W,2025-06-07,22,3:40,3:40,NR1,set_zero,0.0172,0,core-night zero-drift within noise band
clean-2025-v1,附件2,光伏发电实际功率,159,Z,2025-06-07,25,4:10,4:10,NR1,set_zero,0.2395,0,core-night zero-drift within noise band
clean-2025-v1,附件2,光伏发电实际功率,159,AC,2025-06-07,28,4:40,4:40,NR1,set_zero,3.3352,0,core-night zero-drift within noise band
clean-2025-v1,附件2,光伏发电实际功率,159,DM,2025-06-07,116,19:20,19:20,NR1,set_zero,3.4923,0,core-night zero-drift within noise band
clean-2025-v1,附件2,光伏发电实际功率,159,DP,2025-06-07,119,19:50,19:50,NR1,set_zero,0.2507,0,core-night zero-drift within noise band
clean-2025-v1,附件2,光伏发电实际功率,159,DS,2025-06-07,122,20:20,20:20,NR1,set_zero,0.018,0,core-night zero-drift within noise band
clean-2025-v1,附件2,光伏发电实际功率,159,DV,2025-06-07,125,20:50,20:50,NR1,set_zero,0.0013,0,core-night zero-drift within noise band
clean-2025-v1,附件2,光伏发电实际功率,160,T,2025-06-08,19,3:10,3:10,NR1,set_zero,0.0013,0,core-night zero-drift within noise band
clean-2025-v1,附件2,光伏发电实际功率,160,W,2025-06-08,22,3:40,3:40,NR1,set_zero,0.0187,0,core-night zero-drift within noise band
clean-2025-v1,附件2,光伏发电实际功率,160,Z,2025-06-08,25,4:10,4:10,NR1,set_zero,0.2611,0,core-night zero-drift within noise band
clean-2025-v1,附件2,光伏发电实际功率,160,AC,2025-06-08,28,4:40,4:40,NR1,set_zero,3.6362,0,core-night zero-drift within noise band
clean-2025-v1,附件2,光伏发电实际功率,160,DM,2025-06-08,116,19:20,19:20,NR1,set_zero,3.8308,0,core-night zero-drift within noise band
clean-2025-v1,附件2,光伏发电实际功率,160,DP,2025-06-08,119,19:50,19:50,NR1,set_zero,0.275,0,core-night zero-drift within noise band
clean-2025-v1,附件2,光伏发电实际功率,160,DS,2025-06-08,122,20:20,20:20,NR1,set_zero,0.0197,0,core-night zero-drift within noise band
clean-2025-v1,附件2,光伏发电实际功率,160,DV,2025-06-08,125,20:50,20:50,NR1,set_zero,0.0014,0,core-night zero-drift within noise band
clean-2025-v1,附件2,光伏发电实际功率,161,T,2025-06-09,19,3:10,3:10,NR1,set_zero,0.0014,0,core-night zero-drift within noise band
clean-2025-v1,附件2,光伏发电实际功率,161,W,2025-06-09,22,3:40,3:40,NR1,set_zero,0.02,0,core-night zero-drift within noise band
clean-2025-v1,附件2,光伏发电实际功率,161,Z,2025-06-09,25,4:10,4:10,NR1,set_zero,0.2787,0,core-night zero-drift within noise band
clean-2025-v1,附件2,光伏发电实际功率,161,AC,2025-06-09,28,4:40,4:40,NR1,set_zero,3.8821,0,core-night zero-drift within noise band
clean-2025-v1,附件2,光伏发电实际功率,161,DM,2025-06-09,116,19:20,19:20,NR1,set_zero,3.6213,0,core-night zero-drift within noise band
clean-2025-v1,附件2,光伏发电实际功率,161,DP,2025-06-09,119,19:50,19:50,NR1,set_zero,0.26,0,core-night zero-drift within noise band
clean-2025-v1,附件2,光伏发电实际功率,161,DS,2025-06-09,122,20:20,20:20,NR1,set_zero,0.0187,0,core-night zero-drift within noise band
clean-2025-v1,附件2,光伏发电实际功率,161,DV,2025-06-09,125,20:50,20:50,NR1,set_zero,0.0013,0,core-night zero-drift within noise band
clean-2025-v1,附件2,光伏发电实际功率,162,T,2025-06-10,19,3:10,3:10,NR1,set_zero,0.0015,0,core-night zero-drift within noise band
clean-2025-v1,附件2,光伏发电实际功率,162,W,2025-06-10,22,3:40,3:40,NR1,set_zero,0.0213,0,core-night zero-drift within noise band
clean-2025-v1,附件2,光伏发电实际功率,162,Z,2025-06-10,25,4:10,4:10,NR1,set_zero,0.2967,0,core-night zero-drift within noise band
clean-2025-v1,附件2,光伏发电实际功率,162,AC,2025-06-10,28,4:40,4:40,NR1,set_zero,4.1328,0,core-night zero-drift within noise band
clean-2025-v1,附件2,光伏发电实际功率,162,DM,2025-06-10,116,19:20,19:20,NR1,set_zero,3.4191,0,core-night zero-drift within noise band
clean-2025-v1,附件2,光伏发电实际功率,162,DP,2025-06-10,119,19:50,19:50,NR1,set_zero,0.2455,0,core-night zero-drift within noise band
clean-2025-v1,附件2,光伏发电实际功率,162,DS,2025-06-10,122,20:20,20:20,NR1,set_zero,0.0176,0,core-night zero-drift within noise band
clean-2025-v1,附件2,光伏发电实际功率,162,DV,2025-06-10,125,20:50,20:50,NR1,set_zero,0.0013,0,core-night zero-drift within noise band
clean-2025-v1,附件2,光伏发电实际功率,163,T,2025-06-11,19,3:10,3:10,NR1,set_zero,0.0013,0,core-night zero-drift within noise band
clean-2025-v1,附件2,光伏发电实际功率,163,W,2025-06-11,22,3:40,3:40,NR1,set_zero,0.0187,0,core-night zero-drift within noise band
clean-2025-v1,附件2,光伏发电实际功率,163,Z,2025-06-11,25,4:10,4:10,NR1,set_zero,0.26,0,core-night zero-drift within noise band
clean-2025-v1,附件2,光伏发电实际功率,163,AC,2025-06-11,28,4:40,4:40,NR1,set_zero,3.622,0,core-night zero-drift within noise band
clean-2025-v1,附件2,光伏发电实际功率,163,DM,2025-06-11,116,19:20,19:20,NR1,set_zero,3.7502,0,core-night zero-drift within noise band
clean-2025-v1,附件2,光伏发电实际功率,163,DP,2025-06-11,119,19:50,19:50,NR1,set_zero,0.2693,0,core-night zero-drift within noise band
clean-2025-v1,附件2,光伏发电实际功率,163,DS,2025-06-11,122,20:20,20:20,NR1,set_zero,0.0193,0,core-night zero-drift within noise band
clean-2025-v1,附件2,光伏发电实际功率,163,DV,2025-06-11,125,20:50,20:50,NR1,set_zero,0.0014,0,core-night zero-drift within noise band
clean-2025-v1,附件2,光伏发电实际功率,164,T,2025-06-12,19,3:10,3:10,NR1,set_zero,0.0017,0,core-night zero-drift within noise band
clean-2025-v1,附件2,光伏发电实际功率,164,W,2025-06-12,22,3:40,3:40,NR1,set_zero,0.023,0,core-night zero-drift within noise band
clean-2025-v1,附件2,光伏发电实际功率,164,Z,2025-06-12,25,4:10,4:10,NR1,set_zero,0.3205,0,core-night zero-drift within noise band
clean-2025-v1,附件2,光伏发电实际功率,164,AC,2025-06-12,28,4:40,4:40,NR1,set_zero,4.4646,0,core-night zero-drift within noise band
clean-2025-v1,附件2,光伏发电实际功率,164,AE,2025-06-12,30,5:00,5:00,NR4,set_zero,0.6375,0,shoulder sub-kW noise
clean-2025-v1,附件2,光伏发电实际功率,164,DK,2025-06-12,114,19:00,19:00,NR4,set_zero,0.5625,0,shoulder sub-kW noise
clean-2025-v1,附件2,光伏发电实际功率,164,DM,2025-06-12,116,19:20,19:20,NR1,set_zero,3.6902,0,core-night zero-drift within noise band
clean-2025-v1,附件2,光伏发电实际功率,164,DP,2025-06-12,119,19:50,19:50,NR1,set_zero,0.2649,0,core-night zero-drift within noise band
clean-2025-v1,附件2,光伏发电实际功率,164,DS,2025-06-12,122,20:20,20:20,NR1,set_zero,0.019,0,core-night zero-drift within noise band
clean-2025-v1,附件2,光伏发电实际功率,164,DV,2025-06-12,125,20:50,20:50,NR1,set_zero,0.0014,0,core-night zero-drift within noise band
clean-2025-v1,附件2,光伏发电实际功率,165,T,2025-06-13,19,3:10,3:10,NR1,set_zero,0.0012,0,core-night zero-drift within noise band
clean-2025-v1,附件2,光伏发电实际功率,165,W,2025-06-13,22,3:40,3:40,NR1,set_zero,0.017,0,core-night zero-drift within noise band
clean-2025-v1,附件2,光伏发电实际功率,165,Z,2025-06-13,25,4:10,4:10,NR1,set_zero,0.2371,0,core-night zero-drift within noise band
clean-2025-v1,附件2,光伏发电实际功率,165,AC,2025-06-13,28,4:40,4:40,NR1,set_zero,3.3027,0,core-night zero-drift within noise band
clean-2025-v1,附件2,光伏发电实际功率,165,AE,2025-06-13,30,5:00,5:00,NR5,flag,1.8,1.8,"shoulder weak signal, excluded from sigma estimation"
clean-2025-v1,附件2,光伏发电实际功率,165,DK,2025-06-13,114,19:00,19:00,NR5,flag,2.25,2.25,"shoulder weak signal, excluded from sigma estimation"
clean-2025-v1,附件2,光伏发电实际功率,165,DM,2025-06-13,116,19:20,19:20,NR1,set_zero,4.8544,0,core-night zero-drift within noise band
clean-2025-v1,附件2,光伏发电实际功率,165,DP,2025-06-13,119,19:50,19:50,NR1,set_zero,0.3485,0,core-night zero-drift within noise band
clean-2025-v1,附件2,光伏发电实际功率,165,DS,2025-06-13,122,20:20,20:20,NR1,set_zero,0.025,0,core-night zero-drift within noise band
clean-2025-v1,附件2,光伏发电实际功率,165,DV,2025-06-13,125,20:50,20:50,NR1,set_zero,0.0018,0,core-night zero-drift within noise band
clean-2025-v1,附件2,光伏发电实际功率,166,T,2025-06-14,19,3:10,3:10,NR1,set_zero,0.0016,0,core-night zero-drift within noise band
clean-2025-v1,附件2,光伏发电实际功率,166,W,2025-06-14,22,3:40,3:40,NR1,set_zero,0.0225,0,core-night zero-drift within noise band
clean-2025-v1,附件2,光伏发电实际功率,166,Z,2025-06-14,25,4:10,4:10,NR1,set_zero,0.3136,0,core-night zero-drift within noise band
clean-2025-v1,附件2,光伏发电实际功率,166,AC,2025-06-14,28,4:40,4:40,NR1,set_zero,4.3681,0,core-night zero-drift within noise band
clean-2025-v1,附件2,光伏发电实际功率,166,AE,2025-06-14,30,5:00,5:00,NR5,flag,3.45,3.45,"shoulder weak signal, excluded from sigma estimation"
clean-2025-v1,附件2,光伏发电实际功率,166,DK,2025-06-14,114,19:00,19:00,NR5,flag,3.45,3.45,"shoulder weak signal, excluded from sigma estimation"
clean-2025-v1,附件2,光伏发电实际功率,166,DM,2025-06-14,116,19:20,19:20,NR1,set_zero,4.2987,0,core-night zero-drift within noise band
clean-2025-v1,附件2,光伏发电实际功率,166,DP,2025-06-14,119,19:50,19:50,NR1,set_zero,0.3086,0,core-night zero-drift within noise band
clean-2025-v1,附件2,光伏发电实际功率,166,DS,2025-06-14,122,20:20,20:20,NR1,set_zero,0.0222,0,core-night zero-drift within noise band
clean-2025-v1,附件2,光伏发电实际功率,166,DV,2025-06-14,125,20:50,20:50,NR1,set_zero,0.0016,0,core-night zero-drift within noise band
clean-2025-v1,附件2,光伏发电实际功率,167,T,2025-06-15,19,3:10,3:10,NR1,set_zero,0.0017,0,core-night zero-drift within noise band
clean-2025-v1,附件2,光伏发电实际功率,167,W,2025-06-15,22,3:40,3:40,NR1,set_zero,0.0234,0,core-night zero-drift within noise band
clean-2025-v1,附件2,光伏发电实际功率,167,Z,2025-06-15,25,4:10,4:10,NR1,set_zero,0.3255,0,core-night zero-drift within noise band
clean-2025-v1,附件2,光伏发电实际功率,167,AC,2025-06-15,28,4:40,4:40,NR1,set_zero,4.5342,0,core-night zero-drift within noise band
clean-2025-v1,附件2,光伏发电实际功率,167,AE,2025-06-15,30,5:00,5:00,NR5,flag,4.65,4.65,"shoulder weak signal, excluded from sigma estimation"
clean-2025-v1,附件2,光伏发电实际功率,167,DM,2025-06-15,116,19:20,19:20,NR1,set_zero,4.6708,0,core-night zero-drift within noise band
clean-2025-v1,附件2,光伏发电实际功率,167,DP,2025-06-15,119,19:50,19:50,NR1,set_zero,0.3353,0,core-night zero-drift within noise band
clean-2025-v1,附件2,光伏发电实际功率,167,DS,2025-06-15,122,20:20,20:20,NR1,set_zero,0.0241,0,core-night zero-drift within noise band
clean-2025-v1,附件2,光伏发电实际功率,167,DV,2025-06-15,125,20:50,20:50,NR1,set_zero,0.0017,0,core-night zero-drift within noise band
clean-2025-v1,附件2,光伏发电实际功率,168,T,2025-06-16,19,3:10,3:10,NR1,set_zero,0.0012,0,core-night zero-drift within noise band
clean-2025-v1,附件2,光伏发电实际功率,168,W,2025-06-16,22,3:40,3:40,NR1,set_zero,0.0162,0,core-night zero-drift within noise band
clean-2025-v1,附件2,光伏发电实际功率,168,Z,2025-06-16,25,4:10,4:10,NR1,set_zero,0.2263,0,core-night zero-drift within noise band
clean-2025-v1,附件2,光伏发电实际功率,168,AC,2025-06-16,28,4:40,4:40,NR1,set_zero,3.1524,0,core-night zero-drift within noise band
clean-2025-v1,附件2,光伏发电实际功率,168,AE,2025-06-16,30,5:00,5:00,NR5,flag,4.6125,4.6125,"shoulder weak signal, excluded from sigma estimation"
clean-2025-v1,附件2,光伏发电实际功率,168,DM,2025-06-16,116,19:20,19:20,NR1,set_zero,3.6598,0,core-night zero-drift within noise band
clean-2025-v1,附件2,光伏发电实际功率,168,DP,2025-06-16,119,19:50,19:50,NR1,set_zero,0.2628,0,core-night zero-drift within noise band
clean-2025-v1,附件2,光伏发电实际功率,168,DS,2025-06-16,122,20:20,20:20,NR1,set_zero,0.0189,0,core-night zero-drift within noise band
clean-2025-v1,附件2,光伏发电实际功率,168,DV,2025-06-16,125,20:50,20:50,NR1,set_zero,0.0014,0,core-night zero-drift within noise band
clean-2025-v1,附件2,光伏发电实际功率,169,T,2025-06-17,19,3:10,3:10,NR1,set_zero,0.0011,0,core-night zero-drift within noise band
clean-2025-v1,附件2,光伏发电实际功率,169,W,2025-06-17,22,3:40,3:40,NR1,set_zero,0.0159,0,core-night zero-drift within noise band
clean-2025-v1,附件2,光伏发电实际功率,169,Z,2025-06-17,25,4:10,4:10,NR1,set_zero,0.222,0,core-night zero-drift within noise band
clean-2025-v1,附件2,光伏发电实际功率,169,AC,2025-06-17,28,4:40,4:40,NR1,set_zero,3.0923,0,core-night zero-drift within noise band
clean-2025-v1,附件2,光伏发电实际功率,169,DM,2025-06-17,116,19:20,19:20,NR1,set_zero,4.1807,0,core-night zero-drift within noise band
clean-2025-v1,附件2,光伏发电实际功率,169,DP,2025-06-17,119,19:50,19:50,NR1,set_zero,0.3002,0,core-night zero-drift within noise band
clean-2025-v1,附件2,光伏发电实际功率,169,DS,2025-06-17,122,20:20,20:20,NR1,set_zero,0.0216,0,core-night zero-drift within noise band
clean-2025-v1,附件2,光伏发电实际功率,169,DV,2025-06-17,125,20:50,20:50,NR1,set_zero,0.0015,0,core-night zero-drift within noise band
clean-2025-v1,附件2,光伏发电实际功率,170,T,2025-06-18,19,3:10,3:10,NR1,set_zero,0.0015,0,core-night zero-drift within noise band
clean-2025-v1,附件2,光伏发电实际功率,170,W,2025-06-18,22,3:40,3:40,NR1,set_zero,0.0211,0,core-night zero-drift within noise band
clean-2025-v1,附件2,光伏发电实际功率,170,Z,2025-06-18,25,4:10,4:10,NR1,set_zero,0.2945,0,core-night zero-drift within noise band
clean-2025-v1,附件2,光伏发电实际功率,170,AC,2025-06-18,28,4:40,4:40,NR1,set_zero,4.1014,0,core-night zero-drift within noise band
clean-2025-v1,附件2,光伏发电实际功率,170,DM,2025-06-18,116,19:20,19:20,NR1,set_zero,3.6897,0,core-night zero-drift within noise band
clean-2025-v1,附件2,光伏发电实际功率,170,DP,2025-06-18,119,19:50,19:50,NR1,set_zero,0.2649,0,core-night zero-drift within noise band
clean-2025-v1,附件2,光伏发电实际功率,170,DS,2025-06-18,122,20:20,20:20,NR1,set_zero,0.019,0,core-night zero-drift within noise band
clean-2025-v1,附件2,光伏发电实际功率,170,DV,2025-06-18,125,20:50,20:50,NR1,set_zero,0.0014,0,core-night zero-drift within noise band
clean-2025-v1,附件2,光伏发电实际功率,171,T,2025-06-19,19,3:10,3:10,NR1,set_zero,0.0013,0,core-night zero-drift within noise band
clean-2025-v1,附件2,光伏发电实际功率,171,W,2025-06-19,22,3:40,3:40,NR1,set_zero,0.0182,0,core-night zero-drift within noise band
clean-2025-v1,附件2,光伏发电实际功率,171,Z,2025-06-19,25,4:10,4:10,NR1,set_zero,0.253,0,core-night zero-drift within noise band
clean-2025-v1,附件2,光伏发电实际功率,171,AC,2025-06-19,28,4:40,4:40,NR1,set_zero,3.5239,0,core-night zero-drift within noise band
clean-2025-v1,附件2,光伏发电实际功率,171,DM,2025-06-19,116,19:20,19:20,NR1,set_zero,3.6539,0,core-night zero-drift within noise band
clean-2025-v1,附件2,光伏发电实际功率,171,DP,2025-06-19,119,19:50,19:50,NR1,set_zero,0.2623,0,core-night zero-drift within noise band
clean-2025-v1,附件2,光伏发电实际功率,171,DS,2025-06-19,122,20:20,20:20,NR1,set_zero,0.0188,0,core-night zero-drift within noise band
clean-2025-v1,附件2,光伏发电实际功率,171,DV,2025-06-19,125,20:50,20:50,NR1,set_zero,0.0014,0,core-night zero-drift within noise band
clean-2025-v1,附件2,光伏发电实际功率,172,T,2025-06-20,19,3:10,3:10,NR1,set_zero,0.0016,0,core-night zero-drift within noise band
clean-2025-v1,附件2,光伏发电实际功率,172,W,2025-06-20,22,3:40,3:40,NR1,set_zero,0.0221,0,core-night zero-drift within noise band
clean-2025-v1,附件2,光伏发电实际功率,172,Z,2025-06-20,25,4:10,4:10,NR1,set_zero,0.3079,0,core-night zero-drift within noise band
clean-2025-v1,附件2,光伏发电实际功率,172,AC,2025-06-20,28,4:40,4:40,NR1,set_zero,4.2881,0,core-night zero-drift within noise band
clean-2025-v1,附件2,光伏发电实际功率,172,DM,2025-06-20,116,19:20,19:20,NR1,set_zero,3.5416,0,core-night zero-drift within noise band
clean-2025-v1,附件2,光伏发电实际功率,172,DP,2025-06-20,119,19:50,19:50,NR1,set_zero,0.2543,0,core-night zero-drift within noise band
clean-2025-v1,附件2,光伏发电实际功率,172,DS,2025-06-20,122,20:20,20:20,NR1,set_zero,0.0183,0,core-night zero-drift within noise band
clean-2025-v1,附件2,光伏发电实际功率,172,DV,2025-06-20,125,20:50,20:50,NR1,set_zero,0.0013,0,core-night zero-drift within noise band
clean-2025-v1,附件2,光伏发电实际功率,173,T,2025-06-21,19,3:10,3:10,NR1,set_zero,0.0012,0,core-night zero-drift within noise band
clean-2025-v1,附件2,光伏发电实际功率,173,W,2025-06-21,22,3:40,3:40,NR1,set_zero,0.0162,0,core-night zero-drift within noise band
clean-2025-v1,附件2,光伏发电实际功率,173,Z,2025-06-21,25,4:10,4:10,NR1,set_zero,0.2263,0,core-night zero-drift within noise band
clean-2025-v1,附件2,光伏发电实际功率,173,AC,2025-06-21,28,4:40,4:40,NR1,set_zero,3.1516,0,core-night zero-drift within noise band
clean-2025-v1,附件2,光伏发电实际功率,173,DM,2025-06-21,116,19:20,19:20,NR1,set_zero,3.2619,0,core-night zero-drift within noise band
clean-2025-v1,附件2,光伏发电实际功率,173,DP,2025-06-21,119,19:50,19:50,NR1,set_zero,0.2342,0,core-night zero-drift within noise band
clean-2025-v1,附件2,光伏发电实际功率,173,DS,2025-06-21,122,20:20,20:20,NR1,set_zero,0.0168,0,core-night zero-drift within noise band
clean-2025-v1,附件2,光伏发电实际功率,173,DV,2025-06-21,125,20:50,20:50,NR1,set_zero,0.0012,0,core-night zero-drift within noise band
clean-2025-v1,附件2,光伏发电实际功率,174,T,2025-06-22,19,3:10,3:10,NR1,set_zero,0.0016,0,core-night zero-drift within noise band
clean-2025-v1,附件2,光伏发电实际功率,174,W,2025-06-22,22,3:40,3:40,NR1,set_zero,0.0221,0,core-night zero-drift within noise band
clean-2025-v1,附件2,光伏发电实际功率,174,Z,2025-06-22,25,4:10,4:10,NR1,set_zero,0.3083,0,core-night zero-drift within noise band
clean-2025-v1,附件2,光伏发电实际功率,174,AC,2025-06-22,28,4:40,4:40,NR1,set_zero,4.2943,0,core-night zero-drift within noise band
clean-2025-v1,附件2,光伏发电实际功率,174,DM,2025-06-22,116,19:20,19:20,NR1,set_zero,4.0817,0,core-night zero-drift within noise band
clean-2025-v1,附件2,光伏发电实际功率,174,DP,2025-06-22,119,19:50,19:50,NR1,set_zero,0.2931,0,core-night zero-drift within noise band
clean-2025-v1,附件2,光伏发电实际功率,174,DS,2025-06-22,122,20:20,20:20,NR1,set_zero,0.021,0,core-night zero-drift within noise band
clean-2025-v1,附件2,光伏发电实际功率,174,DV,2025-06-22,125,20:50,20:50,NR1,set_zero,0.0015,0,core-night zero-drift within noise band
clean-2025-v1,附件2,光伏发电实际功率,175,T,2025-06-23,19,3:10,3:10,NR1,set_zero,0.0015,0,core-night zero-drift within noise band
clean-2025-v1,附件2,光伏发电实际功率,175,W,2025-06-23,22,3:40,3:40,NR1,set_zero,0.0212,0,core-night zero-drift within noise band
clean-2025-v1,附件2,光伏发电实际功率,175,Z,2025-06-23,25,4:10,4:10,NR1,set_zero,0.2951,0,core-night zero-drift within noise band
clean-2025-v1,附件2,光伏发电实际功率,175,AC,2025-06-23,28,4:40,4:40,NR1,set_zero,4.1107,0,core-night zero-drift within noise band
clean-2025-v1,附件2,光伏发电实际功率,175,DM,2025-06-23,116,19:20,19:20,NR1,set_zero,3.0984,0,core-night zero-drift within noise band
clean-2025-v1,附件2,光伏发电实际功率,175,DP,2025-06-23,119,19:50,19:50,NR1,set_zero,0.2225,0,core-night zero-drift within noise band
clean-2025-v1,附件2,光伏发电实际功率,175,DS,2025-06-23,122,20:20,20:20,NR1,set_zero,0.016,0,core-night zero-drift within noise band
clean-2025-v1,附件2,光伏发电实际功率,175,DV,2025-06-23,125,20:50,20:50,NR1,set_zero,0.0011,0,core-night zero-drift within noise band
clean-2025-v1,附件2,光伏发电实际功率,176,T,2025-06-24,19,3:10,3:10,NR1,set_zero,0.0013,0,core-night zero-drift within noise band
clean-2025-v1,附件2,光伏发电实际功率,176,W,2025-06-24,22,3:40,3:40,NR1,set_zero,0.0176,0,core-night zero-drift within noise band
clean-2025-v1,附件2,光伏发电实际功率,176,Z,2025-06-24,25,4:10,4:10,NR1,set_zero,0.2454,0,core-night zero-drift within noise band
clean-2025-v1,附件2,光伏发电实际功率,176,AC,2025-06-24,28,4:40,4:40,NR1,set_zero,3.4175,0,core-night zero-drift within noise band
clean-2025-v1,附件2,光伏发电实际功率,176,DM,2025-06-24,116,19:20,19:20,NR1,set_zero,3.2125,0,core-night zero-drift within noise band
clean-2025-v1,附件2,光伏发电实际功率,176,DP,2025-06-24,119,19:50,19:50,NR1,set_zero,0.2306,0,core-night zero-drift within noise band
clean-2025-v1,附件2,光伏发电实际功率,176,DS,2025-06-24,122,20:20,20:20,NR1,set_zero,0.0166,0,core-night zero-drift within noise band
clean-2025-v1,附件2,光伏发电实际功率,176,DV,2025-06-24,125,20:50,20:50,NR1,set_zero,0.0012,0,core-night zero-drift within noise band
clean-2025-v1,附件2,光伏发电实际功率,177,T,2025-06-25,19,3:10,3:10,NR1,set_zero,0.0018,0,core-night zero-drift within noise band
clean-2025-v1,附件2,光伏发电实际功率,177,W,2025-06-25,22,3:40,3:40,NR1,set_zero,0.0247,0,core-night zero-drift within noise band
clean-2025-v1,附件2,光伏发电实际功率,177,Z,2025-06-25,25,4:10,4:10,NR1,set_zero,0.3437,0,core-night zero-drift within noise band
clean-2025-v1,附件2,光伏发电实际功率,177,AC,2025-06-25,28,4:40,4:40,NR1,set_zero,4.7875,0,core-night zero-drift within noise band
clean-2025-v1,附件2,光伏发电实际功率,177,DM,2025-06-25,116,19:20,19:20,NR1,set_zero,3.663,0,core-night zero-drift within noise band
clean-2025-v1,附件2,光伏发电实际功率,177,DP,2025-06-25,119,19:50,19:50,NR1,set_zero,0.263,0,core-night zero-drift within noise band
clean-2025-v1,附件2,光伏发电实际功率,177,DS,2025-06-25,122,20:20,20:20,NR1,set_zero,0.0189,0,core-night zero-drift within noise band
clean-2025-v1,附件2,光伏发电实际功率,177,DV,2025-06-25,125,20:50,20:50,NR1,set_zero,0.0014,0,core-night zero-drift within noise band
clean-2025-v1,附件2,光伏发电实际功率,178,T,2025-06-26,19,3:10,3:10,NR1,set_zero,0.0016,0,core-night zero-drift within noise band
clean-2025-v1,附件2,光伏发电实际功率,178,W,2025-06-26,22,3:40,3:40,NR1,set_zero,0.022,0,core-night zero-drift within noise band
clean-2025-v1,附件2,光伏发电实际功率,178,Z,2025-06-26,25,4:10,4:10,NR1,set_zero,0.3068,0,core-night zero-drift within noise band
clean-2025-v1,附件2,光伏发电实际功率,178,AC,2025-06-26,28,4:40,4:40,NR1,set_zero,4.273,0,core-night zero-drift within noise band
clean-2025-v1,附件2,光伏发电实际功率,178,DM,2025-06-26,116,19:20,19:20,NR1,set_zero,4.0466,0,core-night zero-drift within noise band
clean-2025-v1,附件2,光伏发电实际功率,178,DP,2025-06-26,119,19:50,19:50,NR1,set_zero,0.2905,0,core-night zero-drift within noise band
clean-2025-v1,附件2,光伏发电实际功率,178,DS,2025-06-26,122,20:20,20:20,NR1,set_zero,0.0209,0,core-night zero-drift within noise band
clean-2025-v1,附件2,光伏发电实际功率,178,DV,2025-06-26,125,20:50,20:50,NR1,set_zero,0.0015,0,core-night zero-drift within noise band
clean-2025-v1,附件2,光伏发电实际功率,179,T,2025-06-27,19,3:10,3:10,NR1,set_zero,0.0012,0,core-night zero-drift within noise band
clean-2025-v1,附件2,光伏发电实际功率,179,W,2025-06-27,22,3:40,3:40,NR1,set_zero,0.0173,0,core-night zero-drift within noise band
clean-2025-v1,附件2,光伏发电实际功率,179,Z,2025-06-27,25,4:10,4:10,NR1,set_zero,0.2412,0,core-night zero-drift within noise band
clean-2025-v1,附件2,光伏发电实际功率,179,AC,2025-06-27,28,4:40,4:40,NR1,set_zero,3.3596,0,core-night zero-drift within noise band
clean-2025-v1,附件2,光伏发电实际功率,179,AE,2025-06-27,30,5:00,5:00,NR5,flag,4.6875,4.6875,"shoulder weak signal, excluded from sigma estimation"
clean-2025-v1,附件2,光伏发电实际功率,179,DK,2025-06-27,114,19:00,19:00,NR5,flag,4.875,4.875,"shoulder weak signal, excluded from sigma estimation"
clean-2025-v1,附件2,光伏发电实际功率,179,DM,2025-06-27,116,19:20,19:20,NR1,set_zero,3.6446,0,core-night zero-drift within noise band
clean-2025-v1,附件2,光伏发电实际功率,179,DP,2025-06-27,119,19:50,19:50,NR1,set_zero,0.2617,0,core-night zero-drift within noise band
clean-2025-v1,附件2,光伏发电实际功率,179,DS,2025-06-27,122,20:20,20:20,NR1,set_zero,0.0188,0,core-night zero-drift within noise band
clean-2025-v1,附件2,光伏发电实际功率,179,DV,2025-06-27,125,20:50,20:50,NR1,set_zero,0.0013,0,core-night zero-drift within noise band
clean-2025-v1,附件2,光伏发电实际功率,180,T,2025-06-28,19,3:10,3:10,NR1,set_zero,0.0017,0,core-night zero-drift within noise band
clean-2025-v1,附件2,光伏发电实际功率,180,W,2025-06-28,22,3:40,3:40,NR1,set_zero,0.023,0,core-night zero-drift within noise band
clean-2025-v1,附件2,光伏发电实际功率,180,Z,2025-06-28,25,4:10,4:10,NR1,set_zero,0.3205,0,core-night zero-drift within noise band
clean-2025-v1,附件2,光伏发电实际功率,180,AC,2025-06-28,28,4:40,4:40,NR1,set_zero,4.4645,0,core-night zero-drift within noise band
clean-2025-v1,附件2,光伏发电实际功率,180,AE,2025-06-28,30,5:00,5:00,NR5,flag,3.975,3.975,"shoulder weak signal, excluded from sigma estimation"
clean-2025-v1,附件2,光伏发电实际功率,180,DK,2025-06-28,114,19:00,19:00,NR5,flag,4.3125,4.3125,"shoulder weak signal, excluded from sigma estimation"
clean-2025-v1,附件2,光伏发电实际功率,180,DM,2025-06-28,116,19:20,19:20,NR1,set_zero,4.6872,0,core-night zero-drift within noise band
clean-2025-v1,附件2,光伏发电实际功率,180,DP,2025-06-28,119,19:50,19:50,NR1,set_zero,0.3365,0,core-night zero-drift within noise band
clean-2025-v1,附件2,光伏发电实际功率,180,DS,2025-06-28,122,20:20,20:20,NR1,set_zero,0.0242,0,core-night zero-drift within noise band
clean-2025-v1,附件2,光伏发电实际功率,180,DV,2025-06-28,125,20:50,20:50,NR1,set_zero,0.0017,0,core-night zero-drift within noise band
clean-2025-v1,附件2,光伏发电实际功率,181,T,2025-06-29,19,3:10,3:10,NR1,set_zero,0.0016,0,core-night zero-drift within noise band
clean-2025-v1,附件2,光伏发电实际功率,181,W,2025-06-29,22,3:40,3:40,NR1,set_zero,0.0224,0,core-night zero-drift within noise band
clean-2025-v1,附件2,光伏发电实际功率,181,Z,2025-06-29,25,4:10,4:10,NR1,set_zero,0.3123,0,core-night zero-drift within noise band
clean-2025-v1,附件2,光伏发电实际功率,181,AC,2025-06-29,28,4:40,4:40,NR1,set_zero,4.3503,0,core-night zero-drift within noise band
clean-2025-v1,附件2,光伏发电实际功率,181,AE,2025-06-29,30,5:00,5:00,NR5,flag,2.8125,2.8125,"shoulder weak signal, excluded from sigma estimation"
clean-2025-v1,附件2,光伏发电实际功率,181,DK,2025-06-29,114,19:00,19:00,NR5,flag,2.775,2.775,"shoulder weak signal, excluded from sigma estimation"
clean-2025-v1,附件2,光伏发电实际功率,181,DM,2025-06-29,116,19:20,19:20,NR1,set_zero,4.2531,0,core-night zero-drift within noise band
clean-2025-v1,附件2,光伏发电实际功率,181,DP,2025-06-29,119,19:50,19:50,NR1,set_zero,0.3054,0,core-night zero-drift within noise band
clean-2025-v1,附件2,光伏发电实际功率,181,DS,2025-06-29,122,20:20,20:20,NR1,set_zero,0.0219,0,core-night zero-drift within noise band
clean-2025-v1,附件2,光伏发电实际功率,181,DV,2025-06-29,125,20:50,20:50,NR1,set_zero,0.0016,0,core-night zero-drift within noise band
clean-2025-v1,附件2,光伏发电实际功率,182,T,2025-06-30,19,3:10,3:10,NR1,set_zero,0.0016,0,core-night zero-drift within noise band
clean-2025-v1,附件2,光伏发电实际功率,182,W,2025-06-30,22,3:40,3:40,NR1,set_zero,0.0217,0,core-night zero-drift within noise band
clean-2025-v1,附件2,光伏发电实际功率,182,Z,2025-06-30,25,4:10,4:10,NR1,set_zero,0.302,0,core-night zero-drift within noise band
clean-2025-v1,附件2,光伏发电实际功率,182,AC,2025-06-30,28,4:40,4:40,NR1,set_zero,4.2057,0,core-night zero-drift within noise band
clean-2025-v1,附件2,光伏发电实际功率,182,AE,2025-06-30,30,5:00,5:00,NR5,flag,1.275,1.275,"shoulder weak signal, excluded from sigma estimation"
clean-2025-v1,附件2,光伏发电实际功率,182,DK,2025-06-30,114,19:00,19:00,NR5,flag,1.3875,1.3875,"shoulder weak signal, excluded from sigma estimation"
clean-2025-v1,附件2,光伏发电实际功率,182,DM,2025-06-30,116,19:20,19:20,NR1,set_zero,4.451,0,core-night zero-drift within noise band
clean-2025-v1,附件2,光伏发电实际功率,182,DP,2025-06-30,119,19:50,19:50,NR1,set_zero,0.3196,0,core-night zero-drift within noise band
clean-2025-v1,附件2,光伏发电实际功率,182,DS,2025-06-30,122,20:20,20:20,NR1,set_zero,0.0229,0,core-night zero-drift within noise band
clean-2025-v1,附件2,光伏发电实际功率,182,DV,2025-06-30,125,20:50,20:50,NR1,set_zero,0.0016,0,core-night zero-drift within noise band
clean-2025-v1,附件2,光伏发电实际功率,183,T,2025-07-01,19,3:10,3:10,NR1,set_zero,0.0019,0,core-night zero-drift within noise band
clean-2025-v1,附件2,光伏发电实际功率,183,W,2025-07-01,22,3:40,3:40,NR1,set_zero,0.0266,0,core-night zero-drift within noise band
clean-2025-v1,附件2,光伏发电实际功率,183,Z,2025-07-01,25,4:10,4:10,NR1,set_zero,0.3708,0,core-night zero-drift within noise band
clean-2025-v1,附件2,光伏发电实际功率,183,AC,2025-07-01,28,4:40,4:40,NR2,reject,5.1641,nan,core-night value above noise band (old=5.164100)
clean-2025-v1,附件2,光伏发电实际功率,183,AE,2025-07-01,30,5:00,5:00,NR4,set_zero,0.075,0,shoulder sub-kW noise
clean-2025-v1,附件2,光伏发电实际功率,183,DK,2025-07-01,114,19:00,19:00,NR4,set_zero,0.075,0,shoulder sub-kW noise
clean-2025-v1,附件2,光伏发电实际功率,183,DM,2025-07-01,116,19:20,19:20,NR2,reject,5.1734,nan,core-night value above noise band (old=5.173400)
clean-2025-v1,附件2,光伏发电实际功率,183,DP,2025-07-01,119,19:50,19:50,NR1,set_zero,0.3714,0,core-night zero-drift within noise band
clean-2025-v1,附件2,光伏发电实际功率,183,DS,2025-07-01,122,20:20,20:20,NR1,set_zero,0.0267,0,core-night zero-drift within noise band
clean-2025-v1,附件2,光伏发电实际功率,183,DV,2025-07-01,125,20:50,20:50,NR1,set_zero,0.0019,0,core-night zero-drift within noise band
clean-2025-v1,附件2,光伏发电实际功率,184,T,2025-07-02,19,3:10,3:10,NR1,set_zero,0.0018,0,core-night zero-drift within noise band
clean-2025-v1,附件2,光伏发电实际功率,184,W,2025-07-02,22,3:40,3:40,NR1,set_zero,0.0244,0,core-night zero-drift within noise band
clean-2025-v1,附件2,光伏发电实际功率,184,Z,2025-07-02,25,4:10,4:10,NR1,set_zero,0.3404,0,core-night zero-drift within noise band
clean-2025-v1,附件2,光伏发电实际功率,184,AC,2025-07-02,28,4:40,4:40,NR1,set_zero,4.7413,0,core-night zero-drift within noise band
clean-2025-v1,附件2,光伏发电实际功率,184,DM,2025-07-02,116,19:20,19:20,NR2,reject,5.2939,nan,core-night value above noise band (old=5.293900)
clean-2025-v1,附件2,光伏发电实际功率,184,DP,2025-07-02,119,19:50,19:50,NR1,set_zero,0.3801,0,core-night zero-drift within noise band
clean-2025-v1,附件2,光伏发电实际功率,184,DS,2025-07-02,122,20:20,20:20,NR1,set_zero,0.0273,0,core-night zero-drift within noise band
clean-2025-v1,附件2,光伏发电实际功率,184,DV,2025-07-02,125,20:50,20:50,NR1,set_zero,0.002,0,core-night zero-drift within noise band
clean-2025-v1,附件2,光伏发电实际功率,185,T,2025-07-03,19,3:10,3:10,NR1,set_zero,0.0018,0,core-night zero-drift within noise band
clean-2025-v1,附件2,光伏发电实际功率,185,W,2025-07-03,22,3:40,3:40,NR1,set_zero,0.0251,0,core-night zero-drift within noise band
clean-2025-v1,附件2,光伏发电实际功率,185,Z,2025-07-03,25,4:10,4:10,NR1,set_zero,0.3497,0,core-night zero-drift within noise band
clean-2025-v1,附件2,光伏发电实际功率,185,AC,2025-07-03,28,4:40,4:40,NR1,set_zero,4.8713,0,core-night zero-drift within noise band
clean-2025-v1,附件2,光伏发电实际功率,185,DM,2025-07-03,116,19:20,19:20,NR2,reject,5.3783,nan,core-night value above noise band (old=5.378300)
clean-2025-v1,附件2,光伏发电实际功率,185,DP,2025-07-03,119,19:50,19:50,NR1,set_zero,0.3861,0,core-night zero-drift within noise band
clean-2025-v1,附件2,光伏发电实际功率,185,DS,2025-07-03,122,20:20,20:20,NR1,set_zero,0.0277,0,core-night zero-drift within noise band
clean-2025-v1,附件2,光伏发电实际功率,185,DV,2025-07-03,125,20:50,20:50,NR1,set_zero,0.002,0,core-night zero-drift within noise band
clean-2025-v1,附件2,光伏发电实际功率,186,T,2025-07-04,19,3:10,3:10,NR1,set_zero,0.0017,0,core-night zero-drift within noise band
clean-2025-v1,附件2,光伏发电实际功率,186,W,2025-07-04,22,3:40,3:40,NR1,set_zero,0.024,0,core-night zero-drift within noise band
clean-2025-v1,附件2,光伏发电实际功率,186,Z,2025-07-04,25,4:10,4:10,NR1,set_zero,0.3343,0,core-night zero-drift within noise band
clean-2025-v1,附件2,光伏发电实际功率,186,AC,2025-07-04,28,4:40,4:40,NR1,set_zero,4.6565,0,core-night zero-drift within noise band
clean-2025-v1,附件2,光伏发电实际功率,186,DM,2025-07-04,116,19:20,19:20,NR1,set_zero,4.2926,0,core-night zero-drift within noise band
clean-2025-v1,附件2,光伏发电实际功率,186,DP,2025-07-04,119,19:50,19:50,NR1,set_zero,0.3082,0,core-night zero-drift within noise band
clean-2025-v1,附件2,光伏发电实际功率,186,DS,2025-07-04,122,20:20,20:20,NR1,set_zero,0.0221,0,core-night zero-drift within noise band
clean-2025-v1,附件2,光伏发电实际功率,186,DV,2025-07-04,125,20:50,20:50,NR1,set_zero,0.0016,0,core-night zero-drift within noise band
clean-2025-v1,附件2,光伏发电实际功率,187,T,2025-07-05,19,3:10,3:10,NR1,set_zero,0.0017,0,core-night zero-drift within noise band
clean-2025-v1,附件2,光伏发电实际功率,187,W,2025-07-05,22,3:40,3:40,NR1,set_zero,0.0236,0,core-night zero-drift within noise band
clean-2025-v1,附件2,光伏发电实际功率,187,Z,2025-07-05,25,4:10,4:10,NR1,set_zero,0.3294,0,core-night zero-drift within noise band
clean-2025-v1,附件2,光伏发电实际功率,187,AC,2025-07-05,28,4:40,4:40,NR1,set_zero,4.5877,0,core-night zero-drift within noise band
clean-2025-v1,附件2,光伏发电实际功率,187,DM,2025-07-05,116,19:20,19:20,NR1,set_zero,4.6313,0,core-night zero-drift within noise band
clean-2025-v1,附件2,光伏发电实际功率,187,DP,2025-07-05,119,19:50,19:50,NR1,set_zero,0.3325,0,core-night zero-drift within noise band
clean-2025-v1,附件2,光伏发电实际功率,187,DS,2025-07-05,122,20:20,20:20,NR1,set_zero,0.0239,0,core-night zero-drift within noise band
clean-2025-v1,附件2,光伏发电实际功率,187,DV,2025-07-05,125,20:50,20:50,NR1,set_zero,0.0017,0,core-night zero-drift within noise band
clean-2025-v1,附件2,光伏发电实际功率,188,T,2025-07-06,19,3:10,3:10,NR1,set_zero,0.0017,0,core-night zero-drift within noise band
clean-2025-v1,附件2,光伏发电实际功率,188,W,2025-07-06,22,3:40,3:40,NR1,set_zero,0.0231,0,core-night zero-drift within noise band
clean-2025-v1,附件2,光伏发电实际功率,188,Z,2025-07-06,25,4:10,4:10,NR1,set_zero,0.3218,0,core-night zero-drift within noise band
clean-2025-v1,附件2,光伏发电实际功率,188,AC,2025-07-06,28,4:40,4:40,NR1,set_zero,4.4818,0,core-night zero-drift within noise band
clean-2025-v1,附件2,光伏发电实际功率,188,DM,2025-07-06,116,19:20,19:20,NR1,set_zero,4.2891,0,core-night zero-drift within noise band
clean-2025-v1,附件2,光伏发电实际功率,188,DP,2025-07-06,119,19:50,19:50,NR1,set_zero,0.3079,0,core-night zero-drift within noise band
clean-2025-v1,附件2,光伏发电实际功率,188,DS,2025-07-06,122,20:20,20:20,NR1,set_zero,0.0221,0,core-night zero-drift within noise band
clean-2025-v1,附件2,光伏发电实际功率,188,DV,2025-07-06,125,20:50,20:50,NR1,set_zero,0.0016,0,core-night zero-drift within noise band
clean-2025-v1,附件2,光伏发电实际功率,189,T,2025-07-07,19,3:10,3:10,NR1,set_zero,0.0017,0,core-night zero-drift within noise band
clean-2025-v1,附件2,光伏发电实际功率,189,W,2025-07-07,22,3:40,3:40,NR1,set_zero,0.0237,0,core-night zero-drift within noise band
clean-2025-v1,附件2,光伏发电实际功率,189,Z,2025-07-07,25,4:10,4:10,NR1,set_zero,0.3298,0,core-night zero-drift within noise band
clean-2025-v1,附件2,光伏发电实际功率,189,AC,2025-07-07,28,4:40,4:40,NR1,set_zero,4.593,0,core-night zero-drift within noise band
clean-2025-v1,附件2,光伏发电实际功率,189,DM,2025-07-07,116,19:20,19:20,NR1,set_zero,4.4273,0,core-night zero-drift within noise band
clean-2025-v1,附件2,光伏发电实际功率,189,DP,2025-07-07,119,19:50,19:50,NR1,set_zero,0.3179,0,core-night zero-drift within noise band
clean-2025-v1,附件2,光伏发电实际功率,189,DS,2025-07-07,122,20:20,20:20,NR1,set_zero,0.0228,0,core-night zero-drift within noise band
clean-2025-v1,附件2,光伏发电实际功率,189,DV,2025-07-07,125,20:50,20:50,NR1,set_zero,0.0016,0,core-night zero-drift within noise band
clean-2025-v1,附件2,光伏发电实际功率,190,T,2025-07-08,19,3:10,3:10,NR1,set_zero,0.0011,0,core-night zero-drift within noise band
clean-2025-v1,附件2,光伏发电实际功率,190,W,2025-07-08,22,3:40,3:40,NR1,set_zero,0.0158,0,core-night zero-drift within noise band
clean-2025-v1,附件2,光伏发电实际功率,190,Z,2025-07-08,25,4:10,4:10,NR1,set_zero,0.2206,0,core-night zero-drift within noise band
clean-2025-v1,附件2,光伏发电实际功率,190,AC,2025-07-08,28,4:40,4:40,NR1,set_zero,3.0722,0,core-night zero-drift within noise band
clean-2025-v1,附件2,光伏发电实际功率,190,DM,2025-07-08,116,19:20,19:20,NR1,set_zero,3.9944,0,core-night zero-drift within noise band
clean-2025-v1,附件2,光伏发电实际功率,190,DP,2025-07-08,119,19:50,19:50,NR1,set_zero,0.2868,0,core-night zero-drift within noise band
clean-2025-v1,附件2,光伏发电实际功率,190,DS,2025-07-08,122,20:20,20:20,NR1,set_zero,0.0206,0,core-night zero-drift within noise band
clean-2025-v1,附件2,光伏发电实际功率,190,DV,2025-07-08,125,20:50,20:50,NR1,set_zero,0.0015,0,core-night zero-drift within noise band
clean-2025-v1,附件2,光伏发电实际功率,191,T,2025-07-09,19,3:10,3:10,NR1,set_zero,0.0015,0,core-night zero-drift within noise band
clean-2025-v1,附件2,光伏发电实际功率,191,W,2025-07-09,22,3:40,3:40,NR1,set_zero,0.0204,0,core-night zero-drift within noise band
clean-2025-v1,附件2,光伏发电实际功率,191,Z,2025-07-09,25,4:10,4:10,NR1,set_zero,0.2835,0,core-night zero-drift within noise band
clean-2025-v1,附件2,光伏发电实际功率,191,AC,2025-07-09,28,4:40,4:40,NR1,set_zero,3.9484,0,core-night zero-drift within noise band
clean-2025-v1,附件2,光伏发电实际功率,191,DM,2025-07-09,116,19:20,19:20,NR1,set_zero,3.8214,0,core-night zero-drift within noise band
clean-2025-v1,附件2,光伏发电实际功率,191,DP,2025-07-09,119,19:50,19:50,NR1,set_zero,0.2744,0,core-night zero-drift within noise band
clean-2025-v1,附件2,光伏发电实际功率,191,DS,2025-07-09,122,20:20,20:20,NR1,set_zero,0.0197,0,core-night zero-drift within noise band
clean-2025-v1,附件2,光伏发电实际功率,191,DV,2025-07-09,125,20:50,20:50,NR1,set_zero,0.0014,0,core-night zero-drift within noise band
clean-2025-v1,附件2,光伏发电实际功率,192,T,2025-07-10,19,3:10,3:10,NR1,set_zero,0.0011,0,core-night zero-drift within noise band
clean-2025-v1,附件2,光伏发电实际功率,192,W,2025-07-10,22,3:40,3:40,NR1,set_zero,0.016,0,core-night zero-drift within noise band
clean-2025-v1,附件2,光伏发电实际功率,192,Z,2025-07-10,25,4:10,4:10,NR1,set_zero,0.2231,0,core-night zero-drift within noise band
clean-2025-v1,附件2,光伏发电实际功率,192,AC,2025-07-10,28,4:40,4:40,NR1,set_zero,3.1072,0,core-night zero-drift within noise band
clean-2025-v1,附件2,光伏发电实际功率,192,DM,2025-07-10,116,19:20,19:20,NR1,set_zero,3.4373,0,core-night zero-drift within noise band
clean-2025-v1,附件2,光伏发电实际功率,192,DP,2025-07-10,119,19:50,19:50,NR1,set_zero,0.2468,0,core-night zero-drift within noise band
clean-2025-v1,附件2,光伏发电实际功率,192,DS,2025-07-10,122,20:20,20:20,NR1,set_zero,0.0177,0,core-night zero-drift within noise band
clean-2025-v1,附件2,光伏发电实际功率,192,DV,2025-07-10,125,20:50,20:50,NR1,set_zero,0.0013,0,core-night zero-drift within noise band
clean-2025-v1,附件2,光伏发电实际功率,193,T,2025-07-11,19,3:10,3:10,NR1,set_zero,0.0011,0,core-night zero-drift within noise band
clean-2025-v1,附件2,光伏发电实际功率,193,W,2025-07-11,22,3:40,3:40,NR1,set_zero,0.0148,0,core-night zero-drift within noise band
clean-2025-v1,附件2,光伏发电实际功率,193,Z,2025-07-11,25,4:10,4:10,NR1,set_zero,0.2054,0,core-night zero-drift within noise band
clean-2025-v1,附件2,光伏发电实际功率,193,AC,2025-07-11,28,4:40,4:40,NR1,set_zero,2.8615,0,core-night zero-drift within noise band
clean-2025-v1,附件2,光伏发电实际功率,193,DM,2025-07-11,116,19:20,19:20,NR1,set_zero,3.5346,0,core-night zero-drift within noise band
clean-2025-v1,附件2,光伏发电实际功率,193,DP,2025-07-11,119,19:50,19:50,NR1,set_zero,0.2538,0,core-night zero-drift within noise band
clean-2025-v1,附件2,光伏发电实际功率,193,DS,2025-07-11,122,20:20,20:20,NR1,set_zero,0.0182,0,core-night zero-drift within noise band
clean-2025-v1,附件2,光伏发电实际功率,193,DV,2025-07-11,125,20:50,20:50,NR1,set_zero,0.0013,0,core-night zero-drift within noise band
clean-2025-v1,附件2,光伏发电实际功率,194,T,2025-07-12,19,3:10,3:10,NR1,set_zero,0.0013,0,core-night zero-drift within noise band
clean-2025-v1,附件2,光伏发电实际功率,194,W,2025-07-12,22,3:40,3:40,NR1,set_zero,0.0188,0,core-night zero-drift within noise band
clean-2025-v1,附件2,光伏发电实际功率,194,Z,2025-07-12,25,4:10,4:10,NR1,set_zero,0.2616,0,core-night zero-drift within noise band
clean-2025-v1,附件2,光伏发电实际功率,194,AC,2025-07-12,28,4:40,4:40,NR1,set_zero,3.6435,0,core-night zero-drift within noise band
clean-2025-v1,附件2,光伏发电实际功率,194,DM,2025-07-12,116,19:20,19:20,NR1,set_zero,3.0907,0,core-night zero-drift within noise band
clean-2025-v1,附件2,光伏发电实际功率,194,DP,2025-07-12,119,19:50,19:50,NR1,set_zero,0.2219,0,core-night zero-drift within noise band
clean-2025-v1,附件2,光伏发电实际功率,194,DS,2025-07-12,122,20:20,20:20,NR1,set_zero,0.0159,0,core-night zero-drift within noise band
clean-2025-v1,附件2,光伏发电实际功率,194,DV,2025-07-12,125,20:50,20:50,NR1,set_zero,0.0011,0,core-night zero-drift within noise band
clean-2025-v1,附件2,光伏发电实际功率,195,T,2025-07-13,19,3:10,3:10,NR1,set_zero,0.0013,0,core-night zero-drift within noise band
clean-2025-v1,附件2,光伏发电实际功率,195,W,2025-07-13,22,3:40,3:40,NR1,set_zero,0.0185,0,core-night zero-drift within noise band
clean-2025-v1,附件2,光伏发电实际功率,195,Z,2025-07-13,25,4:10,4:10,NR1,set_zero,0.258,0,core-night zero-drift within noise band
clean-2025-v1,附件2,光伏发电实际功率,195,AC,2025-07-13,28,4:40,4:40,NR1,set_zero,3.5933,0,core-night zero-drift within noise band
clean-2025-v1,附件2,光伏发电实际功率,195,DM,2025-07-13,116,19:20,19:20,NR1,set_zero,3.152,0,core-night zero-drift within noise band
clean-2025-v1,附件2,光伏发电实际功率,195,DP,2025-07-13,119,19:50,19:50,NR1,set_zero,0.2263,0,core-night zero-drift within noise band
clean-2025-v1,附件2,光伏发电实际功率,195,DS,2025-07-13,122,20:20,20:20,NR1,set_zero,0.0162,0,core-night zero-drift within noise band
clean-2025-v1,附件2,光伏发电实际功率,195,DV,2025-07-13,125,20:50,20:50,NR1,set_zero,0.0012,0,core-night zero-drift within noise band
clean-2025-v1,附件2,光伏发电实际功率,196,T,2025-07-14,19,3:10,3:10,NR1,set_zero,0.0012,0,core-night zero-drift within noise band
clean-2025-v1,附件2,光伏发电实际功率,196,W,2025-07-14,22,3:40,3:40,NR1,set_zero,0.0164,0,core-night zero-drift within noise band
clean-2025-v1,附件2,光伏发电实际功率,196,Z,2025-07-14,25,4:10,4:10,NR1,set_zero,0.2285,0,core-night zero-drift within noise band
clean-2025-v1,附件2,光伏发电实际功率,196,AC,2025-07-14,28,4:40,4:40,NR1,set_zero,3.1833,0,core-night zero-drift within noise band
clean-2025-v1,附件2,光伏发电实际功率,196,DM,2025-07-14,116,19:20,19:20,NR1,set_zero,2.715,0,core-night zero-drift within noise band
clean-2025-v1,附件2,光伏发电实际功率,196,DP,2025-07-14,119,19:50,19:50,NR1,set_zero,0.1949,0,core-night zero-drift within noise band
clean-2025-v1,附件2,光伏发电实际功率,196,DS,2025-07-14,122,20:20,20:20,NR1,set_zero,0.014,0,core-night zero-drift within noise band
clean-2025-v1,附件2,光伏发电实际功率,196,DV,2025-07-14,125,20:50,20:50,NR1,set_zero,0.001,0,core-night zero-drift within noise band
clean-2025-v1,附件2,光伏发电实际功率,197,W,2025-07-15,22,3:40,3:40,NR1,set_zero,0.0123,0,core-night zero-drift within noise band
clean-2025-v1,附件2,光伏发电实际功率,197,Z,2025-07-15,25,4:10,4:10,NR1,set_zero,0.1716,0,core-night zero-drift within noise band
clean-2025-v1,附件2,光伏发电实际功率,197,AC,2025-07-15,28,4:40,4:40,NR1,set_zero,2.3906,0,core-night zero-drift within noise band
clean-2025-v1,附件2,光伏发电实际功率,197,DM,2025-07-15,116,19:20,19:20,NR1,set_zero,2.8801,0,core-night zero-drift within noise band
clean-2025-v1,附件2,光伏发电实际功率,197,DP,2025-07-15,119,19:50,19:50,NR1,set_zero,0.2068,0,core-night zero-drift within noise band
clean-2025-v1,附件2,光伏发电实际功率,197,DS,2025-07-15,122,20:20,20:20,NR1,set_zero,0.0148,0,core-night zero-drift within noise band
clean-2025-v1,附件2,光伏发电实际功率,197,DV,2025-07-15,125,20:50,20:50,NR1,set_zero,0.0011,0,core-night zero-drift within noise band
clean-2025-v1,附件2,光伏发电实际功率,198,W,2025-07-16,22,3:40,3:40,NR1,set_zero,0.0127,0,core-night zero-drift within noise band
clean-2025-v1,附件2,光伏发电实际功率,198,Z,2025-07-16,25,4:10,4:10,NR1,set_zero,0.1765,0,core-night zero-drift within noise band
clean-2025-v1,附件2,光伏发电实际功率,198,AC,2025-07-16,28,4:40,4:40,NR1,set_zero,2.458,0,core-night zero-drift within noise band
clean-2025-v1,附件2,光伏发电实际功率,198,DM,2025-07-16,116,19:20,19:20,NR1,set_zero,2.3801,0,core-night zero-drift within noise band
clean-2025-v1,附件2,光伏发电实际功率,198,DP,2025-07-16,119,19:50,19:50,NR1,set_zero,0.1709,0,core-night zero-drift within noise band
clean-2025-v1,附件2,光伏发电实际功率,198,DS,2025-07-16,122,20:20,20:20,NR1,set_zero,0.0123,0,core-night zero-drift within noise band
clean-2025-v1,附件2,光伏发电实际功率,199,W,2025-07-17,22,3:40,3:40,NR1,set_zero,0.0121,0,core-night zero-drift within noise band
clean-2025-v1,附件2,光伏发电实际功率,199,Z,2025-07-17,25,4:10,4:10,NR1,set_zero,0.1692,0,core-night zero-drift within noise band
clean-2025-v1,附件2,光伏发电实际功率,199,AC,2025-07-17,28,4:40,4:40,NR1,set_zero,2.3561,0,core-night zero-drift within noise band
clean-2025-v1,附件2,光伏发电实际功率,199,DM,2025-07-17,116,19:20,19:20,NR1,set_zero,1.9162,0,core-night zero-drift within noise band
clean-2025-v1,附件2,光伏发电实际功率,199,DP,2025-07-17,119,19:50,19:50,NR1,set_zero,0.1376,0,core-night zero-drift within noise band
clean-2025-v1,附件2,光伏发电实际功率,199,DS,2025-07-17,122,20:20,20:20,NR1,set_zero,0.0099,0,core-night zero-drift within noise band
clean-2025-v1,附件2,光伏发电实际功率,200,W,2025-07-18,22,3:40,3:40,NR1,set_zero,0.0119,0,core-night zero-drift within noise band
clean-2025-v1,附件2,光伏发电实际功率,200,Z,2025-07-18,25,4:10,4:10,NR1,set_zero,0.1652,0,core-night zero-drift within noise band
clean-2025-v1,附件2,光伏发电实际功率,200,AC,2025-07-18,28,4:40,4:40,NR1,set_zero,2.3008,0,core-night zero-drift within noise band
clean-2025-v1,附件2,光伏发电实际功率,200,DM,2025-07-18,116,19:20,19:20,NR1,set_zero,1.881,0,core-night zero-drift within noise band
clean-2025-v1,附件2,光伏发电实际功率,200,DP,2025-07-18,119,19:50,19:50,NR1,set_zero,0.1351,0,core-night zero-drift within noise band
clean-2025-v1,附件2,光伏发电实际功率,200,DS,2025-07-18,122,20:20,20:20,NR1,set_zero,0.0097,0,core-night zero-drift within noise band
clean-2025-v1,附件2,光伏发电实际功率,201,W,2025-07-19,22,3:40,3:40,NR1,set_zero,0.009,0,core-night zero-drift within noise band
clean-2025-v1,附件2,光伏发电实际功率,201,Z,2025-07-19,25,4:10,4:10,NR1,set_zero,0.1257,0,core-night zero-drift within noise band
clean-2025-v1,附件2,光伏发电实际功率,201,AC,2025-07-19,28,4:40,4:40,NR1,set_zero,1.7513,0,core-night zero-drift within noise band
clean-2025-v1,附件2,光伏发电实际功率,201,DM,2025-07-19,116,19:20,19:20,NR1,set_zero,1.5614,0,core-night zero-drift within noise band
clean-2025-v1,附件2,光伏发电实际功率,201,DP,2025-07-19,119,19:50,19:50,NR1,set_zero,0.1121,0,core-night zero-drift within noise band
clean-2025-v1,附件2,光伏发电实际功率,201,DS,2025-07-19,122,20:20,20:20,NR1,set_zero,0.008,0,core-night zero-drift within noise band
clean-2025-v1,附件2,光伏发电实际功率,202,W,2025-07-20,22,3:40,3:40,NR1,set_zero,0.0066,0,core-night zero-drift within noise band
clean-2025-v1,附件2,光伏发电实际功率,202,Z,2025-07-20,25,4:10,4:10,NR1,set_zero,0.0913,0,core-night zero-drift within noise band
clean-2025-v1,附件2,光伏发电实际功率,202,AC,2025-07-20,28,4:40,4:40,NR1,set_zero,1.2711,0,core-night zero-drift within noise band
clean-2025-v1,附件2,光伏发电实际功率,202,DM,2025-07-20,116,19:20,19:20,NR1,set_zero,1.6004,0,core-night zero-drift within noise band
clean-2025-v1,附件2,光伏发电实际功率,202,DP,2025-07-20,119,19:50,19:50,NR1,set_zero,0.1149,0,core-night zero-drift within noise band
clean-2025-v1,附件2,光伏发电实际功率,202,DS,2025-07-20,122,20:20,20:20,NR1,set_zero,0.0082,0,core-night zero-drift within noise band
clean-2025-v1,附件2,光伏发电实际功率,203,W,2025-07-21,22,3:40,3:40,NR1,set_zero,0.0065,0,core-night zero-drift within noise band
clean-2025-v1,附件2,光伏发电实际功率,203,Z,2025-07-21,25,4:10,4:10,NR1,set_zero,0.0898,0,core-night zero-drift within noise band
clean-2025-v1,附件2,光伏发电实际功率,203,AC,2025-07-21,28,4:40,4:40,NR1,set_zero,1.2513,0,core-night zero-drift within noise band
clean-2025-v1,附件2,光伏发电实际功率,203,DM,2025-07-21,116,19:20,19:20,NR1,set_zero,1.1021,0,core-night zero-drift within noise band
clean-2025-v1,附件2,光伏发电实际功率,203,DP,2025-07-21,119,19:50,19:50,NR1,set_zero,0.0791,0,core-night zero-drift within noise band
clean-2025-v1,附件2,光伏发电实际功率,203,DS,2025-07-21,122,20:20,20:20,NR1,set_zero,0.0057,0,core-night zero-drift within noise band
clean-2025-v1,附件2,光伏发电实际功率,204,W,2025-07-22,22,3:40,3:40,NR1,set_zero,0.0066,0,core-night zero-drift within noise band
clean-2025-v1,附件2,光伏发电实际功率,204,Z,2025-07-22,25,4:10,4:10,NR1,set_zero,0.0919,0,core-night zero-drift within noise band
clean-2025-v1,附件2,光伏发电实际功率,204,AC,2025-07-22,28,4:40,4:40,NR1,set_zero,1.2806,0,core-night zero-drift within noise band
clean-2025-v1,附件2,光伏发电实际功率,204,DM,2025-07-22,116,19:20,19:20,NR1,set_zero,1.2678,0,core-night zero-drift within noise band
clean-2025-v1,附件2,光伏发电实际功率,204,DP,2025-07-22,119,19:50,19:50,NR1,set_zero,0.091,0,core-night zero-drift within noise band
clean-2025-v1,附件2,光伏发电实际功率,204,DS,2025-07-22,122,20:20,20:20,NR1,set_zero,0.0065,0,core-night zero-drift within noise band
clean-2025-v1,附件2,光伏发电实际功率,205,W,2025-07-23,22,3:40,3:40,NR1,set_zero,0.0031,0,core-night zero-drift within noise band
clean-2025-v1,附件2,光伏发电实际功率,205,Z,2025-07-23,25,4:10,4:10,NR1,set_zero,0.0426,0,core-night zero-drift within noise band
clean-2025-v1,附件2,光伏发电实际功率,205,AC,2025-07-23,28,4:40,4:40,NR1,set_zero,0.5931,0,core-night zero-drift within noise band
clean-2025-v1,附件2,光伏发电实际功率,205,DM,2025-07-23,116,19:20,19:20,NR1,set_zero,0.9143,0,core-night zero-drift within noise band
clean-2025-v1,附件2,光伏发电实际功率,205,DP,2025-07-23,119,19:50,19:50,NR1,set_zero,0.0656,0,core-night zero-drift within noise band
clean-2025-v1,附件2,光伏发电实际功率,205,DS,2025-07-23,122,20:20,20:20,NR1,set_zero,0.0047,0,core-night zero-drift within noise band
clean-2025-v1,附件2,光伏发电实际功率,206,W,2025-07-24,22,3:40,3:40,NR1,set_zero,0.0025,0,core-night zero-drift within noise band
clean-2025-v1,附件2,光伏发电实际功率,206,Z,2025-07-24,25,4:10,4:10,NR1,set_zero,0.0342,0,core-night zero-drift within noise band
clean-2025-v1,附件2,光伏发电实际功率,206,AC,2025-07-24,28,4:40,4:40,NR1,set_zero,0.476,0,core-night zero-drift within noise band
clean-2025-v1,附件2,光伏发电实际功率,206,DM,2025-07-24,116,19:20,19:20,NR1,set_zero,0.3527,0,core-night zero-drift within noise band
clean-2025-v1,附件2,光伏发电实际功率,206,DP,2025-07-24,119,19:50,19:50,NR1,set_zero,0.0253,0,core-night zero-drift within noise band
clean-2025-v1,附件2,光伏发电实际功率,206,DS,2025-07-24,122,20:20,20:20,NR1,set_zero,0.0018,0,core-night zero-drift within noise band
clean-2025-v1,附件2,光伏发电实际功率,207,W,2025-07-25,22,3:40,3:40,NR1,set_zero,0.0017,0,core-night zero-drift within noise band
clean-2025-v1,附件2,光伏发电实际功率,207,Z,2025-07-25,25,4:10,4:10,NR1,set_zero,0.0243,0,core-night zero-drift within noise band
clean-2025-v1,附件2,光伏发电实际功率,207,AC,2025-07-25,28,4:40,4:40,NR1,set_zero,0.3384,0,core-night zero-drift within noise band
clean-2025-v1,附件2,光伏发电实际功率,207,DM,2025-07-25,116,19:20,19:20,NR1,set_zero,0.4267,0,core-night zero-drift within noise band
clean-2025-v1,附件2,光伏发电实际功率,207,DP,2025-07-25,119,19:50,19:50,NR1,set_zero,0.0306,0,core-night zero-drift within noise band
clean-2025-v1,附件2,光伏发电实际功率,207,DS,2025-07-25,122,20:20,20:20,NR1,set_zero,0.0022,0,core-night zero-drift within noise band
clean-2025-v1,附件2,光伏发电实际功率,208,Z,2025-07-26,25,4:10,4:10,NR1,set_zero,0.0039,0,core-night zero-drift within noise band
clean-2025-v1,附件2,光伏发电实际功率,208,AC,2025-07-26,28,4:40,4:40,NR1,set_zero,0.0549,0,core-night zero-drift within noise band
clean-2025-v1,附件2,光伏发电实际功率,208,DL,2025-07-26,115,19:10,19:10,NR1,set_zero,0.279,0,core-night zero-drift within noise band
clean-2025-v1,附件2,光伏发电实际功率,208,DO,2025-07-26,118,19:40,19:40,NR1,set_zero,0.02,0,core-night zero-drift within noise band
clean-2025-v1,附件2,光伏发电实际功率,208,DR,2025-07-26,121,20:10,20:10,NR1,set_zero,0.0014,0,core-night zero-drift within noise band
clean-2025-v1,附件2,光伏发电实际功率,209,X,2025-07-27,23,3:50,3:50,NR1,set_zero,0.0032,0,core-night zero-drift within noise band
clean-2025-v1,附件2,光伏发电实际功率,209,AA,2025-07-27,26,4:20,4:20,NR1,set_zero,0.0442,0,core-night zero-drift within noise band
clean-2025-v1,附件2,光伏发电实际功率,209,AD,2025-07-27,29,4:50,4:50,NR1,set_zero,0.616,0,core-night zero-drift within noise band
clean-2025-v1,附件2,光伏发电实际功率,209,DL,2025-07-27,115,19:10,19:10,NR1,set_zero,0.1924,0,core-night zero-drift within noise band
clean-2025-v1,附件2,光伏发电实际功率,209,DO,2025-07-27,118,19:40,19:40,NR1,set_zero,0.0138,0,core-night zero-drift within noise band
clean-2025-v1,附件2,光伏发电实际功率,210,X,2025-07-28,23,3:50,3:50,NR1,set_zero,0.0063,0,core-night zero-drift within noise band
clean-2025-v1,附件2,光伏发电实际功率,210,AA,2025-07-28,26,4:20,4:20,NR1,set_zero,0.0875,0,core-night zero-drift within noise band
clean-2025-v1,附件2,光伏发电实际功率,210,AD,2025-07-28,29,4:50,4:50,NR1,set_zero,1.2188,0,core-night zero-drift within noise band
clean-2025-v1,附件2,光伏发电实际功率,210,AF,2025-07-28,31,5:10,5:10,NR5,flag,4.5387,4.5387,"shoulder weak signal, excluded from sigma estimation"
clean-2025-v1,附件2,光伏发电实际功率,210,DJ,2025-07-28,113,18:50,18:50,NR5,flag,1.4175,1.4175,"shoulder weak signal, excluded from sigma estimation"
clean-2025-v1,附件2,光伏发电实际功率,210,DL,2025-07-28,115,19:10,19:10,NR1,set_zero,1.4949,0,core-night zero-drift within noise band
clean-2025-v1,附件2,光伏发电实际功率,210,DO,2025-07-28,118,19:40,19:40,NR1,set_zero,0.1073,0,core-night zero-drift within noise band
clean-2025-v1,附件2,光伏发电实际功率,210,DR,2025-07-28,121,20:10,20:10,NR1,set_zero,0.0077,0,core-night zero-drift within noise band
clean-2025-v1,附件2,光伏发电实际功率,211,X,2025-07-29,23,3:50,3:50,NR1,set_zero,0.0111,0,core-night zero-drift within noise band
clean-2025-v1,附件2,光伏发电实际功率,211,AA,2025-07-29,26,4:20,4:20,NR1,set_zero,0.1548,0,core-night zero-drift within noise band
clean-2025-v1,附件2,光伏发电实际功率,211,AD,2025-07-29,29,4:50,4:50,NR1,set_zero,2.1561,0,core-night zero-drift within noise band
clean-2025-v1,附件2,光伏发电实际功率,211,DL,2025-07-29,115,19:10,19:10,NR1,set_zero,1.793,0,core-night zero-drift within noise band
clean-2025-v1,附件2,光伏发电实际功率,211,DO,2025-07-29,118,19:40,19:40,NR1,set_zero,0.1287,0,core-night zero-drift within noise band
clean-2025-v1,附件2,光伏发电实际功率,211,DR,2025-07-29,121,20:10,20:10,NR1,set_zero,0.0092,0,core-night zero-drift within noise band
clean-2025-v1,附件2,光伏发电实际功率,212,X,2025-07-30,23,3:50,3:50,NR1,set_zero,0.0129,0,core-night zero-drift within noise band
clean-2025-v1,附件2,光伏发电实际功率,212,AA,2025-07-30,26,4:20,4:20,NR1,set_zero,0.1796,0,core-night zero-drift within noise band
clean-2025-v1,附件2,光伏发电实际功率,212,AD,2025-07-30,29,4:50,4:50,NR1,set_zero,2.5013,0,core-night zero-drift within noise band
clean-2025-v1,附件2,光伏发电实际功率,212,DL,2025-07-30,115,19:10,19:10,NR1,set_zero,2.4162,0,core-night zero-drift within noise band
clean-2025-v1,附件2,光伏发电实际功率,212,DO,2025-07-30,118,19:40,19:40,NR1,set_zero,0.1735,0,core-night zero-drift within noise band
clean-2025-v1,附件2,光伏发电实际功率,212,DR,2025-07-30,121,20:10,20:10,NR1,set_zero,0.0125,0,core-night zero-drift within noise band
clean-2025-v1,附件2,光伏发电实际功率,213,U,2025-07-31,20,3:20,3:20,NR1,set_zero,0.0011,0,core-night zero-drift within noise band
clean-2025-v1,附件2,光伏发电实际功率,213,X,2025-07-31,23,3:50,3:50,NR1,set_zero,0.016,0,core-night zero-drift within noise band
clean-2025-v1,附件2,光伏发电实际功率,213,AA,2025-07-31,26,4:20,4:20,NR1,set_zero,0.2223,0,core-night zero-drift within noise band
clean-2025-v1,附件2,光伏发电实际功率,213,AD,2025-07-31,29,4:50,4:50,NR1,set_zero,3.0963,0,core-night zero-drift within noise band
clean-2025-v1,附件2,光伏发电实际功率,213,DL,2025-07-31,115,19:10,19:10,NR1,set_zero,3.0637,0,core-night zero-drift within noise band
clean-2025-v1,附件2,光伏发电实际功率,213,DO,2025-07-31,118,19:40,19:40,NR1,set_zero,0.22,0,core-night zero-drift within noise band
clean-2025-v1,附件2,光伏发电实际功率,213,DR,2025-07-31,121,20:10,20:10,NR1,set_zero,0.0158,0,core-night zero-drift within noise band
clean-2025-v1,附件2,光伏发电实际功率,213,DU,2025-07-31,124,20:40,20:40,NR1,set_zero,0.0011,0,core-night zero-drift within noise band
clean-2025-v1,附件2,光伏发电实际功率,214,U,2025-08-01,20,3:20,3:20,NR1,set_zero,0.0015,0,core-night zero-drift within noise band
clean-2025-v1,附件2,光伏发电实际功率,214,X,2025-08-01,23,3:50,3:50,NR1,set_zero,0.0208,0,core-night zero-drift within noise band
clean-2025-v1,附件2,光伏发电实际功率,214,AA,2025-08-01,26,4:20,4:20,NR1,set_zero,0.2902,0,core-night zero-drift within noise band
clean-2025-v1,附件2,光伏发电实际功率,214,AD,2025-08-01,29,4:50,4:50,NR1,set_zero,4.0425,0,core-night zero-drift within noise band
clean-2025-v1,附件2,光伏发电实际功率,214,DL,2025-08-01,115,19:10,19:10,NR1,set_zero,3.6822,0,core-night zero-drift within noise band
clean-2025-v1,附件2,光伏发电实际功率,214,DO,2025-08-01,118,19:40,19:40,NR1,set_zero,0.2644,0,core-night zero-drift within noise band
clean-2025-v1,附件2,光伏发电实际功率,214,DR,2025-08-01,121,20:10,20:10,NR1,set_zero,0.019,0,core-night zero-drift within noise band
clean-2025-v1,附件2,光伏发电实际功率,214,DU,2025-08-01,124,20:40,20:40,NR1,set_zero,0.0014,0,core-night zero-drift within noise band
clean-2025-v1,附件2,光伏发电实际功率,215,U,2025-08-02,20,3:20,3:20,NR1,set_zero,0.0015,0,core-night zero-drift within noise band
clean-2025-v1,附件2,光伏发电实际功率,215,X,2025-08-02,23,3:50,3:50,NR1,set_zero,0.0204,0,core-night zero-drift within noise band
clean-2025-v1,附件2,光伏发电实际功率,215,AA,2025-08-02,26,4:20,4:20,NR1,set_zero,0.2836,0,core-night zero-drift within noise band
clean-2025-v1,附件2,光伏发电实际功率,215,AD,2025-08-02,29,4:50,4:50,NR1,set_zero,3.9495,0,core-night zero-drift within noise band
clean-2025-v1,附件2,光伏发电实际功率,215,DL,2025-08-02,115,19:10,19:10,NR1,set_zero,3.6758,0,core-night zero-drift within noise band
clean-2025-v1,附件2,光伏发电实际功率,215,DO,2025-08-02,118,19:40,19:40,NR1,set_zero,0.2639,0,core-night zero-drift within noise band
clean-2025-v1,附件2,光伏发电实际功率,215,DR,2025-08-02,121,20:10,20:10,NR1,set_zero,0.0189,0,core-night zero-drift within noise band
clean-2025-v1,附件2,光伏发电实际功率,215,DU,2025-08-02,124,20:40,20:40,NR1,set_zero,0.0014,0,core-night zero-drift within noise band
clean-2025-v1,附件2,光伏发电实际功率,216,U,2025-08-03,20,3:20,3:20,NR1,set_zero,0.0014,0,core-night zero-drift within noise band
clean-2025-v1,附件2,光伏发电实际功率,216,X,2025-08-03,23,3:50,3:50,NR1,set_zero,0.0191,0,core-night zero-drift within noise band
clean-2025-v1,附件2,光伏发电实际功率,216,AA,2025-08-03,26,4:20,4:20,NR1,set_zero,0.2662,0,core-night zero-drift within noise band
clean-2025-v1,附件2,光伏发电实际功率,216,AD,2025-08-03,29,4:50,4:50,NR1,set_zero,3.7073,0,core-night zero-drift within noise band
clean-2025-v1,附件2,光伏发电实际功率,216,DL,2025-08-03,115,19:10,19:10,NR1,set_zero,3.8249,0,core-night zero-drift within noise band
clean-2025-v1,附件2,光伏发电实际功率,216,DO,2025-08-03,118,19:40,19:40,NR1,set_zero,0.2746,0,core-night zero-drift within noise band
clean-2025-v1,附件2,光伏发电实际功率,216,DR,2025-08-03,121,20:10,20:10,NR1,set_zero,0.0197,0,core-night zero-drift within noise band
clean-2025-v1,附件2,光伏发电实际功率,216,DU,2025-08-03,124,20:40,20:40,NR1,set_zero,0.0014,0,core-night zero-drift within noise band
clean-2025-v1,附件2,光伏发电实际功率,217,U,2025-08-04,20,3:20,3:20,NR1,set_zero,0.0011,0,core-night zero-drift within noise band
clean-2025-v1,附件2,光伏发电实际功率,217,X,2025-08-04,23,3:50,3:50,NR1,set_zero,0.015,0,core-night zero-drift within noise band
clean-2025-v1,附件2,光伏发电实际功率,217,AA,2025-08-04,26,4:20,4:20,NR1,set_zero,0.2087,0,core-night zero-drift within noise band
clean-2025-v1,附件2,光伏发电实际功率,217,AD,2025-08-04,29,4:50,4:50,NR1,set_zero,2.9063,0,core-night zero-drift within noise band
clean-2025-v1,附件2,光伏发电实际功率,217,DL,2025-08-04,115,19:10,19:10,NR1,set_zero,3.3391,0,core-night zero-drift within noise band
clean-2025-v1,附件2,光伏发电实际功率,217,DO,2025-08-04,118,19:40,19:40,NR1,set_zero,0.2397,0,core-night zero-drift within noise band
clean-2025-v1,附件2,光伏发电实际功率,217,DR,2025-08-04,121,20:10,20:10,NR1,set_zero,0.0172,0,core-night zero-drift within noise band
clean-2025-v1,附件2,光伏发电实际功率,217,DU,2025-08-04,124,20:40,20:40,NR1,set_zero,0.0012,0,core-night zero-drift within noise band
clean-2025-v1,附件2,光伏发电实际功率,218,X,2025-08-05,23,3:50,3:50,NR1,set_zero,0.0128,0,core-night zero-drift within noise band
clean-2025-v1,附件2,光伏发电实际功率,218,AA,2025-08-05,26,4:20,4:20,NR1,set_zero,0.1777,0,core-night zero-drift within noise band
clean-2025-v1,附件2,光伏发电实际功率,218,AD,2025-08-05,29,4:50,4:50,NR1,set_zero,2.4755,0,core-night zero-drift within noise band
clean-2025-v1,附件2,光伏发电实际功率,218,DL,2025-08-05,115,19:10,19:10,NR1,set_zero,2.7896,0,core-night zero-drift within noise band
clean-2025-v1,附件2,光伏发电实际功率,218,DO,2025-08-05,118,19:40,19:40,NR1,set_zero,0.2003,0,core-night zero-drift within noise band
clean-2025-v1,附件2,光伏发电实际功率,218,DR,2025-08-05,121,20:10,20:10,NR1,set_zero,0.0144,0,core-night zero-drift within noise band
clean-2025-v1,附件2,光伏发电实际功率,218,DU,2025-08-05,124,20:40,20:40,NR1,set_zero,0.001,0,core-night zero-drift within noise band
clean-2025-v1,附件2,光伏发电实际功率,219,X,2025-08-06,23,3:50,3:50,NR1,set_zero,0.0131,0,core-night zero-drift within noise band
clean-2025-v1,附件2,光伏发电实际功率,219,AA,2025-08-06,26,4:20,4:20,NR1,set_zero,0.1819,0,core-night zero-drift within noise band
clean-2025-v1,附件2,光伏发电实际功率,219,AD,2025-08-06,29,4:50,4:50,NR1,set_zero,2.5337,0,core-night zero-drift within noise band
clean-2025-v1,附件2,光伏发电实际功率,219,DL,2025-08-06,115,19:10,19:10,NR1,set_zero,2.8836,0,core-night zero-drift within noise band
clean-2025-v1,附件2,光伏发电实际功率,219,DO,2025-08-06,118,19:40,19:40,NR1,set_zero,0.207,0,core-night zero-drift within noise band
clean-2025-v1,附件2,光伏发电实际功率,219,DR,2025-08-06,121,20:10,20:10,NR1,set_zero,0.0149,0,core-night zero-drift within noise band
clean-2025-v1,附件2,光伏发电实际功率,219,DU,2025-08-06,124,20:40,20:40,NR1,set_zero,0.0011,0,core-night zero-drift within noise band
clean-2025-v1,附件2,光伏发电实际功率,220,X,2025-08-07,23,3:50,3:50,NR1,set_zero,0.0122,0,core-night zero-drift within noise band
clean-2025-v1,附件2,光伏发电实际功率,220,AA,2025-08-07,26,4:20,4:20,NR1,set_zero,0.1704,0,core-night zero-drift within noise band
clean-2025-v1,附件2,光伏发电实际功率,220,AD,2025-08-07,29,4:50,4:50,NR1,set_zero,2.3736,0,core-night zero-drift within noise band
clean-2025-v1,附件2,光伏发电实际功率,220,DL,2025-08-07,115,19:10,19:10,NR1,set_zero,2.5211,0,core-night zero-drift within noise band
clean-2025-v1,附件2,光伏发电实际功率,220,DO,2025-08-07,118,19:40,19:40,NR1,set_zero,0.181,0,core-night zero-drift within noise band
clean-2025-v1,附件2,光伏发电实际功率,220,DR,2025-08-07,121,20:10,20:10,NR1,set_zero,0.013,0,core-night zero-drift within noise band
clean-2025-v1,附件2,光伏发电实际功率,221,X,2025-08-08,23,3:50,3:50,NR1,set_zero,0.0114,0,core-night zero-drift within noise band
clean-2025-v1,附件2,光伏发电实际功率,221,AA,2025-08-08,26,4:20,4:20,NR1,set_zero,0.1588,0,core-night zero-drift within noise band
clean-2025-v1,附件2,光伏发电实际功率,221,AD,2025-08-08,29,4:50,4:50,NR1,set_zero,2.2122,0,core-night zero-drift within noise band
clean-2025-v1,附件2,光伏发电实际功率,221,DL,2025-08-08,115,19:10,19:10,NR1,set_zero,2.028,0,core-night zero-drift within noise band
clean-2025-v1,附件2,光伏发电实际功率,221,DO,2025-08-08,118,19:40,19:40,NR1,set_zero,0.1456,0,core-night zero-drift within noise band
clean-2025-v1,附件2,光伏发电实际功率,221,DR,2025-08-08,121,20:10,20:10,NR1,set_zero,0.0105,0,core-night zero-drift within noise band
clean-2025-v1,附件2,光伏发电实际功率,222,X,2025-08-09,23,3:50,3:50,NR1,set_zero,0.0079,0,core-night zero-drift within noise band
clean-2025-v1,附件2,光伏发电实际功率,222,AA,2025-08-09,26,4:20,4:20,NR1,set_zero,0.1103,0,core-night zero-drift within noise band
clean-2025-v1,附件2,光伏发电实际功率,222,AD,2025-08-09,29,4:50,4:50,NR1,set_zero,1.5369,0,core-night zero-drift within noise band
clean-2025-v1,附件2,光伏发电实际功率,222,DL,2025-08-09,115,19:10,19:10,NR1,set_zero,1.5442,0,core-night zero-drift within noise band
clean-2025-v1,附件2,光伏发电实际功率,222,DO,2025-08-09,118,19:40,19:40,NR1,set_zero,0.1109,0,core-night zero-drift within noise band
clean-2025-v1,附件2,光伏发电实际功率,222,DR,2025-08-09,121,20:10,20:10,NR1,set_zero,0.008,0,core-night zero-drift within noise band
clean-2025-v1,附件2,光伏发电实际功率,223,X,2025-08-10,23,3:50,3:50,NR1,set_zero,0.0079,0,core-night zero-drift within noise band
clean-2025-v1,附件2,光伏发电实际功率,223,AA,2025-08-10,26,4:20,4:20,NR1,set_zero,0.1098,0,core-night zero-drift within noise band
clean-2025-v1,附件2,光伏发电实际功率,223,AD,2025-08-10,29,4:50,4:50,NR1,set_zero,1.5293,0,core-night zero-drift within noise band
clean-2025-v1,附件2,光伏发电实际功率,223,DL,2025-08-10,115,19:10,19:10,NR1,set_zero,1.3719,0,core-night zero-drift within noise band
clean-2025-v1,附件2,光伏发电实际功率,223,DO,2025-08-10,118,19:40,19:40,NR1,set_zero,0.0985,0,core-night zero-drift within noise band
clean-2025-v1,附件2,光伏发电实际功率,223,DR,2025-08-10,121,20:10,20:10,NR1,set_zero,0.0071,0,core-night zero-drift within noise band
clean-2025-v1,附件2,光伏发电实际功率,224,X,2025-08-11,23,3:50,3:50,NR1,set_zero,0.0071,0,core-night zero-drift within noise band
clean-2025-v1,附件2,光伏发电实际功率,224,AA,2025-08-11,26,4:20,4:20,NR1,set_zero,0.0994,0,core-night zero-drift within noise band
clean-2025-v1,附件2,光伏发电实际功率,224,AD,2025-08-11,29,4:50,4:50,NR1,set_zero,1.384,0,core-night zero-drift within noise band
clean-2025-v1,附件2,光伏发电实际功率,224,DL,2025-08-11,115,19:10,19:10,NR1,set_zero,1.1914,0,core-night zero-drift within noise band
clean-2025-v1,附件2,光伏发电实际功率,224,DO,2025-08-11,118,19:40,19:40,NR1,set_zero,0.0855,0,core-night zero-drift within noise band
clean-2025-v1,附件2,光伏发电实际功率,224,DR,2025-08-11,121,20:10,20:10,NR1,set_zero,0.0061,0,core-night zero-drift within noise band
clean-2025-v1,附件2,光伏发电实际功率,225,X,2025-08-12,23,3:50,3:50,NR1,set_zero,0.0045,0,core-night zero-drift within noise band
clean-2025-v1,附件2,光伏发电实际功率,225,AA,2025-08-12,26,4:20,4:20,NR1,set_zero,0.0631,0,core-night zero-drift within noise band
clean-2025-v1,附件2,光伏发电实际功率,225,AD,2025-08-12,29,4:50,4:50,NR1,set_zero,0.8783,0,core-night zero-drift within noise band
clean-2025-v1,附件2,光伏发电实际功率,225,DL,2025-08-12,115,19:10,19:10,NR1,set_zero,0.6805,0,core-night zero-drift within noise band
clean-2025-v1,附件2,光伏发电实际功率,225,DO,2025-08-12,118,19:40,19:40,NR1,set_zero,0.0489,0,core-night zero-drift within noise band
clean-2025-v1,附件2,光伏发电实际功率,225,DR,2025-08-12,121,20:10,20:10,NR1,set_zero,0.0035,0,core-night zero-drift within noise band
clean-2025-v1,附件2,光伏发电实际功率,226,X,2025-08-13,23,3:50,3:50,NR1,set_zero,0.0023,0,core-night zero-drift within noise band
clean-2025-v1,附件2,光伏发电实际功率,226,AA,2025-08-13,26,4:20,4:20,NR1,set_zero,0.0326,0,core-night zero-drift within noise band
clean-2025-v1,附件2,光伏发电实际功率,226,AD,2025-08-13,29,4:50,4:50,NR1,set_zero,0.4539,0,core-night zero-drift within noise band
clean-2025-v1,附件2,光伏发电实际功率,226,DL,2025-08-13,115,19:10,19:10,NR1,set_zero,0.5443,0,core-night zero-drift within noise band
clean-2025-v1,附件2,光伏发电实际功率,226,DO,2025-08-13,118,19:40,19:40,NR1,set_zero,0.0391,0,core-night zero-drift within noise band
clean-2025-v1,附件2,光伏发电实际功率,226,DR,2025-08-13,121,20:10,20:10,NR1,set_zero,0.0028,0,core-night zero-drift within noise band
clean-2025-v1,附件2,光伏发电实际功率,227,X,2025-08-14,23,3:50,3:50,NR1,set_zero,0.0013,0,core-night zero-drift within noise band
clean-2025-v1,附件2,光伏发电实际功率,227,AA,2025-08-14,26,4:20,4:20,NR1,set_zero,0.0179,0,core-night zero-drift within noise band
clean-2025-v1,附件2,光伏发电实际功率,227,AD,2025-08-14,29,4:50,4:50,NR1,set_zero,0.2495,0,core-night zero-drift within noise band
clean-2025-v1,附件2,光伏发电实际功率,227,AG,2025-08-14,32,5:20,5:20,NR2,reject,6.0561,nan,core-night value above noise band (old=6.056100)
clean-2025-v1,附件2,光伏发电实际功率,227,DI,2025-08-14,112,18:40,18:40,NR2,reject,6.4752,nan,core-night value above noise band (old=6.475200)
clean-2025-v1,附件2,光伏发电实际功率,227,DL,2025-08-14,115,19:10,19:10,NR1,set_zero,0.2752,0,core-night zero-drift within noise band
clean-2025-v1,附件2,光伏发电实际功率,227,DO,2025-08-14,118,19:40,19:40,NR1,set_zero,0.0198,0,core-night zero-drift within noise band
clean-2025-v1,附件2,光伏发电实际功率,227,DR,2025-08-14,121,20:10,20:10,NR1,set_zero,0.0014,0,core-night zero-drift within noise band
clean-2025-v1,附件2,光伏发电实际功率,228,AA,2025-08-15,26,4:20,4:20,NR1,set_zero,0.0044,0,core-night zero-drift within noise band
clean-2025-v1,附件2,光伏发电实际功率,228,AD,2025-08-15,29,4:50,4:50,NR1,set_zero,0.0617,0,core-night zero-drift within noise band
clean-2025-v1,附件2,光伏发电实际功率,228,AG,2025-08-15,32,5:20,5:20,NR1,set_zero,3.4831,0,core-night zero-drift within noise band
clean-2025-v1,附件2,光伏发电实际功率,228,DI,2025-08-15,112,18:40,18:40,NR1,set_zero,0.2804,0,core-night zero-drift within noise band
clean-2025-v1,附件2,光伏发电实际功率,228,DJ,2025-08-15,113,18:50,18:50,NR1,set_zero,0.8887,0,core-night zero-drift within noise band
clean-2025-v1,附件2,光伏发电实际功率,228,DM,2025-08-15,116,19:20,19:20,NR1,set_zero,0.0638,0,core-night zero-drift within noise band
clean-2025-v1,附件2,光伏发电实际功率,228,DP,2025-08-15,119,19:50,19:50,NR1,set_zero,0.0046,0,core-night zero-drift within noise band
clean-2025-v1,附件2,光伏发电实际功率,229,Z,2025-08-16,25,4:10,4:10,NR1,set_zero,0.0069,0,core-night zero-drift within noise band
clean-2025-v1,附件2,光伏发电实际功率,229,AC,2025-08-16,28,4:40,4:40,NR1,set_zero,0.0956,0,core-night zero-drift within noise band
clean-2025-v1,附件2,光伏发电实际功率,229,AF,2025-08-16,31,5:10,5:10,NR1,set_zero,1.3322,0,core-night zero-drift within noise band
clean-2025-v1,附件2,光伏发电实际功率,229,DJ,2025-08-16,113,18:50,18:50,NR1,set_zero,1.0466,0,core-night zero-drift within noise band
clean-2025-v1,附件2,光伏发电实际功率,229,DM,2025-08-16,116,19:20,19:20,NR1,set_zero,0.0751,0,core-night zero-drift within noise band
clean-2025-v1,附件2,光伏发电实际功率,229,DP,2025-08-16,119,19:50,19:50,NR1,set_zero,0.0054,0,core-night zero-drift within noise band
clean-2025-v1,附件2,光伏发电实际功率,230,Z,2025-08-17,25,4:10,4:10,NR1,set_zero,0.0111,0,core-night zero-drift within noise band
clean-2025-v1,附件2,光伏发电实际功率,230,AC,2025-08-17,28,4:40,4:40,NR1,set_zero,0.1545,0,core-night zero-drift within noise band
clean-2025-v1,附件2,光伏发电实际功率,230,AF,2025-08-17,31,5:10,5:10,NR1,set_zero,2.1525,0,core-night zero-drift within noise band
clean-2025-v1,附件2,光伏发电实际功率,230,DJ,2025-08-17,113,18:50,18:50,NR1,set_zero,2.5973,0,core-night zero-drift within noise band
clean-2025-v1,附件2,光伏发电实际功率,230,DM,2025-08-17,116,19:20,19:20,NR1,set_zero,0.1865,0,core-night zero-drift within noise band
clean-2025-v1,附件2,光伏发电实际功率,230,DP,2025-08-17,119,19:50,19:50,NR1,set_zero,0.0134,0,core-night zero-drift within noise band
clean-2025-v1,附件2,光伏发电实际功率,231,W,2025-08-18,22,3:40,3:40,NR1,set_zero,0.0017,0,core-night zero-drift within noise band
clean-2025-v1,附件2,光伏发电实际功率,231,Z,2025-08-18,25,4:10,4:10,NR1,set_zero,0.0243,0,core-night zero-drift within noise band
clean-2025-v1,附件2,光伏发电实际功率,231,AC,2025-08-18,28,4:40,4:40,NR1,set_zero,0.3385,0,core-night zero-drift within noise band
clean-2025-v1,附件2,光伏发电实际功率,231,AF,2025-08-18,31,5:10,5:10,NR1,set_zero,4.7141,0,core-night zero-drift within noise band
clean-2025-v1,附件2,光伏发电实际功率,231,DJ,2025-08-18,113,18:50,18:50,NR1,set_zero,4.2043,0,core-night zero-drift within noise band
clean-2025-v1,附件2,光伏发电实际功率,231,DM,2025-08-18,116,19:20,19:20,NR1,set_zero,0.3019,0,core-night zero-drift within noise band
clean-2025-v1,附件2,光伏发电实际功率,231,DP,2025-08-18,119,19:50,19:50,NR1,set_zero,0.0217,0,core-night zero-drift within noise band
clean-2025-v1,附件2,光伏发电实际功率,231,DS,2025-08-18,122,20:20,20:20,NR1,set_zero,0.0016,0,core-night zero-drift within noise band
clean-2025-v1,附件2,光伏发电实际功率,232,W,2025-08-19,22,3:40,3:40,NR1,set_zero,0.0025,0,core-night zero-drift within noise band
clean-2025-v1,附件2,光伏发电实际功率,232,Z,2025-08-19,25,4:10,4:10,NR1,set_zero,0.0354,0,core-night zero-drift within noise band
clean-2025-v1,附件2,光伏发电实际功率,232,AC,2025-08-19,28,4:40,4:40,NR1,set_zero,0.4926,0,core-night zero-drift within noise band
clean-2025-v1,附件2,光伏发电实际功率,232,AF,2025-08-19,31,5:10,5:10,NR2,reject,6.8604,nan,core-night value above noise band (old=6.860400)
clean-2025-v1,附件2,光伏发电实际功率,232,DJ,2025-08-19,113,18:50,18:50,NR2,reject,5.5574,nan,core-night value above noise band (old=5.557400)
clean-2025-v1,附件2,光伏发电实际功率,232,DM,2025-08-19,116,19:20,19:20,NR1,set_zero,0.399,0,core-night zero-drift within noise band
clean-2025-v1,附件2,光伏发电实际功率,232,DP,2025-08-19,119,19:50,19:50,NR1,set_zero,0.0286,0,core-night zero-drift within noise band
clean-2025-v1,附件2,光伏发电实际功率,232,DS,2025-08-19,122,20:20,20:20,NR1,set_zero,0.0021,0,core-night zero-drift within noise band
clean-2025-v1,附件2,光伏发电实际功率,233,W,2025-08-20,22,3:40,3:40,NR1,set_zero,0.0023,0,core-night zero-drift within noise band
clean-2025-v1,附件2,光伏发电实际功率,233,Z,2025-08-20,25,4:10,4:10,NR1,set_zero,0.0314,0,core-night zero-drift within noise band
clean-2025-v1,附件2,光伏发电实际功率,233,AC,2025-08-20,28,4:40,4:40,NR1,set_zero,0.4371,0,core-night zero-drift within noise band
clean-2025-v1,附件2,光伏发电实际功率,233,AF,2025-08-20,31,5:10,5:10,NR2,reject,6.0881,nan,core-night value above noise band (old=6.088100)
clean-2025-v1,附件2,光伏发电实际功率,233,DJ,2025-08-20,113,18:50,18:50,NR2,reject,6.8146,nan,core-night value above noise band (old=6.814600)
clean-2025-v1,附件2,光伏发电实际功率,233,DM,2025-08-20,116,19:20,19:20,NR1,set_zero,0.4893,0,core-night zero-drift within noise band
clean-2025-v1,附件2,光伏发电实际功率,233,DP,2025-08-20,119,19:50,19:50,NR1,set_zero,0.0351,0,core-night zero-drift within noise band
clean-2025-v1,附件2,光伏发电实际功率,233,DS,2025-08-20,122,20:20,20:20,NR1,set_zero,0.0025,0,core-night zero-drift within noise band
clean-2025-v1,附件2,光伏发电实际功率,234,W,2025-08-21,22,3:40,3:40,NR1,set_zero,0.0022,0,core-night zero-drift within noise band
clean-2025-v1,附件2,光伏发电实际功率,234,Z,2025-08-21,25,4:10,4:10,NR1,set_zero,0.0303,0,core-night zero-drift within noise band
clean-2025-v1,附件2,光伏发电实际功率,234,AC,2025-08-21,28,4:40,4:40,NR1,set_zero,0.4215,0,core-night zero-drift within noise band
clean-2025-v1,附件2,光伏发电实际功率,234,AF,2025-08-21,31,5:10,5:10,NR2,reject,5.8714,nan,core-night value above noise band (old=5.871400)
clean-2025-v1,附件2,光伏发电实际功率,234,DJ,2025-08-21,113,18:50,18:50,NR2,reject,5.2871,nan,core-night value above noise band (old=5.287100)
clean-2025-v1,附件2,光伏发电实际功率,234,DM,2025-08-21,116,19:20,19:20,NR1,set_zero,0.3796,0,core-night zero-drift within noise band
clean-2025-v1,附件2,光伏发电实际功率,234,DP,2025-08-21,119,19:50,19:50,NR1,set_zero,0.0273,0,core-night zero-drift within noise band
clean-2025-v1,附件2,光伏发电实际功率,234,DS,2025-08-21,122,20:20,20:20,NR1,set_zero,0.002,0,core-night zero-drift within noise band
clean-2025-v1,附件2,光伏发电实际功率,235,W,2025-08-22,22,3:40,3:40,NR1,set_zero,0.0021,0,core-night zero-drift within noise band
clean-2025-v1,附件2,光伏发电实际功率,235,Z,2025-08-22,25,4:10,4:10,NR1,set_zero,0.0296,0,core-night zero-drift within noise band
clean-2025-v1,附件2,光伏发电实际功率,235,AC,2025-08-22,28,4:40,4:40,NR1,set_zero,0.4127,0,core-night zero-drift within noise band
clean-2025-v1,附件2,光伏发电实际功率,235,AF,2025-08-22,31,5:10,5:10,NR2,reject,5.748,nan,core-night value above noise band (old=5.748000)
clean-2025-v1,附件2,光伏发电实际功率,235,DJ,2025-08-22,113,18:50,18:50,NR2,reject,5.5612,nan,core-night value above noise band (old=5.561200)
clean-2025-v1,附件2,光伏发电实际功率,235,DM,2025-08-22,116,19:20,19:20,NR1,set_zero,0.3993,0,core-night zero-drift within noise band
clean-2025-v1,附件2,光伏发电实际功率,235,DP,2025-08-22,119,19:50,19:50,NR1,set_zero,0.0287,0,core-night zero-drift within noise band
clean-2025-v1,附件2,光伏发电实际功率,235,DS,2025-08-22,122,20:20,20:20,NR1,set_zero,0.0021,0,core-night zero-drift within noise band
clean-2025-v1,附件2,光伏发电实际功率,236,W,2025-08-23,22,3:40,3:40,NR1,set_zero,0.002,0,core-night zero-drift within noise band
clean-2025-v1,附件2,光伏发电实际功率,236,Z,2025-08-23,25,4:10,4:10,NR1,set_zero,0.0274,0,core-night zero-drift within noise band
clean-2025-v1,附件2,光伏发电实际功率,236,AC,2025-08-23,28,4:40,4:40,NR1,set_zero,0.3818,0,core-night zero-drift within noise band
clean-2025-v1,附件2,光伏发电实际功率,236,AF,2025-08-23,31,5:10,5:10,NR2,reject,5.3173,nan,core-night value above noise band (old=5.317300)
clean-2025-v1,附件2,光伏发电实际功率,236,DJ,2025-08-23,113,18:50,18:50,NR1,set_zero,4.8935,0,core-night zero-drift within noise band
clean-2025-v1,附件2,光伏发电实际功率,236,DM,2025-08-23,116,19:20,19:20,NR1,set_zero,0.3513,0,core-night zero-drift within noise band
clean-2025-v1,附件2,光伏发电实际功率,236,DP,2025-08-23,119,19:50,19:50,NR1,set_zero,0.0252,0,core-night zero-drift within noise band
clean-2025-v1,附件2,光伏发电实际功率,236,DS,2025-08-23,122,20:20,20:20,NR1,set_zero,0.0018,0,core-night zero-drift within noise band
clean-2025-v1,附件2,光伏发电实际功率,237,W,2025-08-24,22,3:40,3:40,NR1,set_zero,0.0016,0,core-night zero-drift within noise band
clean-2025-v1,附件2,光伏发电实际功率,237,Z,2025-08-24,25,4:10,4:10,NR1,set_zero,0.0219,0,core-night zero-drift within noise band
clean-2025-v1,附件2,光伏发电实际功率,237,AC,2025-08-24,28,4:40,4:40,NR1,set_zero,0.3057,0,core-night zero-drift within noise band
clean-2025-v1,附件2,光伏发电实际功率,237,AF,2025-08-24,31,5:10,5:10,NR1,set_zero,4.2575,0,core-night zero-drift within noise band
clean-2025-v1,附件2,光伏发电实际功率,237,DJ,2025-08-24,113,18:50,18:50,NR1,set_zero,4.5873,0,core-night zero-drift within noise band
clean-2025-v1,附件2,光伏发电实际功率,237,DM,2025-08-24,116,19:20,19:20,NR1,set_zero,0.3294,0,core-night zero-drift within noise band
clean-2025-v1,附件2,光伏发电实际功率,237,DP,2025-08-24,119,19:50,19:50,NR1,set_zero,0.0236,0,core-night zero-drift within noise band
clean-2025-v1,附件2,光伏发电实际功率,237,DS,2025-08-24,122,20:20,20:20,NR1,set_zero,0.0017,0,core-night zero-drift within noise band
clean-2025-v1,附件2,光伏发电实际功率,238,W,2025-08-25,22,3:40,3:40,NR1,set_zero,0.0013,0,core-night zero-drift within noise band
clean-2025-v1,附件2,光伏发电实际功率,238,Z,2025-08-25,25,4:10,4:10,NR1,set_zero,0.0176,0,core-night zero-drift within noise band
clean-2025-v1,附件2,光伏发电实际功率,238,AC,2025-08-25,28,4:40,4:40,NR1,set_zero,0.2451,0,core-night zero-drift within noise band
clean-2025-v1,附件2,光伏发电实际功率,238,AF,2025-08-25,31,5:10,5:10,NR1,set_zero,3.4135,0,core-night zero-drift within noise band
clean-2025-v1,附件2,光伏发电实际功率,238,DJ,2025-08-25,113,18:50,18:50,NR1,set_zero,3.0735,0,core-night zero-drift within noise band
clean-2025-v1,附件2,光伏发电实际功率,238,DM,2025-08-25,116,19:20,19:20,NR1,set_zero,0.2207,0,core-night zero-drift within noise band
clean-2025-v1,附件2,光伏发电实际功率,238,DP,2025-08-25,119,19:50,19:50,NR1,set_zero,0.0158,0,core-night zero-drift within noise band
clean-2025-v1,附件2,光伏发电实际功率,238,DS,2025-08-25,122,20:20,20:20,NR1,set_zero,0.0011,0,core-night zero-drift within noise band
clean-2025-v1,附件2,光伏发电实际功率,239,W,2025-08-26,22,3:40,3:40,NR1,set_zero,0.0012,0,core-night zero-drift within noise band
clean-2025-v1,附件2,光伏发电实际功率,239,Z,2025-08-26,25,4:10,4:10,NR1,set_zero,0.0168,0,core-night zero-drift within noise band
clean-2025-v1,附件2,光伏发电实际功率,239,AC,2025-08-26,28,4:40,4:40,NR1,set_zero,0.2339,0,core-night zero-drift within noise band
clean-2025-v1,附件2,光伏发电实际功率,239,AF,2025-08-26,31,5:10,5:10,NR1,set_zero,3.258,0,core-night zero-drift within noise band
clean-2025-v1,附件2,光伏发电实际功率,239,DJ,2025-08-26,113,18:50,18:50,NR1,set_zero,2.9938,0,core-night zero-drift within noise band
clean-2025-v1,附件2,光伏发电实际功率,239,DM,2025-08-26,116,19:20,19:20,NR1,set_zero,0.2149,0,core-night zero-drift within noise band
clean-2025-v1,附件2,光伏发电实际功率,239,DP,2025-08-26,119,19:50,19:50,NR1,set_zero,0.0154,0,core-night zero-drift within noise band
clean-2025-v1,附件2,光伏发电实际功率,239,DS,2025-08-26,122,20:20,20:20,NR1,set_zero,0.0011,0,core-night zero-drift within noise band
clean-2025-v1,附件2,光伏发电实际功率,240,Z,2025-08-27,25,4:10,4:10,NR1,set_zero,0.0113,0,core-night zero-drift within noise band
clean-2025-v1,附件2,光伏发电实际功率,240,AC,2025-08-27,28,4:40,4:40,NR1,set_zero,0.1574,0,core-night zero-drift within noise band
clean-2025-v1,附件2,光伏发电实际功率,240,AF,2025-08-27,31,5:10,5:10,NR1,set_zero,2.1919,0,core-night zero-drift within noise band
clean-2025-v1,附件2,光伏发电实际功率,240,DJ,2025-08-27,113,18:50,18:50,NR1,set_zero,2.3036,0,core-night zero-drift within noise band
clean-2025-v1,附件2,光伏发电实际功率,240,DM,2025-08-27,116,19:20,19:20,NR1,set_zero,0.1654,0,core-night zero-drift within noise band
clean-2025-v1,附件2,光伏发电实际功率,240,DP,2025-08-27,119,19:50,19:50,NR1,set_zero,0.0119,0,core-night zero-drift within noise band
clean-2025-v1,附件2,光伏发电实际功率,241,Z,2025-08-28,25,4:10,4:10,NR1,set_zero,0.0108,0,core-night zero-drift within noise band
clean-2025-v1,附件2,光伏发电实际功率,241,AC,2025-08-28,28,4:40,4:40,NR1,set_zero,0.1498,0,core-night zero-drift within noise band
clean-2025-v1,附件2,光伏发电实际功率,241,AF,2025-08-28,31,5:10,5:10,NR1,set_zero,2.0868,0,core-night zero-drift within noise band
clean-2025-v1,附件2,光伏发电实际功率,241,DJ,2025-08-28,113,18:50,18:50,NR1,set_zero,1.7855,0,core-night zero-drift within noise band
clean-2025-v1,附件2,光伏发电实际功率,241,DM,2025-08-28,116,19:20,19:20,NR1,set_zero,0.1282,0,core-night zero-drift within noise band
clean-2025-v1,附件2,光伏发电实际功率,241,DP,2025-08-28,119,19:50,19:50,NR1,set_zero,0.0092,0,core-night zero-drift within noise band
clean-2025-v1,附件2,光伏发电实际功率,242,Z,2025-08-29,25,4:10,4:10,NR1,set_zero,0.0062,0,core-night zero-drift within noise band
clean-2025-v1,附件2,光伏发电实际功率,242,AC,2025-08-29,28,4:40,4:40,NR1,set_zero,0.0863,0,core-night zero-drift within noise band
clean-2025-v1,附件2,光伏发电实际功率,242,AF,2025-08-29,31,5:10,5:10,NR1,set_zero,1.2026,0,core-night zero-drift within noise band
clean-2025-v1,附件2,光伏发电实际功率,242,DJ,2025-08-29,113,18:50,18:50,NR1,set_zero,1.3449,0,core-night zero-drift within noise band
clean-2025-v1,附件2,光伏发电实际功率,242,DM,2025-08-29,116,19:20,19:20,NR1,set_zero,0.0966,0,core-night zero-drift within noise band
clean-2025-v1,附件2,光伏发电实际功率,242,DP,2025-08-29,119,19:50,19:50,NR1,set_zero,0.0069,0,core-night zero-drift within noise band
clean-2025-v1,附件2,光伏发电实际功率,243,Z,2025-08-30,25,4:10,4:10,NR1,set_zero,0.004,0,core-night zero-drift within noise band
clean-2025-v1,附件2,光伏发电实际功率,243,AC,2025-08-30,28,4:40,4:40,NR1,set_zero,0.0557,0,core-night zero-drift within noise band
clean-2025-v1,附件2,光伏发电实际功率,243,AF,2025-08-30,31,5:10,5:10,NR1,set_zero,0.7763,0,core-night zero-drift within noise band
clean-2025-v1,附件2,光伏发电实际功率,243,DJ,2025-08-30,113,18:50,18:50,NR1,set_zero,0.9725,0,core-night zero-drift within noise band
clean-2025-v1,附件2,光伏发电实际功率,243,DM,2025-08-30,116,19:20,19:20,NR1,set_zero,0.0698,0,core-night zero-drift within noise band
clean-2025-v1,附件2,光伏发电实际功率,243,DP,2025-08-30,119,19:50,19:50,NR1,set_zero,0.005,0,core-night zero-drift within noise band
clean-2025-v1,附件2,光伏发电实际功率,244,Z,2025-08-31,25,4:10,4:10,NR1,set_zero,0.0013,0,core-night zero-drift within noise band
clean-2025-v1,附件2,光伏发电实际功率,244,AC,2025-08-31,28,4:40,4:40,NR1,set_zero,0.0182,0,core-night zero-drift within noise band
clean-2025-v1,附件2,光伏发电实际功率,244,AF,2025-08-31,31,5:10,5:10,NR1,set_zero,0.2539,0,core-night zero-drift within noise band
clean-2025-v1,附件2,光伏发电实际功率,244,DJ,2025-08-31,113,18:50,18:50,NR1,set_zero,0.3303,0,core-night zero-drift within noise band
clean-2025-v1,附件2,光伏发电实际功率,244,DM,2025-08-31,116,19:20,19:20,NR1,set_zero,0.0237,0,core-night zero-drift within noise band
clean-2025-v1,附件2,光伏发电实际功率,244,DP,2025-08-31,119,19:50,19:50,NR1,set_zero,0.0017,0,core-night zero-drift within noise band
clean-2025-v1,附件2,光伏发电实际功率,245,AA,2025-09-01,26,4:20,4:20,NR1,set_zero,0.0028,0,core-night zero-drift within noise band
clean-2025-v1,附件2,光伏发电实际功率,245,AD,2025-09-01,29,4:50,4:50,NR1,set_zero,0.0393,0,core-night zero-drift within noise band
clean-2025-v1,附件2,光伏发电实际功率,245,AG,2025-09-01,32,5:20,5:20,NR1,set_zero,0.5474,0,core-night zero-drift within noise band
clean-2025-v1,附件2,光伏发电实际功率,245,DI,2025-09-01,112,18:40,18:40,NR1,set_zero,0.1847,0,core-night zero-drift within noise band
clean-2025-v1,附件2,光伏发电实际功率,245,DL,2025-09-01,115,19:10,19:10,NR1,set_zero,0.0133,0,core-night zero-drift within noise band
clean-2025-v1,附件2,光伏发电实际功率,246,AA,2025-09-02,26,4:20,4:20,NR1,set_zero,0.0063,0,core-night zero-drift within noise band
clean-2025-v1,附件2,光伏发电实际功率,246,AD,2025-09-02,29,4:50,4:50,NR1,set_zero,0.0874,0,core-night zero-drift within noise band
clean-2025-v1,附件2,光伏发电实际功率,246,AG,2025-09-02,32,5:20,5:20,NR1,set_zero,1.2171,0,core-night zero-drift within noise band
clean-2025-v1,附件2,光伏发电实际功率,246,DG,2025-09-02,110,18:20,18:20,NR5,flag,2.0097,2.0097,"shoulder weak signal, excluded from sigma estimation"
clean-2025-v1,附件2,光伏发电实际功率,246,DI,2025-09-02,112,18:40,18:40,NR1,set_zero,2.2786,0,core-night zero-drift within noise band
clean-2025-v1,附件2,光伏发电实际功率,246,DL,2025-09-02,115,19:10,19:10,NR1,set_zero,0.1636,0,core-night zero-drift within noise band
clean-2025-v1,附件2,光伏发电实际功率,246,DO,2025-09-02,118,19:40,19:40,NR1,set_zero,0.0117,0,core-night zero-drift within noise band
clean-2025-v1,附件2,光伏发电实际功率,247,X,2025-09-03,23,3:50,3:50,NR1,set_zero,0.0012,0,core-night zero-drift within noise band
clean-2025-v1,附件2,光伏发电实际功率,247,AA,2025-09-03,26,4:20,4:20,NR1,set_zero,0.0174,0,core-night zero-drift within noise band
clean-2025-v1,附件2,光伏发电实际功率,247,AD,2025-09-03,29,4:50,4:50,NR1,set_zero,0.2419,0,core-night zero-drift within noise band
clean-2025-v1,附件2,光伏发电实际功率,247,AG,2025-09-03,32,5:20,5:20,NR1,set_zero,3.3696,0,core-night zero-drift within noise band
clean-2025-v1,附件2,光伏发电实际功率,247,DI,2025-09-03,112,18:40,18:40,NR1,set_zero,2.0561,0,core-night zero-drift within noise band
clean-2025-v1,附件2,光伏发电实际功率,247,DL,2025-09-03,115,19:10,19:10,NR1,set_zero,0.1476,0,core-night zero-drift within noise band
clean-2025-v1,附件2,光伏发电实际功率,247,DO,2025-09-03,118,19:40,19:40,NR1,set_zero,0.0106,0,core-night zero-drift within noise band
clean-2025-v1,附件2,光伏发电实际功率,248,X,2025-09-04,23,3:50,3:50,NR1,set_zero,0.0014,0,core-night zero-drift within noise band
clean-2025-v1,附件2,光伏发电实际功率,248,AA,2025-09-04,26,4:20,4:20,NR1,set_zero,0.0197,0,core-night zero-drift within noise band
clean-2025-v1,附件2,光伏发电实际功率,248,AD,2025-09-04,29,4:50,4:50,NR1,set_zero,0.2742,0,core-night zero-drift within noise band
clean-2025-v1,附件2,光伏发电实际功率,248,AG,2025-09-04,32,5:20,5:20,NR1,set_zero,3.8198,0,core-night zero-drift within noise band
clean-2025-v1,附件2,光伏发电实际功率,248,DI,2025-09-04,112,18:40,18:40,NR1,set_zero,3.0079,0,core-night zero-drift within noise band
clean-2025-v1,附件2,光伏发电实际功率,248,DL,2025-09-04,115,19:10,19:10,NR1,set_zero,0.216,0,core-night zero-drift within noise band
clean-2025-v1,附件2,光伏发电实际功率,248,DO,2025-09-04,118,19:40,19:40,NR1,set_zero,0.0155,0,core-night zero-drift within noise band
clean-2025-v1,附件2,光伏发电实际功率,248,DR,2025-09-04,121,20:10,20:10,NR1,set_zero,0.0011,0,core-night zero-drift within noise band
clean-2025-v1,附件2,光伏发电实际功率,249,X,2025-09-05,23,3:50,3:50,NR1,set_zero,0.0016,0,core-night zero-drift within noise band
clean-2025-v1,附件2,光伏发电实际功率,249,AA,2025-09-05,26,4:20,4:20,NR1,set_zero,0.022,0,core-night zero-drift within noise band
clean-2025-v1,附件2,光伏发电实际功率,249,AD,2025-09-05,29,4:50,4:50,NR1,set_zero,0.307,0,core-night zero-drift within noise band
clean-2025-v1,附件2,光伏发电实际功率,249,AG,2025-09-05,32,5:20,5:20,NR1,set_zero,4.2759,0,core-night zero-drift within noise band
clean-2025-v1,附件2,光伏发电实际功率,249,DI,2025-09-05,112,18:40,18:40,NR1,set_zero,4.6836,0,core-night zero-drift within noise band
clean-2025-v1,附件2,光伏发电实际功率,249,DL,2025-09-05,115,19:10,19:10,NR1,set_zero,0.3363,0,core-night zero-drift within noise band
clean-2025-v1,附件2,光伏发电实际功率,249,DO,2025-09-05,118,19:40,19:40,NR1,set_zero,0.0241,0,core-night zero-drift within noise band
clean-2025-v1,附件2,光伏发电实际功率,249,DR,2025-09-05,121,20:10,20:10,NR1,set_zero,0.0017,0,core-night zero-drift within noise band
clean-2025-v1,附件2,光伏发电实际功率,250,X,2025-09-06,23,3:50,3:50,NR1,set_zero,0.0015,0,core-night zero-drift within noise band
clean-2025-v1,附件2,光伏发电实际功率,250,AA,2025-09-06,26,4:20,4:20,NR1,set_zero,0.0208,0,core-night zero-drift within noise band
clean-2025-v1,附件2,光伏发电实际功率,250,AD,2025-09-06,29,4:50,4:50,NR1,set_zero,0.2898,0,core-night zero-drift within noise band
clean-2025-v1,附件2,光伏发电实际功率,250,AG,2025-09-06,32,5:20,5:20,NR1,set_zero,4.037,0,core-night zero-drift within noise band
clean-2025-v1,附件2,光伏发电实际功率,250,DI,2025-09-06,112,18:40,18:40,NR1,set_zero,4.0822,0,core-night zero-drift within noise band
clean-2025-v1,附件2,光伏发电实际功率,250,DL,2025-09-06,115,19:10,19:10,NR1,set_zero,0.2931,0,core-night zero-drift within noise band
clean-2025-v1,附件2,光伏发电实际功率,250,DO,2025-09-06,118,19:40,19:40,NR1,set_zero,0.021,0,core-night zero-drift within noise band
clean-2025-v1,附件2,光伏发电实际功率,250,DR,2025-09-06,121,20:10,20:10,NR1,set_zero,0.0015,0,core-night zero-drift within noise band
clean-2025-v1,附件2,光伏发电实际功率,251,X,2025-09-07,23,3:50,3:50,NR1,set_zero,0.0014,0,core-night zero-drift within noise band
clean-2025-v1,附件2,光伏发电实际功率,251,AA,2025-09-07,26,4:20,4:20,NR1,set_zero,0.0196,0,core-night zero-drift within noise band
clean-2025-v1,附件2,光伏发电实际功率,251,AD,2025-09-07,29,4:50,4:50,NR1,set_zero,0.2733,0,core-night zero-drift within noise band
clean-2025-v1,附件2,光伏发电实际功率,251,AG,2025-09-07,32,5:20,5:20,NR1,set_zero,3.8072,0,core-night zero-drift within noise band
clean-2025-v1,附件2,光伏发电实际功率,251,DI,2025-09-07,112,18:40,18:40,NR1,set_zero,3.4766,0,core-night zero-drift within noise band
clean-2025-v1,附件2,光伏发电实际功率,251,DL,2025-09-07,115,19:10,19:10,NR1,set_zero,0.2496,0,core-night zero-drift within noise band
clean-2025-v1,附件2,光伏发电实际功率,251,DO,2025-09-07,118,19:40,19:40,NR1,set_zero,0.0179,0,core-night zero-drift within noise band
clean-2025-v1,附件2,光伏发电实际功率,251,DR,2025-09-07,121,20:10,20:10,NR1,set_zero,0.0013,0,core-night zero-drift within noise band
clean-2025-v1,附件2,光伏发电实际功率,252,X,2025-09-08,23,3:50,3:50,NR1,set_zero,0.0014,0,core-night zero-drift within noise band
clean-2025-v1,附件2,光伏发电实际功率,252,AA,2025-09-08,26,4:20,4:20,NR1,set_zero,0.0195,0,core-night zero-drift within noise band
clean-2025-v1,附件2,光伏发电实际功率,252,AD,2025-09-08,29,4:50,4:50,NR1,set_zero,0.2709,0,core-night zero-drift within noise band
clean-2025-v1,附件2,光伏发电实际功率,252,AG,2025-09-08,32,5:20,5:20,NR1,set_zero,3.7736,0,core-night zero-drift within noise band
clean-2025-v1,附件2,光伏发电实际功率,252,DI,2025-09-08,112,18:40,18:40,NR1,set_zero,3.4212,0,core-night zero-drift within noise band
clean-2025-v1,附件2,光伏发电实际功率,252,DL,2025-09-08,115,19:10,19:10,NR1,set_zero,0.2456,0,core-night zero-drift within noise band
clean-2025-v1,附件2,光伏发电实际功率,252,DO,2025-09-08,118,19:40,19:40,NR1,set_zero,0.0176,0,core-night zero-drift within noise band
clean-2025-v1,附件2,光伏发电实际功率,252,DR,2025-09-08,121,20:10,20:10,NR1,set_zero,0.0013,0,core-night zero-drift within noise band
clean-2025-v1,附件2,光伏发电实际功率,253,X,2025-09-09,23,3:50,3:50,NR1,set_zero,0.0011,0,core-night zero-drift within noise band
clean-2025-v1,附件2,光伏发电实际功率,253,AA,2025-09-09,26,4:20,4:20,NR1,set_zero,0.0154,0,core-night zero-drift within noise band
clean-2025-v1,附件2,光伏发电实际功率,253,AD,2025-09-09,29,4:50,4:50,NR1,set_zero,0.215,0,core-night zero-drift within noise band
clean-2025-v1,附件2,光伏发电实际功率,253,AG,2025-09-09,32,5:20,5:20,NR1,set_zero,2.9942,0,core-night zero-drift within noise band
clean-2025-v1,附件2,光伏发电实际功率,253,DI,2025-09-09,112,18:40,18:40,NR1,set_zero,2.9896,0,core-night zero-drift within noise band
clean-2025-v1,附件2,光伏发电实际功率,253,DL,2025-09-09,115,19:10,19:10,NR1,set_zero,0.2146,0,core-night zero-drift within noise band
clean-2025-v1,附件2,光伏发电实际功率,253,DO,2025-09-09,118,19:40,19:40,NR1,set_zero,0.0154,0,core-night zero-drift within noise band
clean-2025-v1,附件2,光伏发电实际功率,253,DR,2025-09-09,121,20:10,20:10,NR1,set_zero,0.0011,0,core-night zero-drift within noise band
clean-2025-v1,附件2,光伏发电实际功率,254,AA,2025-09-10,26,4:20,4:20,NR1,set_zero,0.0117,0,core-night zero-drift within noise band
clean-2025-v1,附件2,光伏发电实际功率,254,AD,2025-09-10,29,4:50,4:50,NR1,set_zero,0.1623,0,core-night zero-drift within noise band
clean-2025-v1,附件2,光伏发电实际功率,254,AG,2025-09-10,32,5:20,5:20,NR1,set_zero,2.2603,0,core-night zero-drift within noise band
clean-2025-v1,附件2,光伏发电实际功率,254,DI,2025-09-10,112,18:40,18:40,NR1,set_zero,2.2888,0,core-night zero-drift within noise band
clean-2025-v1,附件2,光伏发电实际功率,254,DL,2025-09-10,115,19:10,19:10,NR1,set_zero,0.1643,0,core-night zero-drift within noise band
clean-2025-v1,附件2,光伏发电实际功率,254,DO,2025-09-10,118,19:40,19:40,NR1,set_zero,0.0118,0,core-night zero-drift within noise band
clean-2025-v1,附件2,光伏发电实际功率,255,AA,2025-09-11,26,4:20,4:20,NR1,set_zero,0.0108,0,core-night zero-drift within noise band
clean-2025-v1,附件2,光伏发电实际功率,255,AD,2025-09-11,29,4:50,4:50,NR1,set_zero,0.1503,0,core-night zero-drift within noise band
clean-2025-v1,附件2,光伏发电实际功率,255,AG,2025-09-11,32,5:20,5:20,NR1,set_zero,2.0936,0,core-night zero-drift within noise band
clean-2025-v1,附件2,光伏发电实际功率,255,DI,2025-09-11,112,18:40,18:40,NR1,set_zero,2.1966,0,core-night zero-drift within noise band
clean-2025-v1,附件2,光伏发电实际功率,255,DL,2025-09-11,115,19:10,19:10,NR1,set_zero,0.1577,0,core-night zero-drift within noise band
clean-2025-v1,附件2,光伏发电实际功率,255,DO,2025-09-11,118,19:40,19:40,NR1,set_zero,0.0113,0,core-night zero-drift within noise band
clean-2025-v1,附件2,光伏发电实际功率,256,AA,2025-09-12,26,4:20,4:20,NR1,set_zero,0.0076,0,core-night zero-drift within noise band
clean-2025-v1,附件2,光伏发电实际功率,256,AD,2025-09-12,29,4:50,4:50,NR1,set_zero,0.1055,0,core-night zero-drift within noise band
clean-2025-v1,附件2,光伏发电实际功率,256,AG,2025-09-12,32,5:20,5:20,NR1,set_zero,1.4697,0,core-night zero-drift within noise band
clean-2025-v1,附件2,光伏发电实际功率,256,DI,2025-09-12,112,18:40,18:40,NR1,set_zero,1.6169,0,core-night zero-drift within noise band
clean-2025-v1,附件2,光伏发电实际功率,256,DL,2025-09-12,115,19:10,19:10,NR1,set_zero,0.1161,0,core-night zero-drift within noise band
clean-2025-v1,附件2,光伏发电实际功率,256,DO,2025-09-12,118,19:40,19:40,NR1,set_zero,0.0083,0,core-night zero-drift within noise band
clean-2025-v1,附件2,光伏发电实际功率,257,AA,2025-09-13,26,4:20,4:20,NR1,set_zero,0.0058,0,core-night zero-drift within noise band
clean-2025-v1,附件2,光伏发电实际功率,257,AD,2025-09-13,29,4:50,4:50,NR1,set_zero,0.0807,0,core-night zero-drift within noise band
clean-2025-v1,附件2,光伏发电实际功率,257,AG,2025-09-13,32,5:20,5:20,NR1,set_zero,1.1241,0,core-night zero-drift within noise band
clean-2025-v1,附件2,光伏发电实际功率,257,DI,2025-09-13,112,18:40,18:40,NR1,set_zero,1.1852,0,core-night zero-drift within noise band
clean-2025-v1,附件2,光伏发电实际功率,257,DL,2025-09-13,115,19:10,19:10,NR1,set_zero,0.0851,0,core-night zero-drift within noise band
clean-2025-v1,附件2,光伏发电实际功率,257,DO,2025-09-13,118,19:40,19:40,NR1,set_zero,0.0061,0,core-night zero-drift within noise band
clean-2025-v1,附件2,光伏发电实际功率,258,AA,2025-09-14,26,4:20,4:20,NR1,set_zero,0.0041,0,core-night zero-drift within noise band
clean-2025-v1,附件2,光伏发电实际功率,258,AD,2025-09-14,29,4:50,4:50,NR1,set_zero,0.0568,0,core-night zero-drift within noise band
clean-2025-v1,附件2,光伏发电实际功率,258,AG,2025-09-14,32,5:20,5:20,NR1,set_zero,0.7913,0,core-night zero-drift within noise band
clean-2025-v1,附件2,光伏发电实际功率,258,DI,2025-09-14,112,18:40,18:40,NR1,set_zero,0.9951,0,core-night zero-drift within noise band
clean-2025-v1,附件2,光伏发电实际功率,258,DL,2025-09-14,115,19:10,19:10,NR1,set_zero,0.0714,0,core-night zero-drift within noise band
clean-2025-v1,附件2,光伏发电实际功率,258,DO,2025-09-14,118,19:40,19:40,NR1,set_zero,0.0051,0,core-night zero-drift within noise band
clean-2025-v1,附件2,光伏发电实际功率,259,AA,2025-09-15,26,4:20,4:20,NR1,set_zero,0.0024,0,core-night zero-drift within noise band
clean-2025-v1,附件2,光伏发电实际功率,259,AD,2025-09-15,29,4:50,4:50,NR1,set_zero,0.033,0,core-night zero-drift within noise band
clean-2025-v1,附件2,光伏发电实际功率,259,AG,2025-09-15,32,5:20,5:20,NR1,set_zero,0.4595,0,core-night zero-drift within noise band
clean-2025-v1,附件2,光伏发电实际功率,259,DF,2025-09-15,109,18:10,18:10,NR2,reject,7.1931,nan,core-night value above noise band (old=7.193100)
clean-2025-v1,附件2,光伏发电实际功率,259,DI,2025-09-15,112,18:40,18:40,NR1,set_zero,0.2858,0,core-night zero-drift within noise band
clean-2025-v1,附件2,光伏发电实际功率,259,DL,2025-09-15,115,19:10,19:10,NR1,set_zero,0.0205,0,core-night zero-drift within noise band
clean-2025-v1,附件2,光伏发电实际功率,259,DO,2025-09-15,118,19:40,19:40,NR1,set_zero,0.0015,0,core-night zero-drift within noise band
clean-2025-v1,附件2,光伏发电实际功率,260,AD,2025-09-16,29,4:50,4:50,NR1,set_zero,0.0049,0,core-night zero-drift within noise band
clean-2025-v1,附件2,光伏发电实际功率,260,AG,2025-09-16,32,5:20,5:20,NR1,set_zero,0.0688,0,core-night zero-drift within noise band
clean-2025-v1,附件2,光伏发电实际功率,260,AJ,2025-09-16,35,5:50,5:50,NR5,flag,4.1294,4.1294,"shoulder weak signal, excluded from sigma estimation"
clean-2025-v1,附件2,光伏发电实际功率,260,DF,2025-09-16,109,18:10,18:10,NR1,set_zero,3.726,0,core-night zero-drift within noise band
clean-2025-v1,附件2,光伏发电实际功率,260,DI,2025-09-16,112,18:40,18:40,NR1,set_zero,0.0602,0,core-night zero-drift within noise band
clean-2025-v1,附件2,光伏发电实际功率,260,DL,2025-09-16,115,19:10,19:10,NR1,set_zero,0.0043,0,core-night zero-drift within noise band
clean-2025-v1,附件2,光伏发电实际功率,261,AC,2025-09-17,28,4:40,4:40,NR1,set_zero,0.0085,0,core-night zero-drift within noise band
clean-2025-v1,附件2,光伏发电实际功率,261,AF,2025-09-17,31,5:10,5:10,NR1,set_zero,0.1187,0,core-night zero-drift within noise band
clean-2025-v1,附件2,光伏发电实际功率,261,AI,2025-09-17,34,5:40,5:40,NR1,set_zero,1.6539,0,core-night zero-drift within noise band
clean-2025-v1,附件2,光伏发电实际功率,261,DG,2025-09-17,110,18:20,18:20,NR1,set_zero,1.5113,0,core-night zero-drift within noise band
clean-2025-v1,附件2,光伏发电实际功率,261,DJ,2025-09-17,113,18:50,18:50,NR1,set_zero,0.1085,0,core-night zero-drift within noise band
clean-2025-v1,附件2,光伏发电实际功率,261,DM,2025-09-17,116,19:20,19:20,NR1,set_zero,0.0078,0,core-night zero-drift within noise band
clean-2025-v1,附件2,光伏发电实际功率,262,Z,2025-09-18,25,4:10,4:10,NR1,set_zero,0.0015,0,core-night zero-drift within noise band
clean-2025-v1,附件2,光伏发电实际功率,262,AC,2025-09-18,28,4:40,4:40,NR1,set_zero,0.0203,0,core-night zero-drift within noise band
clean-2025-v1,附件2,光伏发电实际功率,262,AF,2025-09-18,31,5:10,5:10,NR1,set_zero,0.2823,0,core-night zero-drift within noise band
clean-2025-v1,附件2,光伏发电实际功率,262,AI,2025-09-18,34,5:40,5:40,NR1,set_zero,3.9324,0,core-night zero-drift within noise band
clean-2025-v1,附件2,光伏发电实际功率,262,DG,2025-09-18,110,18:20,18:20,NR1,set_zero,3.9625,0,core-night zero-drift within noise band
clean-2025-v1,附件2,光伏发电实际功率,262,DJ,2025-09-18,113,18:50,18:50,NR1,set_zero,0.2845,0,core-night zero-drift within noise band
clean-2025-v1,附件2,光伏发电实际功率,262,DM,2025-09-18,116,19:20,19:20,NR1,set_zero,0.0204,0,core-night zero-drift within noise band
clean-2025-v1,附件2,光伏发电实际功率,262,DP,2025-09-18,119,19:50,19:50,NR1,set_zero,0.0015,0,core-night zero-drift within noise band
clean-2025-v1,附件2,光伏发电实际功率,263,Z,2025-09-19,25,4:10,4:10,NR1,set_zero,0.002,0,core-night zero-drift within noise band
clean-2025-v1,附件2,光伏发电实际功率,263,AC,2025-09-19,28,4:40,4:40,NR1,set_zero,0.0275,0,core-night zero-drift within noise band
clean-2025-v1,附件2,光伏发电实际功率,263,AF,2025-09-19,31,5:10,5:10,NR1,set_zero,0.3836,0,core-night zero-drift within noise band
clean-2025-v1,附件2,光伏发电实际功率,263,AI,2025-09-19,34,5:40,5:40,NR2,reject,5.3428,nan,core-night value above noise band (old=5.342800)
clean-2025-v1,附件2,光伏发电实际功率,263,DG,2025-09-19,110,18:20,18:20,NR1,set_zero,4.7014,0,core-night zero-drift within noise band
clean-2025-v1,附件2,光伏发电实际功率,263,DJ,2025-09-19,113,18:50,18:50,NR1,set_zero,0.3375,0,core-night zero-drift within noise band
clean-2025-v1,附件2,光伏发电实际功率,263,DM,2025-09-19,116,19:20,19:20,NR1,set_zero,0.0242,0,core-night zero-drift within noise band
clean-2025-v1,附件2,光伏发电实际功率,263,DP,2025-09-19,119,19:50,19:50,NR1,set_zero,0.0017,0,core-night zero-drift within noise band
clean-2025-v1,附件2,光伏发电实际功率,264,Z,2025-09-20,25,4:10,4:10,NR1,set_zero,0.0024,0,core-night zero-drift within noise band
clean-2025-v1,附件2,光伏发电实际功率,264,AC,2025-09-20,28,4:40,4:40,NR1,set_zero,0.0339,0,core-night zero-drift within noise band
clean-2025-v1,附件2,光伏发电实际功率,264,AF,2025-09-20,31,5:10,5:10,NR1,set_zero,0.4722,0,core-night zero-drift within noise band
clean-2025-v1,附件2,光伏发电实际功率,264,AI,2025-09-20,34,5:40,5:40,NR2,reject,6.5764,nan,core-night value above noise band (old=6.576400)
clean-2025-v1,附件2,光伏发电实际功率,264,DG,2025-09-20,110,18:20,18:20,NR2,reject,6.4171,nan,core-night value above noise band (old=6.417100)
clean-2025-v1,附件2,光伏发电实际功率,264,DJ,2025-09-20,113,18:50,18:50,NR1,set_zero,0.4607,0,core-night zero-drift within noise band
clean-2025-v1,附件2,光伏发电实际功率,264,DM,2025-09-20,116,19:20,19:20,NR1,set_zero,0.0331,0,core-night zero-drift within noise band
clean-2025-v1,附件2,光伏发电实际功率,264,DP,2025-09-20,119,19:50,19:50,NR1,set_zero,0.0024,0,core-night zero-drift within noise band
clean-2025-v1,附件2,光伏发电实际功率,265,Z,2025-09-21,25,4:10,4:10,NR1,set_zero,0.0024,0,core-night zero-drift within noise band
clean-2025-v1,附件2,光伏发电实际功率,265,AC,2025-09-21,28,4:40,4:40,NR1,set_zero,0.0339,0,core-night zero-drift within noise band
clean-2025-v1,附件2,光伏发电实际功率,265,AF,2025-09-21,31,5:10,5:10,NR1,set_zero,0.4729,0,core-night zero-drift within noise band
clean-2025-v1,附件2,光伏发电实际功率,265,AI,2025-09-21,34,5:40,5:40,NR2,reject,6.586,nan,core-night value above noise band (old=6.586000)
clean-2025-v1,附件2,光伏发电实际功率,265,DG,2025-09-21,110,18:20,18:20,NR2,reject,6.7744,nan,core-night value above noise band (old=6.774400)
clean-2025-v1,附件2,光伏发电实际功率,265,DJ,2025-09-21,113,18:50,18:50,NR1,set_zero,0.4864,0,core-night zero-drift within noise band
clean-2025-v1,附件2,光伏发电实际功率,265,DM,2025-09-21,116,19:20,19:20,NR1,set_zero,0.0349,0,core-night zero-drift within noise band
clean-2025-v1,附件2,光伏发电实际功率,265,DP,2025-09-21,119,19:50,19:50,NR1,set_zero,0.0025,0,core-night zero-drift within noise band
clean-2025-v1,附件2,光伏发电实际功率,266,Z,2025-09-22,25,4:10,4:10,NR1,set_zero,0.0021,0,core-night zero-drift within noise band
clean-2025-v1,附件2,光伏发电实际功率,266,AC,2025-09-22,28,4:40,4:40,NR1,set_zero,0.029,0,core-night zero-drift within noise band
clean-2025-v1,附件2,光伏发电实际功率,266,AF,2025-09-22,31,5:10,5:10,NR1,set_zero,0.404,0,core-night zero-drift within noise band
clean-2025-v1,附件2,光伏发电实际功率,266,AI,2025-09-22,34,5:40,5:40,NR2,reject,5.6274,nan,core-night value above noise band (old=5.627400)
clean-2025-v1,附件2,光伏发电实际功率,266,DG,2025-09-22,110,18:20,18:20,NR2,reject,6.1848,nan,core-night value above noise band (old=6.184800)
clean-2025-v1,附件2,光伏发电实际功率,266,DJ,2025-09-22,113,18:50,18:50,NR1,set_zero,0.444,0,core-night zero-drift within noise band
clean-2025-v1,附件2,光伏发电实际功率,266,DM,2025-09-22,116,19:20,19:20,NR1,set_zero,0.0319,0,core-night zero-drift within noise band
clean-2025-v1,附件2,光伏发电实际功率,266,DP,2025-09-22,119,19:50,19:50,NR1,set_zero,0.0023,0,core-night zero-drift within noise band
clean-2025-v1,附件2,光伏发电实际功率,267,Z,2025-09-23,25,4:10,4:10,NR1,set_zero,0.0019,0,core-night zero-drift within noise band
clean-2025-v1,附件2,光伏发电实际功率,267,AC,2025-09-23,28,4:40,4:40,NR1,set_zero,0.0268,0,core-night zero-drift within noise band
clean-2025-v1,附件2,光伏发电实际功率,267,AF,2025-09-23,31,5:10,5:10,NR1,set_zero,0.3731,0,core-night zero-drift within noise band
clean-2025-v1,附件2,光伏发电实际功率,267,AI,2025-09-23,34,5:40,5:40,NR2,reject,5.1961,nan,core-night value above noise band (old=5.196100)
clean-2025-v1,附件2,光伏发电实际功率,267,DG,2025-09-23,110,18:20,18:20,NR1,set_zero,4.4234,0,core-night zero-drift within noise band
clean-2025-v1,附件2,光伏发电实际功率,267,DJ,2025-09-23,113,18:50,18:50,NR1,set_zero,0.3176,0,core-night zero-drift within noise band
clean-2025-v1,附件2,光伏发电实际功率,267,DM,2025-09-23,116,19:20,19:20,NR1,set_zero,0.0228,0,core-night zero-drift within noise band
clean-2025-v1,附件2,光伏发电实际功率,267,DP,2025-09-23,119,19:50,19:50,NR1,set_zero,0.0016,0,core-night zero-drift within noise band
clean-2025-v1,附件2,光伏发电实际功率,268,Z,2025-09-24,25,4:10,4:10,NR1,set_zero,0.0018,0,core-night zero-drift within noise band
clean-2025-v1,附件2,光伏发电实际功率,268,AC,2025-09-24,28,4:40,4:40,NR1,set_zero,0.0246,0,core-night zero-drift within noise band
clean-2025-v1,附件2,光伏发电实际功率,268,AF,2025-09-24,31,5:10,5:10,NR1,set_zero,0.3424,0,core-night zero-drift within noise band
clean-2025-v1,附件2,光伏发电实际功率,268,AI,2025-09-24,34,5:40,5:40,NR1,set_zero,4.7689,0,core-night zero-drift within noise band
clean-2025-v1,附件2,光伏发电实际功率,268,DG,2025-09-24,110,18:20,18:20,NR1,set_zero,4.5345,0,core-night zero-drift within noise band
clean-2025-v1,附件2,光伏发电实际功率,268,DJ,2025-09-24,113,18:50,18:50,NR1,set_zero,0.3256,0,core-night zero-drift within noise band
clean-2025-v1,附件2,光伏发电实际功率,268,DM,2025-09-24,116,19:20,19:20,NR1,set_zero,0.0234,0,core-night zero-drift within noise band
clean-2025-v1,附件2,光伏发电实际功率,268,DP,2025-09-24,119,19:50,19:50,NR1,set_zero,0.0017,0,core-night zero-drift within noise band
clean-2025-v1,附件2,光伏发电实际功率,269,Z,2025-09-25,25,4:10,4:10,NR1,set_zero,0.0013,0,core-night zero-drift within noise band
clean-2025-v1,附件2,光伏发电实际功率,269,AC,2025-09-25,28,4:40,4:40,NR1,set_zero,0.0181,0,core-night zero-drift within noise band
clean-2025-v1,附件2,光伏发电实际功率,269,AF,2025-09-25,31,5:10,5:10,NR1,set_zero,0.2518,0,core-night zero-drift within noise band
clean-2025-v1,附件2,光伏发电实际功率,269,AI,2025-09-25,34,5:40,5:40,NR1,set_zero,3.5074,0,core-night zero-drift within noise band
clean-2025-v1,附件2,光伏发电实际功率,269,DG,2025-09-25,110,18:20,18:20,NR1,set_zero,3.3498,0,core-night zero-drift within noise band
clean-2025-v1,附件2,光伏发电实际功率,269,DJ,2025-09-25,113,18:50,18:50,NR1,set_zero,0.2405,0,core-night zero-drift within noise band
clean-2025-v1,附件2,光伏发电实际功率,269,DM,2025-09-25,116,19:20,19:20,NR1,set_zero,0.0173,0,core-night zero-drift within noise band
clean-2025-v1,附件2,光伏发电实际功率,269,DP,2025-09-25,119,19:50,19:50,NR1,set_zero,0.0012,0,core-night zero-drift within noise band
clean-2025-v1,附件2,光伏发电实际功率,270,Z,2025-09-26,25,4:10,4:10,NR1,set_zero,0.0013,0,core-night zero-drift within noise band
clean-2025-v1,附件2,光伏发电实际功率,270,AC,2025-09-26,28,4:40,4:40,NR1,set_zero,0.0185,0,core-night zero-drift within noise band
clean-2025-v1,附件2,光伏发电实际功率,270,AF,2025-09-26,31,5:10,5:10,NR1,set_zero,0.2573,0,core-night zero-drift within noise band
clean-2025-v1,附件2,光伏发电实际功率,270,AI,2025-09-26,34,5:40,5:40,NR1,set_zero,3.5837,0,core-night zero-drift within noise band
clean-2025-v1,附件2,光伏发电实际功率,270,DG,2025-09-26,110,18:20,18:20,NR1,set_zero,3.0925,0,core-night zero-drift within noise band
clean-2025-v1,附件2,光伏发电实际功率,270,DJ,2025-09-26,113,18:50,18:50,NR1,set_zero,0.222,0,core-night zero-drift within noise band
clean-2025-v1,附件2,光伏发电实际功率,270,DM,2025-09-26,116,19:20,19:20,NR1,set_zero,0.0159,0,core-night zero-drift within noise band
clean-2025-v1,附件2,光伏发电实际功率,270,DP,2025-09-26,119,19:50,19:50,NR1,set_zero,0.0011,0,core-night zero-drift within noise band
clean-2025-v1,附件2,光伏发电实际功率,271,Z,2025-09-27,25,4:10,4:10,NR1,set_zero,0.0011,0,core-night zero-drift within noise band
clean-2025-v1,附件2,光伏发电实际功率,271,AC,2025-09-27,28,4:40,4:40,NR1,set_zero,0.0147,0,core-night zero-drift within noise band
clean-2025-v1,附件2,光伏发电实际功率,271,AF,2025-09-27,31,5:10,5:10,NR1,set_zero,0.2051,0,core-night zero-drift within noise band
clean-2025-v1,附件2,光伏发电实际功率,271,AI,2025-09-27,34,5:40,5:40,NR1,set_zero,2.856,0,core-night zero-drift within noise band
clean-2025-v1,附件2,光伏发电实际功率,271,DG,2025-09-27,110,18:20,18:20,NR1,set_zero,2.3956,0,core-night zero-drift within noise band
clean-2025-v1,附件2,光伏发电实际功率,271,DJ,2025-09-27,113,18:50,18:50,NR1,set_zero,0.172,0,core-night zero-drift within noise band
clean-2025-v1,附件2,光伏发电实际功率,271,DM,2025-09-27,116,19:20,19:20,NR1,set_zero,0.0123,0,core-night zero-drift within noise band
clean-2025-v1,附件2,光伏发电实际功率,272,AC,2025-09-28,28,4:40,4:40,NR1,set_zero,0.0085,0,core-night zero-drift within noise band
clean-2025-v1,附件2,光伏发电实际功率,272,AF,2025-09-28,31,5:10,5:10,NR1,set_zero,0.1188,0,core-night zero-drift within noise band
clean-2025-v1,附件2,光伏发电实际功率,272,AI,2025-09-28,34,5:40,5:40,NR1,set_zero,1.6549,0,core-night zero-drift within noise band
clean-2025-v1,附件2,光伏发电实际功率,272,DG,2025-09-28,110,18:20,18:20,NR1,set_zero,1.9645,0,core-night zero-drift within noise band
clean-2025-v1,附件2,光伏发电实际功率,272,DJ,2025-09-28,113,18:50,18:50,NR1,set_zero,0.141,0,core-night zero-drift within noise band
clean-2025-v1,附件2,光伏发电实际功率,272,DM,2025-09-28,116,19:20,19:20,NR1,set_zero,0.0101,0,core-night zero-drift within noise band
clean-2025-v1,附件2,光伏发电实际功率,273,AC,2025-09-29,28,4:40,4:40,NR1,set_zero,0.0065,0,core-night zero-drift within noise band
clean-2025-v1,附件2,光伏发电实际功率,273,AF,2025-09-29,31,5:10,5:10,NR1,set_zero,0.091,0,core-night zero-drift within noise band
clean-2025-v1,附件2,光伏发电实际功率,273,AI,2025-09-29,34,5:40,5:40,NR1,set_zero,1.2681,0,core-night zero-drift within noise band
clean-2025-v1,附件2,光伏发电实际功率,273,DG,2025-09-29,110,18:20,18:20,NR1,set_zero,1.5414,0,core-night zero-drift within noise band
clean-2025-v1,附件2,光伏发电实际功率,273,DJ,2025-09-29,113,18:50,18:50,NR1,set_zero,0.1107,0,core-night zero-drift within noise band
clean-2025-v1,附件2,光伏发电实际功率,273,DM,2025-09-29,116,19:20,19:20,NR1,set_zero,0.0079,0,core-night zero-drift within noise band
clean-2025-v1,附件2,光伏发电实际功率,274,AC,2025-09-30,28,4:40,4:40,NR1,set_zero,0.0045,0,core-night zero-drift within noise band
clean-2025-v1,附件2,光伏发电实际功率,274,AF,2025-09-30,31,5:10,5:10,NR1,set_zero,0.0629,0,core-night zero-drift within noise band
clean-2025-v1,附件2,光伏发电实际功率,274,AI,2025-09-30,34,5:40,5:40,NR1,set_zero,0.8756,0,core-night zero-drift within noise band
clean-2025-v1,附件2,光伏发电实际功率,274,DG,2025-09-30,110,18:20,18:20,NR1,set_zero,0.7595,0,core-night zero-drift within noise band
clean-2025-v1,附件2,光伏发电实际功率,274,DJ,2025-09-30,113,18:50,18:50,NR1,set_zero,0.0545,0,core-night zero-drift within noise band
clean-2025-v1,附件2,光伏发电实际功率,274,DM,2025-09-30,116,19:20,19:20,NR1,set_zero,0.0039,0,core-night zero-drift within noise band
clean-2025-v1,附件2,光伏发电实际功率,275,AC,2025-10-01,28,4:40,4:40,NR1,set_zero,0.0016,0,core-night zero-drift within noise band
clean-2025-v1,附件2,光伏发电实际功率,275,AF,2025-10-01,31,5:10,5:10,NR1,set_zero,0.0223,0,core-night zero-drift within noise band
clean-2025-v1,附件2,光伏发电实际功率,275,AI,2025-10-01,34,5:40,5:40,NR1,set_zero,0.31,0,core-night zero-drift within noise band
clean-2025-v1,附件2,光伏发电实际功率,275,DG,2025-10-01,110,18:20,18:20,NR1,set_zero,0.4262,0,core-night zero-drift within noise band
clean-2025-v1,附件2,光伏发电实际功率,275,DJ,2025-10-01,113,18:50,18:50,NR1,set_zero,0.0306,0,core-night zero-drift within noise band
clean-2025-v1,附件2,光伏发电实际功率,275,DM,2025-10-01,116,19:20,19:20,NR1,set_zero,0.0022,0,core-night zero-drift within noise band
clean-2025-v1,附件2,光伏发电实际功率,276,AD,2025-10-02,29,4:50,4:50,NR1,set_zero,0.0046,0,core-night zero-drift within noise band
clean-2025-v1,附件2,光伏发电实际功率,276,AG,2025-10-02,32,5:20,5:20,NR1,set_zero,0.0644,0,core-night zero-drift within noise band
clean-2025-v1,附件2,光伏发电实际功率,276,AJ,2025-10-02,35,5:50,5:50,NR1,set_zero,0.8972,0,core-night zero-drift within noise band
clean-2025-v1,附件2,光伏发电实际功率,276,DF,2025-10-02,109,18:10,18:10,NR1,set_zero,1.2258,0,core-night zero-drift within noise band
clean-2025-v1,附件2,光伏发电实际功率,276,DI,2025-10-02,112,18:40,18:40,NR1,set_zero,0.088,0,core-night zero-drift within noise band
clean-2025-v1,附件2,光伏发电实际功率,276,DL,2025-10-02,115,19:10,19:10,NR1,set_zero,0.0063,0,core-night zero-drift within noise band
clean-2025-v1,附件2,光伏发电实际功率,277,AD,2025-10-03,29,4:50,4:50,NR1,set_zero,0.0096,0,core-night zero-drift within noise band
clean-2025-v1,附件2,光伏发电实际功率,277,AG,2025-10-03,32,5:20,5:20,NR1,set_zero,0.1334,0,core-night zero-drift within noise band
clean-2025-v1,附件2,光伏发电实际功率,277,AJ,2025-10-03,35,5:50,5:50,NR1,set_zero,1.8581,0,core-night zero-drift within noise band
clean-2025-v1,附件2,光伏发电实际功率,277,DD,2025-10-03,107,17:50,17:50,NR5,flag,2.3353,2.3353,"shoulder weak signal, excluded from sigma estimation"
clean-2025-v1,附件2,光伏发电实际功率,277,DF,2025-10-03,109,18:10,18:10,NR1,set_zero,2.2699,0,core-night zero-drift within noise band
clean-2025-v1,附件2,光伏发电实际功率,277,DI,2025-10-03,112,18:40,18:40,NR1,set_zero,0.163,0,core-night zero-drift within noise band
clean-2025-v1,附件2,光伏发电实际功率,277,DL,2025-10-03,115,19:10,19:10,NR1,set_zero,0.0117,0,core-night zero-drift within noise band
clean-2025-v1,附件2,光伏发电实际功率,278,AA,2025-10-04,26,4:20,4:20,NR1,set_zero,0.0013,0,core-night zero-drift within noise band
clean-2025-v1,附件2,光伏发电实际功率,278,AD,2025-10-04,29,4:50,4:50,NR1,set_zero,0.0181,0,core-night zero-drift within noise band
clean-2025-v1,附件2,光伏发电实际功率,278,AG,2025-10-04,32,5:20,5:20,NR1,set_zero,0.2526,0,core-night zero-drift within noise band
clean-2025-v1,附件2,光伏发电实际功率,278,AJ,2025-10-04,35,5:50,5:50,NR1,set_zero,3.5184,0,core-night zero-drift within noise band
clean-2025-v1,附件2,光伏发电实际功率,278,DF,2025-10-04,109,18:10,18:10,NR1,set_zero,3.6748,0,core-night zero-drift within noise band
clean-2025-v1,附件2,光伏发电实际功率,278,DI,2025-10-04,112,18:40,18:40,NR1,set_zero,0.2638,0,core-night zero-drift within noise band
clean-2025-v1,附件2,光伏发电实际功率,278,DL,2025-10-04,115,19:10,19:10,NR1,set_zero,0.0189,0,core-night zero-drift within noise band
clean-2025-v1,附件2,光伏发电实际功率,278,DO,2025-10-04,118,19:40,19:40,NR1,set_zero,0.0014,0,core-night zero-drift within noise band
clean-2025-v1,附件2,光伏发电实际功率,279,AA,2025-10-05,26,4:20,4:20,NR1,set_zero,0.0019,0,core-night zero-drift within noise band
clean-2025-v1,附件2,光伏发电实际功率,279,AD,2025-10-05,29,4:50,4:50,NR1,set_zero,0.0259,0,core-night zero-drift within noise band
clean-2025-v1,附件2,光伏发电实际功率,279,AG,2025-10-05,32,5:20,5:20,NR1,set_zero,0.3609,0,core-night zero-drift within noise band
clean-2025-v1,附件2,光伏发电实际功率,279,AJ,2025-10-05,35,5:50,5:50,NR2,reject,5.0271,nan,core-night value above noise band (old=5.027100)
clean-2025-v1,附件2,光伏发电实际功率,279,DF,2025-10-05,109,18:10,18:10,NR1,set_zero,4.6693,0,core-night zero-drift within noise band
clean-2025-v1,附件2,光伏发电实际功率,279,DI,2025-10-05,112,18:40,18:40,NR1,set_zero,0.3352,0,core-night zero-drift within noise band
clean-2025-v1,附件2,光伏发电实际功率,279,DL,2025-10-05,115,19:10,19:10,NR1,set_zero,0.0241,0,core-night zero-drift within noise band
clean-2025-v1,附件2,光伏发电实际功率,279,DO,2025-10-05,118,19:40,19:40,NR1,set_zero,0.0017,0,core-night zero-drift within noise band
clean-2025-v1,附件2,光伏发电实际功率,280,AA,2025-10-06,26,4:20,4:20,NR1,set_zero,0.0022,0,core-night zero-drift within noise band
clean-2025-v1,附件2,光伏发电实际功率,280,AD,2025-10-06,29,4:50,4:50,NR1,set_zero,0.0307,0,core-night zero-drift within noise band
clean-2025-v1,附件2,光伏发电实际功率,280,AG,2025-10-06,32,5:20,5:20,NR1,set_zero,0.4271,0,core-night zero-drift within noise band
clean-2025-v1,附件2,光伏发电实际功率,280,AJ,2025-10-06,35,5:50,5:50,NR2,reject,5.9487,nan,core-night value above noise band (old=5.948700)
clean-2025-v1,附件2,光伏发电实际功率,280,DF,2025-10-06,109,18:10,18:10,NR2,reject,5.1296,nan,core-night value above noise band (old=5.129600)
clean-2025-v1,附件2,光伏发电实际功率,280,DI,2025-10-06,112,18:40,18:40,NR1,set_zero,0.3683,0,core-night zero-drift within noise band
clean-2025-v1,附件2,光伏发电实际功率,280,DL,2025-10-06,115,19:10,19:10,NR1,set_zero,0.0264,0,core-night zero-drift within noise band
clean-2025-v1,附件2,光伏发电实际功率,280,DO,2025-10-06,118,19:40,19:40,NR1,set_zero,0.0019,0,core-night zero-drift within noise band
clean-2025-v1,附件2,光伏发电实际功率,281,AA,2025-10-07,26,4:20,4:20,NR1,set_zero,0.0018,0,core-night zero-drift within noise band
clean-2025-v1,附件2,光伏发电实际功率,281,AD,2025-10-07,29,4:50,4:50,NR1,set_zero,0.0251,0,core-night zero-drift within noise band
clean-2025-v1,附件2,光伏发电实际功率,281,AG,2025-10-07,32,5:20,5:20,NR1,set_zero,0.3494,0,core-night zero-drift within noise band
clean-2025-v1,附件2,光伏发电实际功率,281,AJ,2025-10-07,35,5:50,5:50,NR1,set_zero,4.8666,0,core-night zero-drift within noise band
clean-2025-v1,附件2,光伏发电实际功率,281,DF,2025-10-07,109,18:10,18:10,NR1,set_zero,4.8832,0,core-night zero-drift within noise band
clean-2025-v1,附件2,光伏发电实际功率,281,DI,2025-10-07,112,18:40,18:40,NR1,set_zero,0.3506,0,core-night zero-drift within noise band
clean-2025-v1,附件2,光伏发电实际功率,281,DL,2025-10-07,115,19:10,19:10,NR1,set_zero,0.0252,0,core-night zero-drift within noise band
clean-2025-v1,附件2,光伏发电实际功率,281,DO,2025-10-07,118,19:40,19:40,NR1,set_zero,0.0018,0,core-night zero-drift within noise band
clean-2025-v1,附件2,光伏发电实际功率,282,AA,2025-10-08,26,4:20,4:20,NR1,set_zero,0.0015,0,core-night zero-drift within noise band
clean-2025-v1,附件2,光伏发电实际功率,282,AD,2025-10-08,29,4:50,4:50,NR1,set_zero,0.0212,0,core-night zero-drift within noise band
clean-2025-v1,附件2,光伏发电实际功率,282,AG,2025-10-08,32,5:20,5:20,NR1,set_zero,0.2958,0,core-night zero-drift within noise band
clean-2025-v1,附件2,光伏发电实际功率,282,AJ,2025-10-08,35,5:50,5:50,NR1,set_zero,4.1199,0,core-night zero-drift within noise band
clean-2025-v1,附件2,光伏发电实际功率,282,DF,2025-10-08,109,18:10,18:10,NR1,set_zero,4.5502,0,core-night zero-drift within noise band
clean-2025-v1,附件2,光伏发电实际功率,282,DI,2025-10-08,112,18:40,18:40,NR1,set_zero,0.3267,0,core-night zero-drift within noise band
clean-2025-v1,附件2,光伏发电实际功率,282,DL,2025-10-08,115,19:10,19:10,NR1,set_zero,0.0235,0,core-night zero-drift within noise band
clean-2025-v1,附件2,光伏发电实际功率,282,DO,2025-10-08,118,19:40,19:40,NR1,set_zero,0.0017,0,core-night zero-drift within noise band
clean-2025-v1,附件2,光伏发电实际功率,283,AA,2025-10-09,26,4:20,4:20,NR1,set_zero,0.0014,0,core-night zero-drift within noise band
clean-2025-v1,附件2,光伏发电实际功率,283,AD,2025-10-09,29,4:50,4:50,NR1,set_zero,0.0199,0,core-night zero-drift within noise band
clean-2025-v1,附件2,光伏发电实际功率,283,AG,2025-10-09,32,5:20,5:20,NR1,set_zero,0.2771,0,core-night zero-drift within noise band
clean-2025-v1,附件2,光伏发电实际功率,283,AJ,2025-10-09,35,5:50,5:50,NR1,set_zero,3.86,0,core-night zero-drift within noise band
clean-2025-v1,附件2,光伏发电实际功率,283,DF,2025-10-09,109,18:10,18:10,NR1,set_zero,4.4049,0,core-night zero-drift within noise band
clean-2025-v1,附件2,光伏发电实际功率,283,DI,2025-10-09,112,18:40,18:40,NR1,set_zero,0.3163,0,core-night zero-drift within noise band
clean-2025-v1,附件2,光伏发电实际功率,283,DL,2025-10-09,115,19:10,19:10,NR1,set_zero,0.0227,0,core-night zero-drift within noise band
clean-2025-v1,附件2,光伏发电实际功率,283,DO,2025-10-09,118,19:40,19:40,NR1,set_zero,0.0016,0,core-night zero-drift within noise band
clean-2025-v1,附件2,光伏发电实际功率,284,AA,2025-10-10,26,4:20,4:20,NR1,set_zero,0.0012,0,core-night zero-drift within noise band
clean-2025-v1,附件2,光伏发电实际功率,284,AD,2025-10-10,29,4:50,4:50,NR1,set_zero,0.0162,0,core-night zero-drift within noise band
clean-2025-v1,附件2,光伏发电实际功率,284,AG,2025-10-10,32,5:20,5:20,NR1,set_zero,0.2258,0,core-night zero-drift within noise band
clean-2025-v1,附件2,光伏发电实际功率,284,AJ,2025-10-10,35,5:50,5:50,NR1,set_zero,3.1449,0,core-night zero-drift within noise band
clean-2025-v1,附件2,光伏发电实际功率,284,DF,2025-10-10,109,18:10,18:10,NR1,set_zero,3.3141,0,core-night zero-drift within noise band
clean-2025-v1,附件2,光伏发电实际功率,284,DI,2025-10-10,112,18:40,18:40,NR1,set_zero,0.2379,0,core-night zero-drift within noise band
clean-2025-v1,附件2,光伏发电实际功率,284,DL,2025-10-10,115,19:10,19:10,NR1,set_zero,0.0171,0,core-night zero-drift within noise band
clean-2025-v1,附件2,光伏发电实际功率,284,DO,2025-10-10,118,19:40,19:40,NR1,set_zero,0.0012,0,core-night zero-drift within noise band
clean-2025-v1,附件2,光伏发电实际功率,285,AD,2025-10-11,29,4:50,4:50,NR1,set_zero,0.0133,0,core-night zero-drift within noise band
clean-2025-v1,附件2,光伏发电实际功率,285,AG,2025-10-11,32,5:20,5:20,NR1,set_zero,0.1854,0,core-night zero-drift within noise band
clean-2025-v1,附件2,光伏发电实际功率,285,AJ,2025-10-11,35,5:50,5:50,NR1,set_zero,2.582,0,core-night zero-drift within noise band
clean-2025-v1,附件2,光伏发电实际功率,285,DF,2025-10-11,109,18:10,18:10,NR1,set_zero,3.0066,0,core-night zero-drift within noise band
clean-2025-v1,附件2,光伏发电实际功率,285,DI,2025-10-11,112,18:40,18:40,NR1,set_zero,0.2159,0,core-night zero-drift within noise band
clean-2025-v1,附件2,光伏发电实际功率,285,DL,2025-10-11,115,19:10,19:10,NR1,set_zero,0.0155,0,core-night zero-drift within noise band
clean-2025-v1,附件2,光伏发电实际功率,285,DO,2025-10-11,118,19:40,19:40,NR1,set_zero,0.0011,0,core-night zero-drift within noise band
clean-2025-v1,附件2,光伏发电实际功率,286,AD,2025-10-12,29,4:50,4:50,NR1,set_zero,0.0118,0,core-night zero-drift within noise band
clean-2025-v1,附件2,光伏发电实际功率,286,AG,2025-10-12,32,5:20,5:20,NR1,set_zero,0.1645,0,core-night zero-drift within noise band
clean-2025-v1,附件2,光伏发电实际功率,286,AJ,2025-10-12,35,5:50,5:50,NR1,set_zero,2.2907,0,core-night zero-drift within noise band
clean-2025-v1,附件2,光伏发电实际功率,286,DF,2025-10-12,109,18:10,18:10,NR1,set_zero,2.3658,0,core-night zero-drift within noise band
clean-2025-v1,附件2,光伏发电实际功率,286,DI,2025-10-12,112,18:40,18:40,NR1,set_zero,0.1699,0,core-night zero-drift within noise band
clean-2025-v1,附件2,光伏发电实际功率,286,DL,2025-10-12,115,19:10,19:10,NR1,set_zero,0.0122,0,core-night zero-drift within noise band
clean-2025-v1,附件2,光伏发电实际功率,287,AD,2025-10-13,29,4:50,4:50,NR1,set_zero,0.0104,0,core-night zero-drift within noise band
clean-2025-v1,附件2,光伏发电实际功率,287,AG,2025-10-13,32,5:20,5:20,NR1,set_zero,0.1442,0,core-night zero-drift within noise band
clean-2025-v1,附件2,光伏发电实际功率,287,AJ,2025-10-13,35,5:50,5:50,NR1,set_zero,2.0091,0,core-night zero-drift within noise band
clean-2025-v1,附件2,光伏发电实际功率,287,DF,2025-10-13,109,18:10,18:10,NR1,set_zero,1.8538,0,core-night zero-drift within noise band
clean-2025-v1,附件2,光伏发电实际功率,287,DI,2025-10-13,112,18:40,18:40,NR1,set_zero,0.1331,0,core-night zero-drift within noise band
clean-2025-v1,附件2,光伏发电实际功率,287,DL,2025-10-13,115,19:10,19:10,NR1,set_zero,0.0096,0,core-night zero-drift within noise band
clean-2025-v1,附件2,光伏发电实际功率,288,AD,2025-10-14,29,4:50,4:50,NR1,set_zero,0.0079,0,core-night zero-drift within noise band
clean-2025-v1,附件2,光伏发电实际功率,288,AG,2025-10-14,32,5:20,5:20,NR1,set_zero,0.1094,0,core-night zero-drift within noise band
clean-2025-v1,附件2,光伏发电实际功率,288,AJ,2025-10-14,35,5:50,5:50,NR1,set_zero,1.5232,0,core-night zero-drift within noise band
clean-2025-v1,附件2,光伏发电实际功率,288,DF,2025-10-14,109,18:10,18:10,NR1,set_zero,1.4118,0,core-night zero-drift within noise band
clean-2025-v1,附件2,光伏发电实际功率,288,DI,2025-10-14,112,18:40,18:40,NR1,set_zero,0.1014,0,core-night zero-drift within noise band
clean-2025-v1,附件2,光伏发电实际功率,288,DL,2025-10-14,115,19:10,19:10,NR1,set_zero,0.0073,0,core-night zero-drift within noise band
clean-2025-v1,附件2,光伏发电实际功率,289,AD,2025-10-15,29,4:50,4:50,NR1,set_zero,0.0052,0,core-night zero-drift within noise band
clean-2025-v1,附件2,光伏发电实际功率,289,AG,2025-10-15,32,5:20,5:20,NR1,set_zero,0.0722,0,core-night zero-drift within noise band
clean-2025-v1,附件2,光伏发电实际功率,289,AJ,2025-10-15,35,5:50,5:50,NR1,set_zero,1.0052,0,core-night zero-drift within noise band
clean-2025-v1,附件2,光伏发电实际功率,289,DF,2025-10-15,109,18:10,18:10,NR1,set_zero,1.0046,0,core-night zero-drift within noise band
clean-2025-v1,附件2,光伏发电实际功率,289,DI,2025-10-15,112,18:40,18:40,NR1,set_zero,0.0721,0,core-night zero-drift within noise band
clean-2025-v1,附件2,光伏发电实际功率,289,DL,2025-10-15,115,19:10,19:10,NR1,set_zero,0.0052,0,core-night zero-drift within noise band
clean-2025-v1,附件2,光伏发电实际功率,290,AD,2025-10-16,29,4:50,4:50,NR1,set_zero,0.0025,0,core-night zero-drift within noise band
clean-2025-v1,附件2,光伏发电实际功率,290,AG,2025-10-16,32,5:20,5:20,NR1,set_zero,0.0347,0,core-night zero-drift within noise band
clean-2025-v1,附件2,光伏发电实际功率,290,AJ,2025-10-16,35,5:50,5:50,NR1,set_zero,0.4833,0,core-night zero-drift within noise band
clean-2025-v1,附件2,光伏发电实际功率,290,DF,2025-10-16,109,18:10,18:10,NR1,set_zero,0.5399,0,core-night zero-drift within noise band
clean-2025-v1,附件2,光伏发电实际功率,290,DI,2025-10-16,112,18:40,18:40,NR1,set_zero,0.0388,0,core-night zero-drift within noise band
clean-2025-v1,附件2,光伏发电实际功率,290,DL,2025-10-16,115,19:10,19:10,NR1,set_zero,0.0028,0,core-night zero-drift within noise band
clean-2025-v1,附件2,光伏发电实际功率,291,AG,2025-10-17,32,5:20,5:20,NR1,set_zero,0.0031,0,core-night zero-drift within noise band
clean-2025-v1,附件2,光伏发电实际功率,291,AJ,2025-10-17,35,5:50,5:50,NR1,set_zero,0.0429,0,core-night zero-drift within noise band
clean-2025-v1,附件2,光伏发电实际功率,291,AM,2025-10-17,38,6:20,6:20,NR5,flag,4.3408,4.3408,"shoulder weak signal, excluded from sigma estimation"
clean-2025-v1,附件2,光伏发电实际功率,291,DF,2025-10-17,109,18:10,18:10,NR1,set_zero,0.3171,0,core-night zero-drift within noise band
clean-2025-v1,附件2,光伏发电实际功率,291,DI,2025-10-17,112,18:40,18:40,NR1,set_zero,0.0228,0,core-night zero-drift within noise band
clean-2025-v1,附件2,光伏发电实际功率,291,DL,2025-10-17,115,19:10,19:10,NR1,set_zero,0.0016,0,core-night zero-drift within noise band
clean-2025-v1,附件2,光伏发电实际功率,292,AF,2025-10-18,31,5:10,5:10,NR1,set_zero,0.009,0,core-night zero-drift within noise band
clean-2025-v1,附件2,光伏发电实际功率,292,AI,2025-10-18,34,5:40,5:40,NR1,set_zero,0.1258,0,core-night zero-drift within noise band
clean-2025-v1,附件2,光伏发电实际功率,292,AL,2025-10-18,37,6:10,6:10,NR1,set_zero,1.7518,0,core-night zero-drift within noise band
clean-2025-v1,附件2,光伏发电实际功率,292,DC,2025-10-18,106,17:40,17:40,NR1,set_zero,1.0341,0,core-night zero-drift within noise band
clean-2025-v1,附件2,光伏发电实际功率,292,DD,2025-10-18,107,17:50,17:50,NR1,set_zero,0.6575,0,core-night zero-drift within noise band
clean-2025-v1,附件2,光伏发电实际功率,292,DG,2025-10-18,110,18:20,18:20,NR1,set_zero,0.0472,0,core-night zero-drift within noise band
clean-2025-v1,附件2,光伏发电实际功率,292,DJ,2025-10-18,113,18:50,18:50,NR1,set_zero,0.0034,0,core-night zero-drift within noise band
clean-2025-v1,附件2,光伏发电实际功率,293,AF,2025-10-19,31,5:10,5:10,NR1,set_zero,0.0139,0,core-night zero-drift within noise band
clean-2025-v1,附件2,光伏发电实际功率,293,AI,2025-10-19,34,5:40,5:40,NR1,set_zero,0.1934,0,core-night zero-drift within noise band
clean-2025-v1,附件2,光伏发电实际功率,293,AL,2025-10-19,37,6:10,6:10,NR1,set_zero,2.6941,0,core-night zero-drift within noise band
clean-2025-v1,附件2,光伏发电实际功率,293,DD,2025-10-19,107,17:50,17:50,NR1,set_zero,3.1873,0,core-night zero-drift within noise band
clean-2025-v1,附件2,光伏发电实际功率,293,DG,2025-10-19,110,18:20,18:20,NR1,set_zero,0.2288,0,core-night zero-drift within noise band
clean-2025-v1,附件2,光伏发电实际功率,293,DJ,2025-10-19,113,18:50,18:50,NR1,set_zero,0.0164,0,core-night zero-drift within noise band
clean-2025-v1,附件2,光伏发电实际功率,293,DM,2025-10-19,116,19:20,19:20,NR1,set_zero,0.0012,0,core-night zero-drift within noise band
clean-2025-v1,附件2,光伏发电实际功率,294,AC,2025-10-20,28,4:40,4:40,NR1,set_zero,0.0016,0,core-night zero-drift within noise band
clean-2025-v1,附件2,光伏发电实际功率,294,AF,2025-10-20,31,5:10,5:10,NR1,set_zero,0.0222,0,core-night zero-drift within noise band
clean-2025-v1,附件2,光伏发电实际功率,294,AI,2025-10-20,34,5:40,5:40,NR1,set_zero,0.3098,0,core-night zero-drift within noise band
clean-2025-v1,附件2,光伏发电实际功率,294,AL,2025-10-20,37,6:10,6:10,NR1,set_zero,4.3143,0,core-night zero-drift within noise band
clean-2025-v1,附件2,光伏发电实际功率,294,DD,2025-10-20,107,17:50,17:50,NR1,set_zero,4.8758,0,core-night zero-drift within noise band
clean-2025-v1,附件2,光伏发电实际功率,294,DG,2025-10-20,110,18:20,18:20,NR1,set_zero,0.3501,0,core-night zero-drift within noise band
clean-2025-v1,附件2,光伏发电实际功率,294,DJ,2025-10-20,113,18:50,18:50,NR1,set_zero,0.0251,0,core-night zero-drift within noise band
clean-2025-v1,附件2,光伏发电实际功率,294,DM,2025-10-20,116,19:20,19:20,NR1,set_zero,0.0018,0,core-night zero-drift within noise band
clean-2025-v1,附件2,光伏发电实际功率,295,AC,2025-10-21,28,4:40,4:40,NR1,set_zero,0.0022,0,core-night zero-drift within noise band
clean-2025-v1,附件2,光伏发电实际功率,295,AF,2025-10-21,31,5:10,5:10,NR1,set_zero,0.0313,0,core-night zero-drift within noise band
clean-2025-v1,附件2,光伏发电实际功率,295,AI,2025-10-21,34,5:40,5:40,NR1,set_zero,0.4356,0,core-night zero-drift within noise band
clean-2025-v1,附件2,光伏发电实际功率,295,AL,2025-10-21,37,6:10,6:10,NR2,reject,6.067,nan,core-night value above noise band (old=6.067000)
clean-2025-v1,附件2,光伏发电实际功率,295,DD,2025-10-21,107,17:50,17:50,NR2,reject,6.8366,nan,core-night value above noise band (old=6.836600)
clean-2025-v1,附件2,光伏发电实际功率,295,DG,2025-10-21,110,18:20,18:20,NR1,set_zero,0.4908,0,core-night zero-drift within noise band
clean-2025-v1,附件2,光伏发电实际功率,295,DJ,2025-10-21,113,18:50,18:50,NR1,set_zero,0.0352,0,core-night zero-drift within noise band
clean-2025-v1,附件2,光伏发电实际功率,295,DM,2025-10-21,116,19:20,19:20,NR1,set_zero,0.0025,0,core-night zero-drift within noise band
clean-2025-v1,附件2,光伏发电实际功率,296,AC,2025-10-22,28,4:40,4:40,NR1,set_zero,0.0028,0,core-night zero-drift within noise band
clean-2025-v1,附件2,光伏发电实际功率,296,AF,2025-10-22,31,5:10,5:10,NR1,set_zero,0.0392,0,core-night zero-drift within noise band
clean-2025-v1,附件2,光伏发电实际功率,296,AI,2025-10-22,34,5:40,5:40,NR1,set_zero,0.5458,0,core-night zero-drift within noise band
clean-2025-v1,附件2,光伏发电实际功率,296,AL,2025-10-22,37,6:10,6:10,NR2,reject,7.6014,nan,core-night value above noise band (old=7.601400)
clean-2025-v1,附件2,光伏发电实际功率,296,AN,2025-10-22,39,6:30,6:30,NR5,flag,1.2,1.2,"shoulder weak signal, excluded from sigma estimation"
clean-2025-v1,附件2,光伏发电实际功率,296,DB,2025-10-22,105,17:30,17:30,NR5,flag,1.425,1.425,"shoulder weak signal, excluded from sigma estimation"
clean-2025-v1,附件2,光伏发电实际功率,296,DD,2025-10-22,107,17:50,17:50,NR2,reject,9.0369,nan,core-night value above noise band (old=9.036900)
clean-2025-v1,附件2,光伏发电实际功率,296,DG,2025-10-22,110,18:20,18:20,NR1,set_zero,0.6488,0,core-night zero-drift within noise band
clean-2025-v1,附件2,光伏发电实际功率,296,DJ,2025-10-22,113,18:50,18:50,NR1,set_zero,0.0466,0,core-night zero-drift within noise band
clean-2025-v1,附件2,光伏发电实际功率,296,DM,2025-10-22,116,19:20,19:20,NR1,set_zero,0.0033,0,core-night zero-drift within noise band
clean-2025-v1,附件2,光伏发电实际功率,297,AC,2025-10-23,28,4:40,4:40,NR1,set_zero,0.0024,0,core-night zero-drift within noise band
clean-2025-v1,附件2,光伏发电实际功率,297,AF,2025-10-23,31,5:10,5:10,NR1,set_zero,0.0337,0,core-night zero-drift within noise band
clean-2025-v1,附件2,光伏发电实际功率,297,AI,2025-10-23,34,5:40,5:40,NR1,set_zero,0.469,0,core-night zero-drift within noise band
clean-2025-v1,附件2,光伏发电实际功率,297,AL,2025-10-23,37,6:10,6:10,NR2,reject,6.532,nan,core-night value above noise band (old=6.532000)
clean-2025-v1,附件2,光伏发电实际功率,297,DD,2025-10-23,107,17:50,17:50,NR2,reject,6.959,nan,core-night value above noise band (old=6.959000)
clean-2025-v1,附件2,光伏发电实际功率,297,DG,2025-10-23,110,18:20,18:20,NR1,set_zero,0.4996,0,core-night zero-drift within noise band
clean-2025-v1,附件2,光伏发电实际功率,297,DJ,2025-10-23,113,18:50,18:50,NR1,set_zero,0.0359,0,core-night zero-drift within noise band
clean-2025-v1,附件2,光伏发电实际功率,297,DM,2025-10-23,116,19:20,19:20,NR1,set_zero,0.0026,0,core-night zero-drift within noise band
clean-2025-v1,附件2,光伏发电实际功率,298,AC,2025-10-24,28,4:40,4:40,NR1,set_zero,0.0026,0,core-night zero-drift within noise band
clean-2025-v1,附件2,光伏发电实际功率,298,AF,2025-10-24,31,5:10,5:10,NR1,set_zero,0.0355,0,core-night zero-drift within noise band
clean-2025-v1,附件2,光伏发电实际功率,298,AI,2025-10-24,34,5:40,5:40,NR1,set_zero,0.4949,0,core-night zero-drift within noise band
clean-2025-v1,附件2,光伏发电实际功率,298,AL,2025-10-24,37,6:10,6:10,NR2,reject,6.8925,nan,core-night value above noise band (old=6.892500)
clean-2025-v1,附件2,光伏发电实际功率,298,DD,2025-10-24,107,17:50,17:50,NR2,reject,6.5756,nan,core-night value above noise band (old=6.575600)
clean-2025-v1,附件2,光伏发电实际功率,298,DG,2025-10-24,110,18:20,18:20,NR1,set_zero,0.4721,0,core-night zero-drift within noise band
clean-2025-v1,附件2,光伏发电实际功率,298,DJ,2025-10-24,113,18:50,18:50,NR1,set_zero,0.0339,0,core-night zero-drift within noise band
clean-2025-v1,附件2,光伏发电实际功率,298,DM,2025-10-24,116,19:20,19:20,NR1,set_zero,0.0024,0,core-night zero-drift within noise band
clean-2025-v1,附件2,光伏发电实际功率,299,AC,2025-10-25,28,4:40,4:40,NR1,set_zero,0.0023,0,core-night zero-drift within noise band
clean-2025-v1,附件2,光伏发电实际功率,299,AF,2025-10-25,31,5:10,5:10,NR1,set_zero,0.0324,0,core-night zero-drift within noise band
clean-2025-v1,附件2,光伏发电实际功率,299,AI,2025-10-25,34,5:40,5:40,NR1,set_zero,0.4512,0,core-night zero-drift within noise band
clean-2025-v1,附件2,光伏发电实际功率,299,AL,2025-10-25,37,6:10,6:10,NR2,reject,6.2845,nan,core-night value above noise band (old=6.284500)
clean-2025-v1,附件2,光伏发电实际功率,299,DD,2025-10-25,107,17:50,17:50,NR2,reject,5.8378,nan,core-night value above noise band (old=5.837800)
clean-2025-v1,附件2,光伏发电实际功率,299,DG,2025-10-25,110,18:20,18:20,NR1,set_zero,0.4191,0,core-night zero-drift within noise band
clean-2025-v1,附件2,光伏发电实际功率,299,DJ,2025-10-25,113,18:50,18:50,NR1,set_zero,0.0301,0,core-night zero-drift within noise band
clean-2025-v1,附件2,光伏发电实际功率,299,DM,2025-10-25,116,19:20,19:20,NR1,set_zero,0.0022,0,core-night zero-drift within noise band
clean-2025-v1,附件2,光伏发电实际功率,300,AC,2025-10-26,28,4:40,4:40,NR1,set_zero,0.0021,0,core-night zero-drift within noise band
clean-2025-v1,附件2,光伏发电实际功率,300,AF,2025-10-26,31,5:10,5:10,NR1,set_zero,0.0292,0,core-night zero-drift within noise band
clean-2025-v1,附件2,光伏发电实际功率,300,AI,2025-10-26,34,5:40,5:40,NR1,set_zero,0.4069,0,core-night zero-drift within noise band
clean-2025-v1,附件2,光伏发电实际功率,300,AL,2025-10-26,37,6:10,6:10,NR2,reject,5.6672,nan,core-night value above noise band (old=5.667200)
clean-2025-v1,附件2,光伏发电实际功率,300,DD,2025-10-26,107,17:50,17:50,NR2,reject,5.6605,nan,core-night value above noise band (old=5.660500)
clean-2025-v1,附件2,光伏发电实际功率,300,DG,2025-10-26,110,18:20,18:20,NR1,set_zero,0.4064,0,core-night zero-drift within noise band
clean-2025-v1,附件2,光伏发电实际功率,300,DJ,2025-10-26,113,18:50,18:50,NR1,set_zero,0.0292,0,core-night zero-drift within noise band
clean-2025-v1,附件2,光伏发电实际功率,300,DM,2025-10-26,116,19:20,19:20,NR1,set_zero,0.0021,0,core-night zero-drift within noise band
clean-2025-v1,附件2,光伏发电实际功率,301,AC,2025-10-27,28,4:40,4:40,NR1,set_zero,0.0018,0,core-night zero-drift within noise band
clean-2025-v1,附件2,光伏发电实际功率,301,AF,2025-10-27,31,5:10,5:10,NR1,set_zero,0.0247,0,core-night zero-drift within noise band
clean-2025-v1,附件2,光伏发电实际功率,301,AI,2025-10-27,34,5:40,5:40,NR1,set_zero,0.3443,0,core-night zero-drift within noise band
clean-2025-v1,附件2,光伏发电实际功率,301,AL,2025-10-27,37,6:10,6:10,NR1,set_zero,4.7949,0,core-night zero-drift within noise band
clean-2025-v1,附件2,光伏发电实际功率,301,DD,2025-10-27,107,17:50,17:50,NR1,set_zero,4.455,0,core-night zero-drift within noise band
clean-2025-v1,附件2,光伏发电实际功率,301,DG,2025-10-27,110,18:20,18:20,NR1,set_zero,0.3199,0,core-night zero-drift within noise band
clean-2025-v1,附件2,光伏发电实际功率,301,DJ,2025-10-27,113,18:50,18:50,NR1,set_zero,0.023,0,core-night zero-drift within noise band
clean-2025-v1,附件2,光伏发电实际功率,301,DM,2025-10-27,116,19:20,19:20,NR1,set_zero,0.0016,0,core-night zero-drift within noise band
clean-2025-v1,附件2,光伏发电实际功率,302,AC,2025-10-28,28,4:40,4:40,NR1,set_zero,0.0015,0,core-night zero-drift within noise band
clean-2025-v1,附件2,光伏发电实际功率,302,AF,2025-10-28,31,5:10,5:10,NR1,set_zero,0.0206,0,core-night zero-drift within noise band
clean-2025-v1,附件2,光伏发电实际功率,302,AI,2025-10-28,34,5:40,5:40,NR1,set_zero,0.2864,0,core-night zero-drift within noise band
clean-2025-v1,附件2,光伏发电实际功率,302,AL,2025-10-28,37,6:10,6:10,NR1,set_zero,3.9887,0,core-night zero-drift within noise band
clean-2025-v1,附件2,光伏发电实际功率,302,DD,2025-10-28,107,17:50,17:50,NR1,set_zero,3.9786,0,core-night zero-drift within noise band
clean-2025-v1,附件2,光伏发电实际功率,302,DG,2025-10-28,110,18:20,18:20,NR1,set_zero,0.2857,0,core-night zero-drift within noise band
clean-2025-v1,附件2,光伏发电实际功率,302,DJ,2025-10-28,113,18:50,18:50,NR1,set_zero,0.0205,0,core-night zero-drift within noise band
clean-2025-v1,附件2,光伏发电实际功率,302,DM,2025-10-28,116,19:20,19:20,NR1,set_zero,0.0015,0,core-night zero-drift within noise band
clean-2025-v1,附件2,光伏发电实际功率,303,AC,2025-10-29,28,4:40,4:40,NR1,set_zero,0.0013,0,core-night zero-drift within noise band
clean-2025-v1,附件2,光伏发电实际功率,303,AF,2025-10-29,31,5:10,5:10,NR1,set_zero,0.0174,0,core-night zero-drift within noise band
clean-2025-v1,附件2,光伏发电实际功率,303,AI,2025-10-29,34,5:40,5:40,NR1,set_zero,0.2427,0,core-night zero-drift within noise band
clean-2025-v1,附件2,光伏发电实际功率,303,AL,2025-10-29,37,6:10,6:10,NR1,set_zero,3.3803,0,core-night zero-drift within noise band
clean-2025-v1,附件2,光伏发电实际功率,303,DD,2025-10-29,107,17:50,17:50,NR1,set_zero,4.0216,0,core-night zero-drift within noise band
clean-2025-v1,附件2,光伏发电实际功率,303,DG,2025-10-29,110,18:20,18:20,NR1,set_zero,0.2887,0,core-night zero-drift within noise band
clean-2025-v1,附件2,光伏发电实际功率,303,DJ,2025-10-29,113,18:50,18:50,NR1,set_zero,0.0207,0,core-night zero-drift within noise band
clean-2025-v1,附件2,光伏发电实际功率,303,DM,2025-10-29,116,19:20,19:20,NR1,set_zero,0.0015,0,core-night zero-drift within noise band
clean-2025-v1,附件2,光伏发电实际功率,304,AF,2025-10-30,31,5:10,5:10,NR1,set_zero,0.0129,0,core-night zero-drift within noise band
clean-2025-v1,附件2,光伏发电实际功率,304,AI,2025-10-30,34,5:40,5:40,NR1,set_zero,0.1796,0,core-night zero-drift within noise band
clean-2025-v1,附件2,光伏发电实际功率,304,AL,2025-10-30,37,6:10,6:10,NR1,set_zero,2.502,0,core-night zero-drift within noise band
clean-2025-v1,附件2,光伏发电实际功率,304,DD,2025-10-30,107,17:50,17:50,NR1,set_zero,2.5401,0,core-night zero-drift within noise band
clean-2025-v1,附件2,光伏发电实际功率,304,DG,2025-10-30,110,18:20,18:20,NR1,set_zero,0.1824,0,core-night zero-drift within noise band
clean-2025-v1,附件2,光伏发电实际功率,304,DJ,2025-10-30,113,18:50,18:50,NR1,set_zero,0.0131,0,core-night zero-drift within noise band
clean-2025-v1,附件2,光伏发电实际功率,305,AF,2025-10-31,31,5:10,5:10,NR1,set_zero,0.0109,0,core-night zero-drift within noise band
clean-2025-v1,附件2,光伏发电实际功率,305,AI,2025-10-31,34,5:40,5:40,NR1,set_zero,0.152,0,core-night zero-drift within noise band
clean-2025-v1,附件2,光伏发电实际功率,305,AL,2025-10-31,37,6:10,6:10,NR1,set_zero,2.1174,0,core-night zero-drift within noise band
clean-2025-v1,附件2,光伏发电实际功率,305,DD,2025-10-31,107,17:50,17:50,NR1,set_zero,1.8791,0,core-night zero-drift within noise band
clean-2025-v1,附件2,光伏发电实际功率,305,DG,2025-10-31,110,18:20,18:20,NR1,set_zero,0.1349,0,core-night zero-drift within noise band
clean-2025-v1,附件2,光伏发电实际功率,305,DJ,2025-10-31,113,18:50,18:50,NR1,set_zero,0.0097,0,core-night zero-drift within noise band
clean-2025-v1,附件2,光伏发电实际功率,306,AF,2025-11-01,31,5:10,5:10,NR1,set_zero,0.0086,0,core-night zero-drift within noise band
clean-2025-v1,附件2,光伏发电实际功率,306,AI,2025-11-01,34,5:40,5:40,NR1,set_zero,0.1199,0,core-night zero-drift within noise band
clean-2025-v1,附件2,光伏发电实际功率,306,AL,2025-11-01,37,6:10,6:10,NR1,set_zero,1.6698,0,core-night zero-drift within noise band
clean-2025-v1,附件2,光伏发电实际功率,306,DD,2025-11-01,107,17:50,17:50,NR1,set_zero,1.4977,0,core-night zero-drift within noise band
clean-2025-v1,附件2,光伏发电实际功率,306,DG,2025-11-01,110,18:20,18:20,NR1,set_zero,0.1075,0,core-night zero-drift within noise band
clean-2025-v1,附件2,光伏发电实际功率,306,DJ,2025-11-01,113,18:50,18:50,NR1,set_zero,0.0077,0,core-night zero-drift within noise band
clean-2025-v1,附件2,光伏发电实际功率,307,AF,2025-11-02,31,5:10,5:10,NR1,set_zero,0.0049,0,core-night zero-drift within noise band
clean-2025-v1,附件2,光伏发电实际功率,307,AI,2025-11-02,34,5:40,5:40,NR1,set_zero,0.0689,0,core-night zero-drift within noise band
clean-2025-v1,附件2,光伏发电实际功率,307,AL,2025-11-02,37,6:10,6:10,NR1,set_zero,0.9599,0,core-night zero-drift within noise band
clean-2025-v1,附件2,光伏发电实际功率,307,DD,2025-11-02,107,17:50,17:50,NR1,set_zero,0.9645,0,core-night zero-drift within noise band
clean-2025-v1,附件2,光伏发电实际功率,307,DG,2025-11-02,110,18:20,18:20,NR1,set_zero,0.0692,0,core-night zero-drift within noise band
clean-2025-v1,附件2,光伏发电实际功率,307,DJ,2025-11-02,113,18:50,18:50,NR1,set_zero,0.005,0,core-night zero-drift within noise band
clean-2025-v1,附件2,光伏发电实际功率,308,AF,2025-11-03,31,5:10,5:10,NR1,set_zero,0.003,0,core-night zero-drift within noise band
clean-2025-v1,附件2,光伏发电实际功率,308,AI,2025-11-03,34,5:40,5:40,NR1,set_zero,0.0423,0,core-night zero-drift within noise band
clean-2025-v1,附件2,光伏发电实际功率,308,AL,2025-11-03,37,6:10,6:10,NR1,set_zero,0.5895,0,core-night zero-drift within noise band
clean-2025-v1,附件2,光伏发电实际功率,308,DD,2025-11-03,107,17:50,17:50,NR1,set_zero,0.5482,0,core-night zero-drift within noise band
clean-2025-v1,附件2,光伏发电实际功率,308,DG,2025-11-03,110,18:20,18:20,NR1,set_zero,0.0394,0,core-night zero-drift within noise band
clean-2025-v1,附件2,光伏发电实际功率,308,DJ,2025-11-03,113,18:50,18:50,NR1,set_zero,0.0028,0,core-night zero-drift within noise band
clean-2025-v1,附件2,光伏发电实际功率,309,AI,2025-11-04,34,5:40,5:40,NR1,set_zero,0.0066,0,core-night zero-drift within noise band
clean-2025-v1,附件2,光伏发电实际功率,309,AL,2025-11-04,37,6:10,6:10,NR1,set_zero,0.0924,0,core-night zero-drift within noise band
clean-2025-v1,附件2,光伏发电实际功率,309,DC,2025-11-04,106,17:40,17:40,NR1,set_zero,0.6024,0,core-night zero-drift within noise band
clean-2025-v1,附件2,光伏发电实际功率,309,DF,2025-11-04,109,18:10,18:10,NR1,set_zero,0.0432,0,core-night zero-drift within noise band
clean-2025-v1,附件2,光伏发电实际功率,309,DI,2025-11-04,112,18:40,18:40,NR1,set_zero,0.0031,0,core-night zero-drift within noise band
clean-2025-v1,附件2,光伏发电实际功率,310,AG,2025-11-05,32,5:20,5:20,NR1,set_zero,0.0072,0,core-night zero-drift within noise band
clean-2025-v1,附件2,光伏发电实际功率,310,AJ,2025-11-05,35,5:50,5:50,NR1,set_zero,0.0997,0,core-night zero-drift within noise band
clean-2025-v1,附件2,光伏发电实际功率,310,AM,2025-11-05,38,6:20,6:20,NR1,set_zero,1.3885,0,core-night zero-drift within noise band
clean-2025-v1,附件2,光伏发电实际功率,310,DC,2025-11-05,106,17:40,17:40,NR1,set_zero,0.8326,0,core-night zero-drift within noise band
clean-2025-v1,附件2,光伏发电实际功率,310,DF,2025-11-05,109,18:10,18:10,NR1,set_zero,0.0598,0,core-night zero-drift within noise band
clean-2025-v1,附件2,光伏发电实际功率,310,DI,2025-11-05,112,18:40,18:40,NR1,set_zero,0.0043,0,core-night zero-drift within noise band
clean-2025-v1,附件2,光伏发电实际功率,311,AG,2025-11-06,32,5:20,5:20,NR1,set_zero,0.0098,0,core-night zero-drift within noise band
clean-2025-v1,附件2,光伏发电实际功率,311,AJ,2025-11-06,35,5:50,5:50,NR1,set_zero,0.1368,0,core-night zero-drift within noise band
clean-2025-v1,附件2,光伏发电实际功率,311,AM,2025-11-06,38,6:20,6:20,NR1,set_zero,1.905,0,core-night zero-drift within noise band
clean-2025-v1,附件2,光伏发电实际功率,311,AO,2025-11-06,40,6:40,6:40,NR5,flag,3.6127,3.6127,"shoulder weak signal, excluded from sigma estimation"
clean-2025-v1,附件2,光伏发电实际功率,311,DA,2025-11-06,104,17:20,17:20,NR5,flag,4.1013,4.1013,"shoulder weak signal, excluded from sigma estimation"
clean-2025-v1,附件2,光伏发电实际功率,311,DC,2025-11-06,106,17:40,17:40,NR1,set_zero,2.0402,0,core-night zero-drift within noise band
clean-2025-v1,附件2,光伏发电实际功率,311,DF,2025-11-06,109,18:10,18:10,NR1,set_zero,0.1465,0,core-night zero-drift within noise band
clean-2025-v1,附件2,光伏发电实际功率,311,DI,2025-11-06,112,18:40,18:40,NR1,set_zero,0.0105,0,core-night zero-drift within noise band
clean-2025-v1,附件2,光伏发电实际功率,312,AG,2025-11-07,32,5:20,5:20,NR1,set_zero,0.0132,0,core-night zero-drift within noise band
clean-2025-v1,附件2,光伏发电实际功率,312,AJ,2025-11-07,35,5:50,5:50,NR1,set_zero,0.1844,0,core-night zero-drift within noise band
clean-2025-v1,附件2,光伏发电实际功率,312,AM,2025-11-07,38,6:20,6:20,NR1,set_zero,2.5677,0,core-night zero-drift within noise band
clean-2025-v1,附件2,光伏发电实际功率,312,DC,2025-11-07,106,17:40,17:40,NR1,set_zero,3.1426,0,core-night zero-drift within noise band
clean-2025-v1,附件2,光伏发电实际功率,312,DF,2025-11-07,109,18:10,18:10,NR1,set_zero,0.2256,0,core-night zero-drift within noise band
clean-2025-v1,附件2,光伏发电实际功率,312,DI,2025-11-07,112,18:40,18:40,NR1,set_zero,0.0162,0,core-night zero-drift within noise band
clean-2025-v1,附件2,光伏发电实际功率,312,DL,2025-11-07,115,19:10,19:10,NR1,set_zero,0.0012,0,core-night zero-drift within noise band
clean-2025-v1,附件2,光伏发电实际功率,313,AD,2025-11-08,29,4:50,4:50,NR1,set_zero,0.0017,0,core-night zero-drift within noise band
clean-2025-v1,附件2,光伏发电实际功率,313,AG,2025-11-08,32,5:20,5:20,NR1,set_zero,0.0243,0,core-night zero-drift within noise band
clean-2025-v1,附件2,光伏发电实际功率,313,AJ,2025-11-08,35,5:50,5:50,NR1,set_zero,0.3384,0,core-night zero-drift within noise band
clean-2025-v1,附件2,光伏发电实际功率,313,AM,2025-11-08,38,6:20,6:20,NR1,set_zero,4.7137,0,core-night zero-drift within noise band
clean-2025-v1,附件2,光伏发电实际功率,313,DC,2025-11-08,106,17:40,17:40,NR1,set_zero,3.6367,0,core-night zero-drift within noise band
clean-2025-v1,附件2,光伏发电实际功率,313,DF,2025-11-08,109,18:10,18:10,NR1,set_zero,0.2611,0,core-night zero-drift within noise band
clean-2025-v1,附件2,光伏发电实际功率,313,DI,2025-11-08,112,18:40,18:40,NR1,set_zero,0.0187,0,core-night zero-drift within noise band
clean-2025-v1,附件2,光伏发电实际功率,313,DL,2025-11-08,115,19:10,19:10,NR1,set_zero,0.0013,0,core-night zero-drift within noise band
clean-2025-v1,附件2,光伏发电实际功率,314,AD,2025-11-09,29,4:50,4:50,NR1,set_zero,0.0018,0,core-night zero-drift within noise band
clean-2025-v1,附件2,光伏发电实际功率,314,AG,2025-11-09,32,5:20,5:20,NR1,set_zero,0.0257,0,core-night zero-drift within noise band
clean-2025-v1,附件2,光伏发电实际功率,314,AJ,2025-11-09,35,5:50,5:50,NR1,set_zero,0.3582,0,core-night zero-drift within noise band
clean-2025-v1,附件2,光伏发电实际功率,314,AM,2025-11-09,38,6:20,6:20,NR1,set_zero,4.9886,0,core-night zero-drift within noise band
clean-2025-v1,附件2,光伏发电实际功率,314,DC,2025-11-09,106,17:40,17:40,NR2,reject,5.6699,nan,core-night value above noise band (old=5.669900)
clean-2025-v1,附件2,光伏发电实际功率,314,DF,2025-11-09,109,18:10,18:10,NR1,set_zero,0.4071,0,core-night zero-drift within noise band
clean-2025-v1,附件2,光伏发电实际功率,314,DI,2025-11-09,112,18:40,18:40,NR1,set_zero,0.0292,0,core-night zero-drift within noise band
clean-2025-v1,附件2,光伏发电实际功率,314,DL,2025-11-09,115,19:10,19:10,NR1,set_zero,0.0021,0,core-night zero-drift within noise band
clean-2025-v1,附件2,光伏发电实际功率,315,AD,2025-11-10,29,4:50,4:50,NR1,set_zero,0.0018,0,core-night zero-drift within noise band
clean-2025-v1,附件2,光伏发电实际功率,315,AG,2025-11-10,32,5:20,5:20,NR1,set_zero,0.0247,0,core-night zero-drift within noise band
clean-2025-v1,附件2,光伏发电实际功率,315,AJ,2025-11-10,35,5:50,5:50,NR1,set_zero,0.344,0,core-night zero-drift within noise band
clean-2025-v1,附件2,光伏发电实际功率,315,AM,2025-11-10,38,6:20,6:20,NR1,set_zero,4.7908,0,core-night zero-drift within noise band
clean-2025-v1,附件2,光伏发电实际功率,315,DC,2025-11-10,106,17:40,17:40,NR1,set_zero,4.7824,0,core-night zero-drift within noise band
clean-2025-v1,附件2,光伏发电实际功率,315,DF,2025-11-10,109,18:10,18:10,NR1,set_zero,0.3434,0,core-night zero-drift within noise band
clean-2025-v1,附件2,光伏发电实际功率,315,DI,2025-11-10,112,18:40,18:40,NR1,set_zero,0.0247,0,core-night zero-drift within noise band
clean-2025-v1,附件2,光伏发电实际功率,315,DL,2025-11-10,115,19:10,19:10,NR1,set_zero,0.0018,0,core-night zero-drift within noise band
clean-2025-v1,附件2,光伏发电实际功率,316,AD,2025-11-11,29,4:50,4:50,NR1,set_zero,0.0017,0,core-night zero-drift within noise band
clean-2025-v1,附件2,光伏发电实际功率,316,AG,2025-11-11,32,5:20,5:20,NR1,set_zero,0.0242,0,core-night zero-drift within noise band
clean-2025-v1,附件2,光伏发电实际功率,316,AJ,2025-11-11,35,5:50,5:50,NR1,set_zero,0.3367,0,core-night zero-drift within noise band
clean-2025-v1,附件2,光伏发电实际功率,316,AM,2025-11-11,38,6:20,6:20,NR1,set_zero,4.6894,0,core-night zero-drift within noise band
clean-2025-v1,附件2,光伏发电实际功率,316,DC,2025-11-11,106,17:40,17:40,NR1,set_zero,4.8431,0,core-night zero-drift within noise band
clean-2025-v1,附件2,光伏发电实际功率,316,DF,2025-11-11,109,18:10,18:10,NR1,set_zero,0.3477,0,core-night zero-drift within noise band
clean-2025-v1,附件2,光伏发电实际功率,316,DI,2025-11-11,112,18:40,18:40,NR1,set_zero,0.025,0,core-night zero-drift within noise band
clean-2025-v1,附件2,光伏发电实际功率,316,DL,2025-11-11,115,19:10,19:10,NR1,set_zero,0.0018,0,core-night zero-drift within noise band
clean-2025-v1,附件2,光伏发电实际功率,317,AD,2025-11-12,29,4:50,4:50,NR1,set_zero,0.0016,0,core-night zero-drift within noise band
clean-2025-v1,附件2,光伏发电实际功率,317,AG,2025-11-12,32,5:20,5:20,NR1,set_zero,0.0227,0,core-night zero-drift within noise band
clean-2025-v1,附件2,光伏发电实际功率,317,AJ,2025-11-12,35,5:50,5:50,NR1,set_zero,0.3162,0,core-night zero-drift within noise band
clean-2025-v1,附件2,光伏发电实际功率,317,AM,2025-11-12,38,6:20,6:20,NR1,set_zero,4.4043,0,core-night zero-drift within noise band
clean-2025-v1,附件2,光伏发电实际功率,317,DC,2025-11-12,106,17:40,17:40,NR1,set_zero,4.0225,0,core-night zero-drift within noise band
clean-2025-v1,附件2,光伏发电实际功率,317,DF,2025-11-12,109,18:10,18:10,NR1,set_zero,0.2888,0,core-night zero-drift within noise band
clean-2025-v1,附件2,光伏发电实际功率,317,DI,2025-11-12,112,18:40,18:40,NR1,set_zero,0.0207,0,core-night zero-drift within noise band
clean-2025-v1,附件2,光伏发电实际功率,317,DL,2025-11-12,115,19:10,19:10,NR1,set_zero,0.0015,0,core-night zero-drift within noise band
clean-2025-v1,附件2,光伏发电实际功率,318,AD,2025-11-13,29,4:50,4:50,NR1,set_zero,0.0017,0,core-night zero-drift within noise band
clean-2025-v1,附件2,光伏发电实际功率,318,AG,2025-11-13,32,5:20,5:20,NR1,set_zero,0.023,0,core-night zero-drift within noise band
clean-2025-v1,附件2,光伏发电实际功率,318,AJ,2025-11-13,35,5:50,5:50,NR1,set_zero,0.3208,0,core-night zero-drift within noise band
clean-2025-v1,附件2,光伏发电实际功率,318,AM,2025-11-13,38,6:20,6:20,NR1,set_zero,4.4683,0,core-night zero-drift within noise band
clean-2025-v1,附件2,光伏发电实际功率,318,DC,2025-11-13,106,17:40,17:40,NR1,set_zero,4.2381,0,core-night zero-drift within noise band
clean-2025-v1,附件2,光伏发电实际功率,318,DF,2025-11-13,109,18:10,18:10,NR1,set_zero,0.3043,0,core-night zero-drift within noise band
clean-2025-v1,附件2,光伏发电实际功率,318,DI,2025-11-13,112,18:40,18:40,NR1,set_zero,0.0218,0,core-night zero-drift within noise band
clean-2025-v1,附件2,光伏发电实际功率,318,DL,2025-11-13,115,19:10,19:10,NR1,set_zero,0.0016,0,core-night zero-drift within noise band
clean-2025-v1,附件2,光伏发电实际功率,319,AD,2025-11-14,29,4:50,4:50,NR1,set_zero,0.0013,0,core-night zero-drift within noise band
clean-2025-v1,附件2,光伏发电实际功率,319,AG,2025-11-14,32,5:20,5:20,NR1,set_zero,0.0182,0,core-night zero-drift within noise band
clean-2025-v1,附件2,光伏发电实际功率,319,AJ,2025-11-14,35,5:50,5:50,NR1,set_zero,0.2537,0,core-night zero-drift within noise band
clean-2025-v1,附件2,光伏发电实际功率,319,AM,2025-11-14,38,6:20,6:20,NR1,set_zero,3.5334,0,core-night zero-drift within noise band
clean-2025-v1,附件2,光伏发电实际功率,319,DC,2025-11-14,106,17:40,17:40,NR1,set_zero,3.4004,0,core-night zero-drift within noise band
clean-2025-v1,附件2,光伏发电实际功率,319,DF,2025-11-14,109,18:10,18:10,NR1,set_zero,0.2441,0,core-night zero-drift within noise band
clean-2025-v1,附件2,光伏发电实际功率,319,DI,2025-11-14,112,18:40,18:40,NR1,set_zero,0.0175,0,core-night zero-drift within noise band
clean-2025-v1,附件2,光伏发电实际功率,319,DL,2025-11-14,115,19:10,19:10,NR1,set_zero,0.0013,0,core-night zero-drift within noise band
clean-2025-v1,附件2,光伏发电实际功率,320,AD,2025-11-15,29,4:50,4:50,NR1,set_zero,0.0012,0,core-night zero-drift within noise band
clean-2025-v1,附件2,光伏发电实际功率,320,AG,2025-11-15,32,5:20,5:20,NR1,set_zero,0.0164,0,core-night zero-drift within noise band
clean-2025-v1,附件2,光伏发电实际功率,320,AJ,2025-11-15,35,5:50,5:50,NR1,set_zero,0.2282,0,core-night zero-drift within noise band
clean-2025-v1,附件2,光伏发电实际功率,320,AM,2025-11-15,38,6:20,6:20,NR1,set_zero,3.1789,0,core-night zero-drift within noise band
clean-2025-v1,附件2,光伏发电实际功率,320,DC,2025-11-15,106,17:40,17:40,NR1,set_zero,3.4778,0,core-night zero-drift within noise band
clean-2025-v1,附件2,光伏发电实际功率,320,DF,2025-11-15,109,18:10,18:10,NR1,set_zero,0.2497,0,core-night zero-drift within noise band
clean-2025-v1,附件2,光伏发电实际功率,320,DI,2025-11-15,112,18:40,18:40,NR1,set_zero,0.0179,0,core-night zero-drift within noise band
clean-2025-v1,附件2,光伏发电实际功率,320,DL,2025-11-15,115,19:10,19:10,NR1,set_zero,0.0013,0,core-night zero-drift within noise band
clean-2025-v1,附件2,光伏发电实际功率,321,AD,2025-11-16,29,4:50,4:50,NR1,set_zero,0.0011,0,core-night zero-drift within noise band
clean-2025-v1,附件2,光伏发电实际功率,321,AG,2025-11-16,32,5:20,5:20,NR1,set_zero,0.0147,0,core-night zero-drift within noise band
clean-2025-v1,附件2,光伏发电实际功率,321,AJ,2025-11-16,35,5:50,5:50,NR1,set_zero,0.2054,0,core-night zero-drift within noise band
clean-2025-v1,附件2,光伏发电实际功率,321,AM,2025-11-16,38,6:20,6:20,NR1,set_zero,2.8614,0,core-night zero-drift within noise band
clean-2025-v1,附件2,光伏发电实际功率,321,DC,2025-11-16,106,17:40,17:40,NR1,set_zero,3.0426,0,core-night zero-drift within noise band
clean-2025-v1,附件2,光伏发电实际功率,321,DF,2025-11-16,109,18:10,18:10,NR1,set_zero,0.2185,0,core-night zero-drift within noise band
clean-2025-v1,附件2,光伏发电实际功率,321,DI,2025-11-16,112,18:40,18:40,NR1,set_zero,0.0157,0,core-night zero-drift within noise band
clean-2025-v1,附件2,光伏发电实际功率,321,DL,2025-11-16,115,19:10,19:10,NR1,set_zero,0.0011,0,core-night zero-drift within noise band
clean-2025-v1,附件2,光伏发电实际功率,322,AG,2025-11-17,32,5:20,5:20,NR1,set_zero,0.0114,0,core-night zero-drift within noise band
clean-2025-v1,附件2,光伏发电实际功率,322,AJ,2025-11-17,35,5:50,5:50,NR1,set_zero,0.1585,0,core-night zero-drift within noise band
clean-2025-v1,附件2,光伏发电实际功率,322,AM,2025-11-17,38,6:20,6:20,NR1,set_zero,2.2075,0,core-night zero-drift within noise band
clean-2025-v1,附件2,光伏发电实际功率,322,DC,2025-11-17,106,17:40,17:40,NR1,set_zero,2.695,0,core-night zero-drift within noise band
clean-2025-v1,附件2,光伏发电实际功率,322,DF,2025-11-17,109,18:10,18:10,NR1,set_zero,0.1935,0,core-night zero-drift within noise band
clean-2025-v1,附件2,光伏发电实际功率,322,DI,2025-11-17,112,18:40,18:40,NR1,set_zero,0.0139,0,core-night zero-drift within noise band
clean-2025-v1,附件2,光伏发电实际功率,323,AG,2025-11-18,32,5:20,5:20,NR1,set_zero,0.0123,0,core-night zero-drift within noise band
clean-2025-v1,附件2,光伏发电实际功率,323,AJ,2025-11-18,35,5:50,5:50,NR1,set_zero,0.1716,0,core-night zero-drift within noise band
clean-2025-v1,附件2,光伏发电实际功率,323,AM,2025-11-18,38,6:20,6:20,NR1,set_zero,2.3904,0,core-night zero-drift within noise band
clean-2025-v1,附件2,光伏发电实际功率,323,DC,2025-11-18,106,17:40,17:40,NR1,set_zero,2.2523,0,core-night zero-drift within noise band
clean-2025-v1,附件2,光伏发电实际功率,323,DF,2025-11-18,109,18:10,18:10,NR1,set_zero,0.1617,0,core-night zero-drift within noise band
clean-2025-v1,附件2,光伏发电实际功率,323,DI,2025-11-18,112,18:40,18:40,NR1,set_zero,0.0116,0,core-night zero-drift within noise band
clean-2025-v1,附件2,光伏发电实际功率,324,AG,2025-11-19,32,5:20,5:20,NR1,set_zero,0.0112,0,core-night zero-drift within noise band
clean-2025-v1,附件2,光伏发电实际功率,324,AJ,2025-11-19,35,5:50,5:50,NR1,set_zero,0.156,0,core-night zero-drift within noise band
clean-2025-v1,附件2,光伏发电实际功率,324,AM,2025-11-19,38,6:20,6:20,NR1,set_zero,2.1733,0,core-night zero-drift within noise band
clean-2025-v1,附件2,光伏发电实际功率,324,DC,2025-11-19,106,17:40,17:40,NR1,set_zero,2.0862,0,core-night zero-drift within noise band
clean-2025-v1,附件2,光伏发电实际功率,324,DF,2025-11-19,109,18:10,18:10,NR1,set_zero,0.1498,0,core-night zero-drift within noise band
clean-2025-v1,附件2,光伏发电实际功率,324,DI,2025-11-19,112,18:40,18:40,NR1,set_zero,0.0108,0,core-night zero-drift within noise band
clean-2025-v1,附件2,光伏发电实际功率,325,AG,2025-11-20,32,5:20,5:20,NR1,set_zero,0.0105,0,core-night zero-drift within noise band
clean-2025-v1,附件2,光伏发电实际功率,325,AJ,2025-11-20,35,5:50,5:50,NR1,set_zero,0.1459,0,core-night zero-drift within noise band
clean-2025-v1,附件2,光伏发电实际功率,325,AM,2025-11-20,38,6:20,6:20,NR1,set_zero,2.0315,0,core-night zero-drift within noise band
clean-2025-v1,附件2,光伏发电实际功率,325,DC,2025-11-20,106,17:40,17:40,NR1,set_zero,1.8827,0,core-night zero-drift within noise band
clean-2025-v1,附件2,光伏发电实际功率,325,DF,2025-11-20,109,18:10,18:10,NR1,set_zero,0.1352,0,core-night zero-drift within noise band
clean-2025-v1,附件2,光伏发电实际功率,325,DI,2025-11-20,112,18:40,18:40,NR1,set_zero,0.0097,0,core-night zero-drift within noise band
clean-2025-v1,附件2,光伏发电实际功率,326,AG,2025-11-21,32,5:20,5:20,NR1,set_zero,0.007,0,core-night zero-drift within noise band
clean-2025-v1,附件2,光伏发电实际功率,326,AJ,2025-11-21,35,5:50,5:50,NR1,set_zero,0.097,0,core-night zero-drift within noise band
clean-2025-v1,附件2,光伏发电实际功率,326,AM,2025-11-21,38,6:20,6:20,NR1,set_zero,1.3509,0,core-night zero-drift within noise band
clean-2025-v1,附件2,光伏发电实际功率,326,DC,2025-11-21,106,17:40,17:40,NR1,set_zero,1.4216,0,core-night zero-drift within noise band
clean-2025-v1,附件2,光伏发电实际功率,326,DF,2025-11-21,109,18:10,18:10,NR1,set_zero,0.1021,0,core-night zero-drift within noise band
clean-2025-v1,附件2,光伏发电实际功率,326,DI,2025-11-21,112,18:40,18:40,NR1,set_zero,0.0073,0,core-night zero-drift within noise band
clean-2025-v1,附件2,光伏发电实际功率,327,AG,2025-11-22,32,5:20,5:20,NR1,set_zero,0.0055,0,core-night zero-drift within noise band
clean-2025-v1,附件2,光伏发电实际功率,327,AJ,2025-11-22,35,5:50,5:50,NR1,set_zero,0.0764,0,core-night zero-drift within noise band
clean-2025-v1,附件2,光伏发电实际功率,327,AM,2025-11-22,38,6:20,6:20,NR1,set_zero,1.064,0,core-night zero-drift within noise band
clean-2025-v1,附件2,光伏发电实际功率,327,DC,2025-11-22,106,17:40,17:40,NR1,set_zero,1.1625,0,core-night zero-drift within noise band
clean-2025-v1,附件2,光伏发电实际功率,327,DF,2025-11-22,109,18:10,18:10,NR1,set_zero,0.0835,0,core-night zero-drift within noise band
clean-2025-v1,附件2,光伏发电实际功率,327,DI,2025-11-22,112,18:40,18:40,NR1,set_zero,0.006,0,core-night zero-drift within noise band
clean-2025-v1,附件2,光伏发电实际功率,328,AG,2025-11-23,32,5:20,5:20,NR1,set_zero,0.0048,0,core-night zero-drift within noise band
clean-2025-v1,附件2,光伏发电实际功率,328,AJ,2025-11-23,35,5:50,5:50,NR1,set_zero,0.0667,0,core-night zero-drift within noise band
clean-2025-v1,附件2,光伏发电实际功率,328,AM,2025-11-23,38,6:20,6:20,NR1,set_zero,0.9294,0,core-night zero-drift within noise band
clean-2025-v1,附件2,光伏发电实际功率,328,DC,2025-11-23,106,17:40,17:40,NR1,set_zero,0.942,0,core-night zero-drift within noise band
clean-2025-v1,附件2,光伏发电实际功率,328,DF,2025-11-23,109,18:10,18:10,NR1,set_zero,0.0676,0,core-night zero-drift within noise band
clean-2025-v1,附件2,光伏发电实际功率,328,DI,2025-11-23,112,18:40,18:40,NR1,set_zero,0.0049,0,core-night zero-drift within noise band
clean-2025-v1,附件2,光伏发电实际功率,329,AG,2025-11-24,32,5:20,5:20,NR1,set_zero,0.0038,0,core-night zero-drift within noise band
clean-2025-v1,附件2,光伏发电实际功率,329,AJ,2025-11-24,35,5:50,5:50,NR1,set_zero,0.0532,0,core-night zero-drift within noise band
clean-2025-v1,附件2,光伏发电实际功率,329,AM,2025-11-24,38,6:20,6:20,NR1,set_zero,0.7407,0,core-night zero-drift within noise band
clean-2025-v1,附件2,光伏发电实际功率,329,DC,2025-11-24,106,17:40,17:40,NR1,set_zero,0.7508,0,core-night zero-drift within noise band
clean-2025-v1,附件2,光伏发电实际功率,329,DF,2025-11-24,109,18:10,18:10,NR1,set_zero,0.0539,0,core-night zero-drift within noise band
clean-2025-v1,附件2,光伏发电实际功率,329,DI,2025-11-24,112,18:40,18:40,NR1,set_zero,0.0039,0,core-night zero-drift within noise band
clean-2025-v1,附件2,光伏发电实际功率,330,AG,2025-11-25,32,5:20,5:20,NR1,set_zero,0.0022,0,core-night zero-drift within noise band
clean-2025-v1,附件2,光伏发电实际功率,330,AJ,2025-11-25,35,5:50,5:50,NR1,set_zero,0.0305,0,core-night zero-drift within noise band
clean-2025-v1,附件2,光伏发电实际功率,330,AM,2025-11-25,38,6:20,6:20,NR1,set_zero,0.4249,0,core-night zero-drift within noise band
clean-2025-v1,附件2,光伏发电实际功率,330,DC,2025-11-25,106,17:40,17:40,NR1,set_zero,0.5505,0,core-night zero-drift within noise band
clean-2025-v1,附件2,光伏发电实际功率,330,DF,2025-11-25,109,18:10,18:10,NR1,set_zero,0.0395,0,core-night zero-drift within noise band
clean-2025-v1,附件2,光伏发电实际功率,330,DI,2025-11-25,112,18:40,18:40,NR1,set_zero,0.0028,0,core-night zero-drift within noise band
clean-2025-v1,附件2,光伏发电实际功率,331,AG,2025-11-26,32,5:20,5:20,NR1,set_zero,0.0017,0,core-night zero-drift within noise band
clean-2025-v1,附件2,光伏发电实际功率,331,AJ,2025-11-26,35,5:50,5:50,NR1,set_zero,0.0241,0,core-night zero-drift within noise band
clean-2025-v1,附件2,光伏发电实际功率,331,AM,2025-11-26,38,6:20,6:20,NR1,set_zero,0.3358,0,core-night zero-drift within noise band
clean-2025-v1,附件2,光伏发电实际功率,331,DC,2025-11-26,106,17:40,17:40,NR1,set_zero,0.3304,0,core-night zero-drift within noise band
clean-2025-v1,附件2,光伏发电实际功率,331,DF,2025-11-26,109,18:10,18:10,NR1,set_zero,0.0237,0,core-night zero-drift within noise band
clean-2025-v1,附件2,光伏发电实际功率,331,DI,2025-11-26,112,18:40,18:40,NR1,set_zero,0.0017,0,core-night zero-drift within noise band
clean-2025-v1,附件2,光伏发电实际功率,332,AJ,2025-11-27,35,5:50,5:50,NR1,set_zero,0.0034,0,core-night zero-drift within noise band
clean-2025-v1,附件2,光伏发电实际功率,332,AM,2025-11-27,38,6:20,6:20,NR1,set_zero,0.0478,0,core-night zero-drift within noise band
clean-2025-v1,附件2,光伏发电实际功率,332,AP,2025-11-27,41,6:50,6:50,NR5,flag,4.0513,4.0513,"shoulder weak signal, excluded from sigma estimation"
clean-2025-v1,附件2,光伏发电实际功率,332,DC,2025-11-27,106,17:40,17:40,NR1,set_zero,0.3133,0,core-night zero-drift within noise band
clean-2025-v1,附件2,光伏发电实际功率,332,DF,2025-11-27,109,18:10,18:10,NR1,set_zero,0.0225,0,core-night zero-drift within noise band
clean-2025-v1,附件2,光伏发电实际功率,332,DI,2025-11-27,112,18:40,18:40,NR1,set_zero,0.0016,0,core-night zero-drift within noise band
clean-2025-v1,附件2,光伏发电实际功率,333,AI,2025-11-28,34,5:40,5:40,NR1,set_zero,0.0015,0,core-night zero-drift within noise band
clean-2025-v1,附件2,光伏发电实际功率,333,AL,2025-11-28,37,6:10,6:10,NR1,set_zero,0.0206,0,core-night zero-drift within noise band
clean-2025-v1,附件2,光伏发电实际功率,333,AO,2025-11-28,40,6:40,6:40,NR1,set_zero,0.2874,0,core-night zero-drift within noise band
clean-2025-v1,附件2,光伏发电实际功率,333,AP,2025-11-28,41,6:50,6:50,NR5,flag,2.0431,2.0431,"shoulder weak signal, excluded from sigma estimation"
clean-2025-v1,附件2,光伏发电实际功率,333,CZ,2025-11-28,103,17:10,17:10,NR5,flag,3.6617,3.6617,"shoulder weak signal, excluded from sigma estimation"
clean-2025-v1,附件2,光伏发电实际功率,333,DC,2025-11-28,106,17:40,17:40,NR1,set_zero,0.0349,0,core-night zero-drift within noise band
clean-2025-v1,附件2,光伏发电实际功率,333,DF,2025-11-28,109,18:10,18:10,NR1,set_zero,0.0025,0,core-night zero-drift within noise band
clean-2025-v1,附件2,光伏发电实际功率,334,AI,2025-11-29,34,5:40,5:40,NR1,set_zero,0.002,0,core-night zero-drift within noise band
clean-2025-v1,附件2,光伏发电实际功率,334,AL,2025-11-29,37,6:10,6:10,NR1,set_zero,0.0283,0,core-night zero-drift within noise band
clean-2025-v1,附件2,光伏发电实际功率,334,AO,2025-11-29,40,6:40,6:40,NR1,set_zero,0.3945,0,core-night zero-drift within noise band
clean-2025-v1,附件2,光伏发电实际功率,334,AP,2025-11-29,41,6:50,6:50,NR5,flag,1.5862,1.5862,"shoulder weak signal, excluded from sigma estimation"
clean-2025-v1,附件2,光伏发电实际功率,334,DA,2025-11-29,104,17:20,17:20,NR1,set_zero,1.2369,0,core-night zero-drift within noise band
clean-2025-v1,附件2,光伏发电实际功率,334,DD,2025-11-29,107,17:50,17:50,NR1,set_zero,0.0888,0,core-night zero-drift within noise band
clean-2025-v1,附件2,光伏发电实际功率,334,DG,2025-11-29,110,18:20,18:20,NR1,set_zero,0.0064,0,core-night zero-drift within noise band
clean-2025-v1,附件2,光伏发电实际功率,335,AI,2025-11-30,34,5:40,5:40,NR1,set_zero,0.0091,0,core-night zero-drift within noise band
clean-2025-v1,附件2,光伏发电实际功率,335,AL,2025-11-30,37,6:10,6:10,NR1,set_zero,0.1268,0,core-night zero-drift within noise band
clean-2025-v1,附件2,光伏发电实际功率,335,AO,2025-11-30,40,6:40,6:40,NR1,set_zero,1.7661,0,core-night zero-drift within noise band
clean-2025-v1,附件2,光伏发电实际功率,335,DA,2025-11-30,104,17:20,17:20,NR1,set_zero,2.0336,0,core-night zero-drift within noise band
clean-2025-v1,附件2,光伏发电实际功率,335,DD,2025-11-30,107,17:50,17:50,NR1,set_zero,0.146,0,core-night zero-drift within noise band
clean-2025-v1,附件2,光伏发电实际功率,335,DG,2025-11-30,110,18:20,18:20,NR1,set_zero,0.0105,0,core-night zero-drift within noise band
clean-2025-v1,附件2,光伏发电实际功率,336,AI,2025-12-01,34,5:40,5:40,NR1,set_zero,0.0105,0,core-night zero-drift within noise band
clean-2025-v1,附件2,光伏发电实际功率,336,AL,2025-12-01,37,6:10,6:10,NR1,set_zero,0.1457,0,core-night zero-drift within noise band
clean-2025-v1,附件2,光伏发电实际功率,336,AO,2025-12-01,40,6:40,6:40,NR1,set_zero,2.0291,0,core-night zero-drift within noise band
clean-2025-v1,附件2,光伏发电实际功率,336,DA,2025-12-01,104,17:20,17:20,NR1,set_zero,2.5633,0,core-night zero-drift within noise band
clean-2025-v1,附件2,光伏发电实际功率,336,DD,2025-12-01,107,17:50,17:50,NR1,set_zero,0.184,0,core-night zero-drift within noise band
clean-2025-v1,附件2,光伏发电实际功率,336,DG,2025-12-01,110,18:20,18:20,NR1,set_zero,0.0132,0,core-night zero-drift within noise band
clean-2025-v1,附件2,光伏发电实际功率,337,AF,2025-12-02,31,5:10,5:10,NR1,set_zero,0.0011,0,core-night zero-drift within noise band
clean-2025-v1,附件2,光伏发电实际功率,337,AI,2025-12-02,34,5:40,5:40,NR1,set_zero,0.0148,0,core-night zero-drift within noise band
clean-2025-v1,附件2,光伏发电实际功率,337,AL,2025-12-02,37,6:10,6:10,NR1,set_zero,0.2063,0,core-night zero-drift within noise band
clean-2025-v1,附件2,光伏发电实际功率,337,AO,2025-12-02,40,6:40,6:40,NR1,set_zero,2.8739,0,core-night zero-drift within noise band
clean-2025-v1,附件2,光伏发电实际功率,337,DA,2025-12-02,104,17:20,17:20,NR1,set_zero,3.7,0,core-night zero-drift within noise band
clean-2025-v1,附件2,光伏发电实际功率,337,DD,2025-12-02,107,17:50,17:50,NR1,set_zero,0.2656,0,core-night zero-drift within noise band
clean-2025-v1,附件2,光伏发电实际功率,337,DG,2025-12-02,110,18:20,18:20,NR1,set_zero,0.0191,0,core-night zero-drift within noise band
clean-2025-v1,附件2,光伏发电实际功率,337,DJ,2025-12-02,113,18:50,18:50,NR1,set_zero,0.0014,0,core-night zero-drift within noise band
clean-2025-v1,附件2,光伏发电实际功率,338,AF,2025-12-03,31,5:10,5:10,NR1,set_zero,0.0013,0,core-night zero-drift within noise band
clean-2025-v1,附件2,光伏发电实际功率,338,AI,2025-12-03,34,5:40,5:40,NR1,set_zero,0.0186,0,core-night zero-drift within noise band
clean-2025-v1,附件2,光伏发电实际功率,338,AL,2025-12-03,37,6:10,6:10,NR1,set_zero,0.2594,0,core-night zero-drift within noise band
clean-2025-v1,附件2,光伏发电实际功率,338,AO,2025-12-03,40,6:40,6:40,NR1,set_zero,3.6131,0,core-night zero-drift within noise band
clean-2025-v1,附件2,光伏发电实际功率,338,DA,2025-12-03,104,17:20,17:20,NR1,set_zero,3.2234,0,core-night zero-drift within noise band
clean-2025-v1,附件2,光伏发电实际功率,338,DD,2025-12-03,107,17:50,17:50,NR1,set_zero,0.2314,0,core-night zero-drift within noise band
clean-2025-v1,附件2,光伏发电实际功率,338,DG,2025-12-03,110,18:20,18:20,NR1,set_zero,0.0166,0,core-night zero-drift within noise band
clean-2025-v1,附件2,光伏发电实际功率,338,DJ,2025-12-03,113,18:50,18:50,NR1,set_zero,0.0012,0,core-night zero-drift within noise band
clean-2025-v1,附件2,光伏发电实际功率,339,AF,2025-12-04,31,5:10,5:10,NR1,set_zero,0.0015,0,core-night zero-drift within noise band
clean-2025-v1,附件2,光伏发电实际功率,339,AI,2025-12-04,34,5:40,5:40,NR1,set_zero,0.0211,0,core-night zero-drift within noise band
clean-2025-v1,附件2,光伏发电实际功率,339,AL,2025-12-04,37,6:10,6:10,NR1,set_zero,0.294,0,core-night zero-drift within noise band
clean-2025-v1,附件2,光伏发电实际功率,339,AO,2025-12-04,40,6:40,6:40,NR1,set_zero,4.0956,0,core-night zero-drift within noise band
clean-2025-v1,附件2,光伏发电实际功率,339,DA,2025-12-04,104,17:20,17:20,NR1,set_zero,4.2261,0,core-night zero-drift within noise band
clean-2025-v1,附件2,光伏发电实际功率,339,DD,2025-12-04,107,17:50,17:50,NR1,set_zero,0.3034,0,core-night zero-drift within noise band
clean-2025-v1,附件2,光伏发电实际功率,339,DG,2025-12-04,110,18:20,18:20,NR1,set_zero,0.0218,0,core-night zero-drift within noise band
clean-2025-v1,附件2,光伏发电实际功率,339,DJ,2025-12-04,113,18:50,18:50,NR1,set_zero,0.0016,0,core-night zero-drift within noise band
clean-2025-v1,附件2,光伏发电实际功率,340,AF,2025-12-05,31,5:10,5:10,NR1,set_zero,0.0016,0,core-night zero-drift within noise band
clean-2025-v1,附件2,光伏发电实际功率,340,AI,2025-12-05,34,5:40,5:40,NR1,set_zero,0.0224,0,core-night zero-drift within noise band
clean-2025-v1,附件2,光伏发电实际功率,340,AL,2025-12-05,37,6:10,6:10,NR1,set_zero,0.3126,0,core-night zero-drift within noise band
clean-2025-v1,附件2,光伏发电实际功率,340,AO,2025-12-05,40,6:40,6:40,NR1,set_zero,4.3544,0,core-night zero-drift within noise band
clean-2025-v1,附件2,光伏发电实际功率,340,DA,2025-12-05,104,17:20,17:20,NR2,reject,5.4793,nan,core-night value above noise band (old=5.479300)
clean-2025-v1,附件2,光伏发电实际功率,340,DD,2025-12-05,107,17:50,17:50,NR1,set_zero,0.3934,0,core-night zero-drift within noise band
clean-2025-v1,附件2,光伏发电实际功率,340,DG,2025-12-05,110,18:20,18:20,NR1,set_zero,0.0282,0,core-night zero-drift within noise band
clean-2025-v1,附件2,光伏发电实际功率,340,DJ,2025-12-05,113,18:50,18:50,NR1,set_zero,0.002,0,core-night zero-drift within noise band
clean-2025-v1,附件2,光伏发电实际功率,341,AF,2025-12-06,31,5:10,5:10,NR1,set_zero,0.002,0,core-night zero-drift within noise band
clean-2025-v1,附件2,光伏发电实际功率,341,AI,2025-12-06,34,5:40,5:40,NR1,set_zero,0.0279,0,core-night zero-drift within noise band
clean-2025-v1,附件2,光伏发电实际功率,341,AL,2025-12-06,37,6:10,6:10,NR1,set_zero,0.3891,0,core-night zero-drift within noise band
clean-2025-v1,附件2,光伏发电实际功率,341,AO,2025-12-06,40,6:40,6:40,NR2,reject,5.4193,nan,core-night value above noise band (old=5.419300)
clean-2025-v1,附件2,光伏发电实际功率,341,DA,2025-12-06,104,17:20,17:20,NR1,set_zero,4.9706,0,core-night zero-drift within noise band
clean-2025-v1,附件2,光伏发电实际功率,341,DD,2025-12-06,107,17:50,17:50,NR1,set_zero,0.3569,0,core-night zero-drift within noise band
clean-2025-v1,附件2,光伏发电实际功率,341,DG,2025-12-06,110,18:20,18:20,NR1,set_zero,0.0256,0,core-night zero-drift within noise band
clean-2025-v1,附件2,光伏发电实际功率,341,DJ,2025-12-06,113,18:50,18:50,NR1,set_zero,0.0018,0,core-night zero-drift within noise band
clean-2025-v1,附件2,光伏发电实际功率,342,AF,2025-12-07,31,5:10,5:10,NR1,set_zero,0.0024,0,core-night zero-drift within noise band
clean-2025-v1,附件2,光伏发电实际功率,342,AI,2025-12-07,34,5:40,5:40,NR1,set_zero,0.0338,0,core-night zero-drift within noise band
clean-2025-v1,附件2,光伏发电实际功率,342,AL,2025-12-07,37,6:10,6:10,NR1,set_zero,0.4707,0,core-night zero-drift within noise band
clean-2025-v1,附件2,光伏发电实际功率,342,AO,2025-12-07,40,6:40,6:40,NR2,reject,6.5558,nan,core-night value above noise band (old=6.555800)
clean-2025-v1,附件2,光伏发电实际功率,342,DA,2025-12-07,104,17:20,17:20,NR2,reject,5.7839,nan,core-night value above noise band (old=5.783900)
clean-2025-v1,附件2,光伏发电实际功率,342,DD,2025-12-07,107,17:50,17:50,NR1,set_zero,0.4153,0,core-night zero-drift within noise band
clean-2025-v1,附件2,光伏发电实际功率,342,DG,2025-12-07,110,18:20,18:20,NR1,set_zero,0.0298,0,core-night zero-drift within noise band
clean-2025-v1,附件2,光伏发电实际功率,342,DJ,2025-12-07,113,18:50,18:50,NR1,set_zero,0.0021,0,core-night zero-drift within noise band
clean-2025-v1,附件2,光伏发电实际功率,343,AF,2025-12-08,31,5:10,5:10,NR1,set_zero,0.0024,0,core-night zero-drift within noise band
clean-2025-v1,附件2,光伏发电实际功率,343,AI,2025-12-08,34,5:40,5:40,NR1,set_zero,0.0331,0,core-night zero-drift within noise band
clean-2025-v1,附件2,光伏发电实际功率,343,AL,2025-12-08,37,6:10,6:10,NR1,set_zero,0.4615,0,core-night zero-drift within noise band
clean-2025-v1,附件2,光伏发电实际功率,343,AO,2025-12-08,40,6:40,6:40,NR2,reject,6.4281,nan,core-night value above noise band (old=6.428100)
clean-2025-v1,附件2,光伏发电实际功率,343,DA,2025-12-08,104,17:20,17:20,NR2,reject,6.3433,nan,core-night value above noise band (old=6.343300)
clean-2025-v1,附件2,光伏发电实际功率,343,DD,2025-12-08,107,17:50,17:50,NR1,set_zero,0.4554,0,core-night zero-drift within noise band
clean-2025-v1,附件2,光伏发电实际功率,343,DG,2025-12-08,110,18:20,18:20,NR1,set_zero,0.0327,0,core-night zero-drift within noise band
clean-2025-v1,附件2,光伏发电实际功率,343,DJ,2025-12-08,113,18:50,18:50,NR1,set_zero,0.0023,0,core-night zero-drift within noise band
clean-2025-v1,附件2,光伏发电实际功率,344,AF,2025-12-09,31,5:10,5:10,NR1,set_zero,0.0022,0,core-night zero-drift within noise band
clean-2025-v1,附件2,光伏发电实际功率,344,AI,2025-12-09,34,5:40,5:40,NR1,set_zero,0.0305,0,core-night zero-drift within noise band
clean-2025-v1,附件2,光伏发电实际功率,344,AL,2025-12-09,37,6:10,6:10,NR1,set_zero,0.4254,0,core-night zero-drift within noise band
clean-2025-v1,附件2,光伏发电实际功率,344,AO,2025-12-09,40,6:40,6:40,NR2,reject,5.9256,nan,core-night value above noise band (old=5.925600)
clean-2025-v1,附件2,光伏发电实际功率,344,AQ,2025-12-09,42,7:00,7:00,NR5,flag,4.3875,4.3875,"shoulder weak signal, excluded from sigma estimation"
clean-2025-v1,附件2,光伏发电实际功率,344,CY,2025-12-09,102,17:00,17:00,NR5,flag,4.875,4.875,"shoulder weak signal, excluded from sigma estimation"
clean-2025-v1,附件2,光伏发电实际功率,344,DA,2025-12-09,104,17:20,17:20,NR2,reject,6.5652,nan,core-night value above noise band (old=6.565200)
clean-2025-v1,附件2,光伏发电实际功率,344,DD,2025-12-09,107,17:50,17:50,NR1,set_zero,0.4714,0,core-night zero-drift within noise band
clean-2025-v1,附件2,光伏发电实际功率,344,DG,2025-12-09,110,18:20,18:20,NR1,set_zero,0.0338,0,core-night zero-drift within noise band
clean-2025-v1,附件2,光伏发电实际功率,344,DJ,2025-12-09,113,18:50,18:50,NR1,set_zero,0.0024,0,core-night zero-drift within noise band
clean-2025-v1,附件2,光伏发电实际功率,345,AF,2025-12-10,31,5:10,5:10,NR1,set_zero,0.0029,0,core-night zero-drift within noise band
clean-2025-v1,附件2,光伏发电实际功率,345,AI,2025-12-10,34,5:40,5:40,NR1,set_zero,0.0397,0,core-night zero-drift within noise band
clean-2025-v1,附件2,光伏发电实际功率,345,AL,2025-12-10,37,6:10,6:10,NR1,set_zero,0.5534,0,core-night zero-drift within noise band
clean-2025-v1,附件2,光伏发电实际功率,345,AO,2025-12-10,40,6:40,6:40,NR2,reject,7.7072,nan,core-night value above noise band (old=7.707200)
clean-2025-v1,附件2,光伏发电实际功率,345,AQ,2025-12-10,42,7:00,7:00,NR5,flag,2.025,2.025,"shoulder weak signal, excluded from sigma estimation"
clean-2025-v1,附件2,光伏发电实际功率,345,CY,2025-12-10,102,17:00,17:00,NR5,flag,1.8375,1.8375,"shoulder weak signal, excluded from sigma estimation"
clean-2025-v1,附件2,光伏发电实际功率,345,DA,2025-12-10,104,17:20,17:20,NR2,reject,5.9405,nan,core-night value above noise band (old=5.940500)
clean-2025-v1,附件2,光伏发电实际功率,345,DD,2025-12-10,107,17:50,17:50,NR1,set_zero,0.4265,0,core-night zero-drift within noise band
clean-2025-v1,附件2,光伏发电实际功率,345,DG,2025-12-10,110,18:20,18:20,NR1,set_zero,0.0306,0,core-night zero-drift within noise band
clean-2025-v1,附件2,光伏发电实际功率,345,DJ,2025-12-10,113,18:50,18:50,NR1,set_zero,0.0022,0,core-night zero-drift within noise band
clean-2025-v1,附件2,光伏发电实际功率,346,AF,2025-12-11,31,5:10,5:10,NR1,set_zero,0.0025,0,core-night zero-drift within noise band
clean-2025-v1,附件2,光伏发电实际功率,346,AI,2025-12-11,34,5:40,5:40,NR1,set_zero,0.0347,0,core-night zero-drift within noise band
clean-2025-v1,附件2,光伏发电实际功率,346,AL,2025-12-11,37,6:10,6:10,NR1,set_zero,0.4829,0,core-night zero-drift within noise band
clean-2025-v1,附件2,光伏发电实际功率,346,AO,2025-12-11,40,6:40,6:40,NR2,reject,6.7258,nan,core-night value above noise band (old=6.725800)
clean-2025-v1,附件2,光伏发电实际功率,346,DA,2025-12-11,104,17:20,17:20,NR2,reject,7.2138,nan,core-night value above noise band (old=7.213800)
clean-2025-v1,附件2,光伏发电实际功率,346,DD,2025-12-11,107,17:50,17:50,NR1,set_zero,0.5179,0,core-night zero-drift within noise band
clean-2025-v1,附件2,光伏发电实际功率,346,DG,2025-12-11,110,18:20,18:20,NR1,set_zero,0.0372,0,core-night zero-drift within noise band
clean-2025-v1,附件2,光伏发电实际功率,346,DJ,2025-12-11,113,18:50,18:50,NR1,set_zero,0.0027,0,core-night zero-drift within noise band
clean-2025-v1,附件2,光伏发电实际功率,347,AF,2025-12-12,31,5:10,5:10,NR1,set_zero,0.0024,0,core-night zero-drift within noise band
clean-2025-v1,附件2,光伏发电实际功率,347,AI,2025-12-12,34,5:40,5:40,NR1,set_zero,0.0328,0,core-night zero-drift within noise band
clean-2025-v1,附件2,光伏发电实际功率,347,AL,2025-12-12,37,6:10,6:10,NR1,set_zero,0.4566,0,core-night zero-drift within noise band
clean-2025-v1,附件2,光伏发电实际功率,347,AO,2025-12-12,40,6:40,6:40,NR2,reject,6.36,nan,core-night value above noise band (old=6.360000)
clean-2025-v1,附件2,光伏发电实际功率,347,DA,2025-12-12,104,17:20,17:20,NR2,reject,6.6632,nan,core-night value above noise band (old=6.663200)
clean-2025-v1,附件2,光伏发电实际功率,347,DD,2025-12-12,107,17:50,17:50,NR1,set_zero,0.4784,0,core-night zero-drift within noise band
clean-2025-v1,附件2,光伏发电实际功率,347,DG,2025-12-12,110,18:20,18:20,NR1,set_zero,0.0343,0,core-night zero-drift within noise band
clean-2025-v1,附件2,光伏发电实际功率,347,DJ,2025-12-12,113,18:50,18:50,NR1,set_zero,0.0025,0,core-night zero-drift within noise band
clean-2025-v1,附件2,光伏发电实际功率,348,AF,2025-12-13,31,5:10,5:10,NR1,set_zero,0.0026,0,core-night zero-drift within noise band
clean-2025-v1,附件2,光伏发电实际功率,348,AI,2025-12-13,34,5:40,5:40,NR1,set_zero,0.0366,0,core-night zero-drift within noise band
clean-2025-v1,附件2,光伏发电实际功率,348,AL,2025-12-13,37,6:10,6:10,NR1,set_zero,0.51,0,core-night zero-drift within noise band
clean-2025-v1,附件2,光伏发电实际功率,348,AO,2025-12-13,40,6:40,6:40,NR2,reject,7.1033,nan,core-night value above noise band (old=7.103300)
clean-2025-v1,附件2,光伏发电实际功率,348,DA,2025-12-13,104,17:20,17:20,NR2,reject,6.7833,nan,core-night value above noise band (old=6.783300)
clean-2025-v1,附件2,光伏发电实际功率,348,DD,2025-12-13,107,17:50,17:50,NR1,set_zero,0.487,0,core-night zero-drift within noise band
clean-2025-v1,附件2,光伏发电实际功率,348,DG,2025-12-13,110,18:20,18:20,NR1,set_zero,0.035,0,core-night zero-drift within noise band
clean-2025-v1,附件2,光伏发电实际功率,348,DJ,2025-12-13,113,18:50,18:50,NR1,set_zero,0.0025,0,core-night zero-drift within noise band
clean-2025-v1,附件2,光伏发电实际功率,349,AF,2025-12-14,31,5:10,5:10,NR1,set_zero,0.0022,0,core-night zero-drift within noise band
clean-2025-v1,附件2,光伏发电实际功率,349,AI,2025-12-14,34,5:40,5:40,NR1,set_zero,0.0303,0,core-night zero-drift within noise band
clean-2025-v1,附件2,光伏发电实际功率,349,AL,2025-12-14,37,6:10,6:10,NR1,set_zero,0.4224,0,core-night zero-drift within noise band
clean-2025-v1,附件2,光伏发电实际功率,349,AO,2025-12-14,40,6:40,6:40,NR2,reject,5.8832,nan,core-night value above noise band (old=5.883200)
clean-2025-v1,附件2,光伏发电实际功率,349,DA,2025-12-14,104,17:20,17:20,NR2,reject,5.9668,nan,core-night value above noise band (old=5.966800)
clean-2025-v1,附件2,光伏发电实际功率,349,DD,2025-12-14,107,17:50,17:50,NR1,set_zero,0.4284,0,core-night zero-drift within noise band
clean-2025-v1,附件2,光伏发电实际功率,349,DG,2025-12-14,110,18:20,18:20,NR1,set_zero,0.0308,0,core-night zero-drift within noise band
clean-2025-v1,附件2,光伏发电实际功率,349,DJ,2025-12-14,113,18:50,18:50,NR1,set_zero,0.0022,0,core-night zero-drift within noise band
clean-2025-v1,附件2,光伏发电实际功率,350,AF,2025-12-15,31,5:10,5:10,NR1,set_zero,0.0021,0,core-night zero-drift within noise band
clean-2025-v1,附件2,光伏发电实际功率,350,AI,2025-12-15,34,5:40,5:40,NR1,set_zero,0.0294,0,core-night zero-drift within noise band
clean-2025-v1,附件2,光伏发电实际功率,350,AL,2025-12-15,37,6:10,6:10,NR1,set_zero,0.4088,0,core-night zero-drift within noise band
clean-2025-v1,附件2,光伏发电实际功率,350,AO,2025-12-15,40,6:40,6:40,NR2,reject,5.6943,nan,core-night value above noise band (old=5.694300)
clean-2025-v1,附件2,光伏发电实际功率,350,DA,2025-12-15,104,17:20,17:20,NR2,reject,6.3454,nan,core-night value above noise band (old=6.345400)
clean-2025-v1,附件2,光伏发电实际功率,350,DD,2025-12-15,107,17:50,17:50,NR1,set_zero,0.4556,0,core-night zero-drift within noise band
clean-2025-v1,附件2,光伏发电实际功率,350,DG,2025-12-15,110,18:20,18:20,NR1,set_zero,0.0327,0,core-night zero-drift within noise band
clean-2025-v1,附件2,光伏发电实际功率,350,DJ,2025-12-15,113,18:50,18:50,NR1,set_zero,0.0023,0,core-night zero-drift within noise band
clean-2025-v1,附件2,光伏发电实际功率,351,AF,2025-12-16,31,5:10,5:10,NR1,set_zero,0.0024,0,core-night zero-drift within noise band
clean-2025-v1,附件2,光伏发电实际功率,351,AI,2025-12-16,34,5:40,5:40,NR1,set_zero,0.0337,0,core-night zero-drift within noise band
clean-2025-v1,附件2,光伏发电实际功率,351,AL,2025-12-16,37,6:10,6:10,NR1,set_zero,0.4689,0,core-night zero-drift within noise band
clean-2025-v1,附件2,光伏发电实际功率,351,AO,2025-12-16,40,6:40,6:40,NR2,reject,6.5308,nan,core-night value above noise band (old=6.530800)
clean-2025-v1,附件2,光伏发电实际功率,351,DA,2025-12-16,104,17:20,17:20,NR2,reject,6.1957,nan,core-night value above noise band (old=6.195700)
clean-2025-v1,附件2,光伏发电实际功率,351,DD,2025-12-16,107,17:50,17:50,NR1,set_zero,0.4448,0,core-night zero-drift within noise band
clean-2025-v1,附件2,光伏发电实际功率,351,DG,2025-12-16,110,18:20,18:20,NR1,set_zero,0.0319,0,core-night zero-drift within noise band
clean-2025-v1,附件2,光伏发电实际功率,351,DJ,2025-12-16,113,18:50,18:50,NR1,set_zero,0.0023,0,core-night zero-drift within noise band
clean-2025-v1,附件2,光伏发电实际功率,352,AF,2025-12-17,31,5:10,5:10,NR1,set_zero,0.0023,0,core-night zero-drift within noise band
clean-2025-v1,附件2,光伏发电实际功率,352,AI,2025-12-17,34,5:40,5:40,NR1,set_zero,0.0327,0,core-night zero-drift within noise band
clean-2025-v1,附件2,光伏发电实际功率,352,AL,2025-12-17,37,6:10,6:10,NR1,set_zero,0.4557,0,core-night zero-drift within noise band
clean-2025-v1,附件2,光伏发电实际功率,352,AO,2025-12-17,40,6:40,6:40,NR2,reject,6.347,nan,core-night value above noise band (old=6.347000)
clean-2025-v1,附件2,光伏发电实际功率,352,DA,2025-12-17,104,17:20,17:20,NR2,reject,6.4075,nan,core-night value above noise band (old=6.407500)
clean-2025-v1,附件2,光伏发电实际功率,352,DD,2025-12-17,107,17:50,17:50,NR1,set_zero,0.46,0,core-night zero-drift within noise band
clean-2025-v1,附件2,光伏发电实际功率,352,DG,2025-12-17,110,18:20,18:20,NR1,set_zero,0.033,0,core-night zero-drift within noise band
clean-2025-v1,附件2,光伏发电实际功率,352,DJ,2025-12-17,113,18:50,18:50,NR1,set_zero,0.0024,0,core-night zero-drift within noise band
clean-2025-v1,附件2,光伏发电实际功率,353,AF,2025-12-18,31,5:10,5:10,NR1,set_zero,0.0026,0,core-night zero-drift within noise band
clean-2025-v1,附件2,光伏发电实际功率,353,AI,2025-12-18,34,5:40,5:40,NR1,set_zero,0.0357,0,core-night zero-drift within noise band
clean-2025-v1,附件2,光伏发电实际功率,353,AL,2025-12-18,37,6:10,6:10,NR1,set_zero,0.4973,0,core-night zero-drift within noise band
clean-2025-v1,附件2,光伏发电实际功率,353,AO,2025-12-18,40,6:40,6:40,NR2,reject,6.9265,nan,core-night value above noise band (old=6.926500)
clean-2025-v1,附件2,光伏发电实际功率,353,DA,2025-12-18,104,17:20,17:20,NR2,reject,5.9937,nan,core-night value above noise band (old=5.993700)
clean-2025-v1,附件2,光伏发电实际功率,353,DD,2025-12-18,107,17:50,17:50,NR1,set_zero,0.4303,0,core-night zero-drift within noise band
clean-2025-v1,附件2,光伏发电实际功率,353,DG,2025-12-18,110,18:20,18:20,NR1,set_zero,0.0309,0,core-night zero-drift within noise band
clean-2025-v1,附件2,光伏发电实际功率,353,DJ,2025-12-18,113,18:50,18:50,NR1,set_zero,0.0022,0,core-night zero-drift within noise band
clean-2025-v1,附件2,光伏发电实际功率,354,AF,2025-12-19,31,5:10,5:10,NR1,set_zero,0.002,0,core-night zero-drift within noise band
clean-2025-v1,附件2,光伏发电实际功率,354,AI,2025-12-19,34,5:40,5:40,NR1,set_zero,0.0284,0,core-night zero-drift within noise band
clean-2025-v1,附件2,光伏发电实际功率,354,AL,2025-12-19,37,6:10,6:10,NR1,set_zero,0.3961,0,core-night zero-drift within noise band
clean-2025-v1,附件2,光伏发电实际功率,354,AO,2025-12-19,40,6:40,6:40,NR2,reject,5.5166,nan,core-night value above noise band (old=5.516600)
clean-2025-v1,附件2,光伏发电实际功率,354,DA,2025-12-19,104,17:20,17:20,NR2,reject,6.1952,nan,core-night value above noise band (old=6.195200)
clean-2025-v1,附件2,光伏发电实际功率,354,DD,2025-12-19,107,17:50,17:50,NR1,set_zero,0.4448,0,core-night zero-drift within noise band
clean-2025-v1,附件2,光伏发电实际功率,354,DG,2025-12-19,110,18:20,18:20,NR1,set_zero,0.0319,0,core-night zero-drift within noise band
clean-2025-v1,附件2,光伏发电实际功率,354,DJ,2025-12-19,113,18:50,18:50,NR1,set_zero,0.0023,0,core-night zero-drift within noise band
clean-2025-v1,附件2,光伏发电实际功率,355,AF,2025-12-20,31,5:10,5:10,NR1,set_zero,0.002,0,core-night zero-drift within noise band
clean-2025-v1,附件2,光伏发电实际功率,355,AI,2025-12-20,34,5:40,5:40,NR1,set_zero,0.0285,0,core-night zero-drift within noise band
clean-2025-v1,附件2,光伏发电实际功率,355,AL,2025-12-20,37,6:10,6:10,NR1,set_zero,0.3963,0,core-night zero-drift within noise band
clean-2025-v1,附件2,光伏发电实际功率,355,AO,2025-12-20,40,6:40,6:40,NR2,reject,5.5202,nan,core-night value above noise band (old=5.520200)
clean-2025-v1,附件2,光伏发电实际功率,355,DA,2025-12-20,104,17:20,17:20,NR2,reject,6.2357,nan,core-night value above noise band (old=6.235700)
clean-2025-v1,附件2,光伏发电实际功率,355,DD,2025-12-20,107,17:50,17:50,NR1,set_zero,0.4477,0,core-night zero-drift within noise band
clean-2025-v1,附件2,光伏发电实际功率,355,DG,2025-12-20,110,18:20,18:20,NR1,set_zero,0.0321,0,core-night zero-drift within noise band
clean-2025-v1,附件2,光伏发电实际功率,355,DJ,2025-12-20,113,18:50,18:50,NR1,set_zero,0.0023,0,core-night zero-drift within noise band
clean-2025-v1,附件2,光伏发电实际功率,356,AF,2025-12-21,31,5:10,5:10,NR1,set_zero,0.0023,0,core-night zero-drift within noise band
clean-2025-v1,附件2,光伏发电实际功率,356,AI,2025-12-21,34,5:40,5:40,NR1,set_zero,0.0316,0,core-night zero-drift within noise band
clean-2025-v1,附件2,光伏发电实际功率,356,AL,2025-12-21,37,6:10,6:10,NR1,set_zero,0.4406,0,core-night zero-drift within noise band
clean-2025-v1,附件2,光伏发电实际功率,356,AO,2025-12-21,40,6:40,6:40,NR2,reject,6.1366,nan,core-night value above noise band (old=6.136600)
clean-2025-v1,附件2,光伏发电实际功率,356,DA,2025-12-21,104,17:20,17:20,NR2,reject,6.2009,nan,core-night value above noise band (old=6.200900)
clean-2025-v1,附件2,光伏发电实际功率,356,DD,2025-12-21,107,17:50,17:50,NR1,set_zero,0.4452,0,core-night zero-drift within noise band
clean-2025-v1,附件2,光伏发电实际功率,356,DG,2025-12-21,110,18:20,18:20,NR1,set_zero,0.032,0,core-night zero-drift within noise band
clean-2025-v1,附件2,光伏发电实际功率,356,DJ,2025-12-21,113,18:50,18:50,NR1,set_zero,0.0023,0,core-night zero-drift within noise band
clean-2025-v1,附件2,光伏发电实际功率,357,AF,2025-12-22,31,5:10,5:10,NR1,set_zero,0.0021,0,core-night zero-drift within noise band
clean-2025-v1,附件2,光伏发电实际功率,357,AI,2025-12-22,34,5:40,5:40,NR1,set_zero,0.0297,0,core-night zero-drift within noise band
clean-2025-v1,附件2,光伏发电实际功率,357,AL,2025-12-22,37,6:10,6:10,NR1,set_zero,0.4135,0,core-night zero-drift within noise band
clean-2025-v1,附件2,光伏发电实际功率,357,AO,2025-12-22,40,6:40,6:40,NR2,reject,5.7598,nan,core-night value above noise band (old=5.759800)
clean-2025-v1,附件2,光伏发电实际功率,357,DA,2025-12-22,104,17:20,17:20,NR2,reject,5.9468,nan,core-night value above noise band (old=5.946800)
clean-2025-v1,附件2,光伏发电实际功率,357,DD,2025-12-22,107,17:50,17:50,NR1,set_zero,0.427,0,core-night zero-drift within noise band
clean-2025-v1,附件2,光伏发电实际功率,357,DG,2025-12-22,110,18:20,18:20,NR1,set_zero,0.0307,0,core-night zero-drift within noise band
clean-2025-v1,附件2,光伏发电实际功率,357,DJ,2025-12-22,113,18:50,18:50,NR1,set_zero,0.0022,0,core-night zero-drift within noise band
clean-2025-v1,附件2,光伏发电实际功率,358,AF,2025-12-23,31,5:10,5:10,NR1,set_zero,0.0023,0,core-night zero-drift within noise band
clean-2025-v1,附件2,光伏发电实际功率,358,AI,2025-12-23,34,5:40,5:40,NR1,set_zero,0.0321,0,core-night zero-drift within noise band
clean-2025-v1,附件2,光伏发电实际功率,358,AL,2025-12-23,37,6:10,6:10,NR1,set_zero,0.4468,0,core-night zero-drift within noise band
clean-2025-v1,附件2,光伏发电实际功率,358,AO,2025-12-23,40,6:40,6:40,NR2,reject,6.2227,nan,core-night value above noise band (old=6.222700)
clean-2025-v1,附件2,光伏发电实际功率,358,DA,2025-12-23,104,17:20,17:20,NR2,reject,5.9365,nan,core-night value above noise band (old=5.936500)
clean-2025-v1,附件2,光伏发电实际功率,358,DD,2025-12-23,107,17:50,17:50,NR1,set_zero,0.4262,0,core-night zero-drift within noise band
clean-2025-v1,附件2,光伏发电实际功率,358,DG,2025-12-23,110,18:20,18:20,NR1,set_zero,0.0306,0,core-night zero-drift within noise band
clean-2025-v1,附件2,光伏发电实际功率,358,DJ,2025-12-23,113,18:50,18:50,NR1,set_zero,0.0022,0,core-night zero-drift within noise band
clean-2025-v1,附件2,光伏发电实际功率,359,AF,2025-12-24,31,5:10,5:10,NR1,set_zero,0.0024,0,core-night zero-drift within noise band
clean-2025-v1,附件2,光伏发电实际功率,359,AI,2025-12-24,34,5:40,5:40,NR1,set_zero,0.0332,0,core-night zero-drift within noise band
clean-2025-v1,附件2,光伏发电实际功率,359,AL,2025-12-24,37,6:10,6:10,NR1,set_zero,0.4627,0,core-night zero-drift within noise band
clean-2025-v1,附件2,光伏发电实际功率,359,AO,2025-12-24,40,6:40,6:40,NR2,reject,6.445,nan,core-night value above noise band (old=6.445000)
clean-2025-v1,附件2,光伏发电实际功率,359,DA,2025-12-24,104,17:20,17:20,NR2,reject,6.2672,nan,core-night value above noise band (old=6.267200)
clean-2025-v1,附件2,光伏发电实际功率,359,DD,2025-12-24,107,17:50,17:50,NR1,set_zero,0.45,0,core-night zero-drift within noise band
clean-2025-v1,附件2,光伏发电实际功率,359,DG,2025-12-24,110,18:20,18:20,NR1,set_zero,0.0323,0,core-night zero-drift within noise band
clean-2025-v1,附件2,光伏发电实际功率,359,DJ,2025-12-24,113,18:50,18:50,NR1,set_zero,0.0023,0,core-night zero-drift within noise band
clean-2025-v1,附件2,光伏发电实际功率,360,AF,2025-12-25,31,5:10,5:10,NR1,set_zero,0.0022,0,core-night zero-drift within noise band
clean-2025-v1,附件2,光伏发电实际功率,360,AI,2025-12-25,34,5:40,5:40,NR1,set_zero,0.0312,0,core-night zero-drift within noise band
clean-2025-v1,附件2,光伏发电实际功率,360,AL,2025-12-25,37,6:10,6:10,NR1,set_zero,0.4349,0,core-night zero-drift within noise band
clean-2025-v1,附件2,光伏发电实际功率,360,AO,2025-12-25,40,6:40,6:40,NR2,reject,6.0581,nan,core-night value above noise band (old=6.058100)
clean-2025-v1,附件2,光伏发电实际功率,360,DA,2025-12-25,104,17:20,17:20,NR2,reject,6.8576,nan,core-night value above noise band (old=6.857600)
clean-2025-v1,附件2,光伏发电实际功率,360,DD,2025-12-25,107,17:50,17:50,NR1,set_zero,0.4924,0,core-night zero-drift within noise band
clean-2025-v1,附件2,光伏发电实际功率,360,DG,2025-12-25,110,18:20,18:20,NR1,set_zero,0.0353,0,core-night zero-drift within noise band
clean-2025-v1,附件2,光伏发电实际功率,360,DJ,2025-12-25,113,18:50,18:50,NR1,set_zero,0.0025,0,core-night zero-drift within noise band
clean-2025-v1,附件2,光伏发电实际功率,361,AF,2025-12-26,31,5:10,5:10,NR1,set_zero,0.0022,0,core-night zero-drift within noise band
clean-2025-v1,附件2,光伏发电实际功率,361,AI,2025-12-26,34,5:40,5:40,NR1,set_zero,0.0306,0,core-night zero-drift within noise band
clean-2025-v1,附件2,光伏发电实际功率,361,AL,2025-12-26,37,6:10,6:10,NR1,set_zero,0.4267,0,core-night zero-drift within noise band
clean-2025-v1,附件2,光伏发电实际功率,361,AO,2025-12-26,40,6:40,6:40,NR2,reject,5.9432,nan,core-night value above noise band (old=5.943200)
clean-2025-v1,附件2,光伏发电实际功率,361,DA,2025-12-26,104,17:20,17:20,NR2,reject,6.642,nan,core-night value above noise band (old=6.642000)
clean-2025-v1,附件2,光伏发电实际功率,361,DD,2025-12-26,107,17:50,17:50,NR1,set_zero,0.4769,0,core-night zero-drift within noise band
clean-2025-v1,附件2,光伏发电实际功率,361,DG,2025-12-26,110,18:20,18:20,NR1,set_zero,0.0342,0,core-night zero-drift within noise band
clean-2025-v1,附件2,光伏发电实际功率,361,DJ,2025-12-26,113,18:50,18:50,NR1,set_zero,0.0025,0,core-night zero-drift within noise band
clean-2025-v1,附件2,光伏发电实际功率,362,AF,2025-12-27,31,5:10,5:10,NR1,set_zero,0.0023,0,core-night zero-drift within noise band
clean-2025-v1,附件2,光伏发电实际功率,362,AI,2025-12-27,34,5:40,5:40,NR1,set_zero,0.0325,0,core-night zero-drift within noise band
clean-2025-v1,附件2,光伏发电实际功率,362,AL,2025-12-27,37,6:10,6:10,NR1,set_zero,0.4528,0,core-night zero-drift within noise band
clean-2025-v1,附件2,光伏发电实际功率,362,AO,2025-12-27,40,6:40,6:40,NR2,reject,6.3065,nan,core-night value above noise band (old=6.306500)
clean-2025-v1,附件2,光伏发电实际功率,362,DA,2025-12-27,104,17:20,17:20,NR2,reject,6.222,nan,core-night value above noise band (old=6.222000)
clean-2025-v1,附件2,光伏发电实际功率,362,DD,2025-12-27,107,17:50,17:50,NR1,set_zero,0.4467,0,core-night zero-drift within noise band
clean-2025-v1,附件2,光伏发电实际功率,362,DG,2025-12-27,110,18:20,18:20,NR1,set_zero,0.0321,0,core-night zero-drift within noise band
clean-2025-v1,附件2,光伏发电实际功率,362,DJ,2025-12-27,113,18:50,18:50,NR1,set_zero,0.0023,0,core-night zero-drift within noise band
clean-2025-v1,附件2,光伏发电实际功率,363,AF,2025-12-28,31,5:10,5:10,NR1,set_zero,0.0021,0,core-night zero-drift within noise band
clean-2025-v1,附件2,光伏发电实际功率,363,AI,2025-12-28,34,5:40,5:40,NR1,set_zero,0.0288,0,core-night zero-drift within noise band
clean-2025-v1,附件2,光伏发电实际功率,363,AL,2025-12-28,37,6:10,6:10,NR1,set_zero,0.4008,0,core-night zero-drift within noise band
clean-2025-v1,附件2,光伏发电实际功率,363,AO,2025-12-28,40,6:40,6:40,NR2,reject,5.5828,nan,core-night value above noise band (old=5.582800)
clean-2025-v1,附件2,光伏发电实际功率,363,DA,2025-12-28,104,17:20,17:20,NR2,reject,6.7131,nan,core-night value above noise band (old=6.713100)
clean-2025-v1,附件2,光伏发电实际功率,363,DD,2025-12-28,107,17:50,17:50,NR1,set_zero,0.482,0,core-night zero-drift within noise band
clean-2025-v1,附件2,光伏发电实际功率,363,DG,2025-12-28,110,18:20,18:20,NR1,set_zero,0.0346,0,core-night zero-drift within noise band
clean-2025-v1,附件2,光伏发电实际功率,363,DJ,2025-12-28,113,18:50,18:50,NR1,set_zero,0.0025,0,core-night zero-drift within noise band
clean-2025-v1,附件2,光伏发电实际功率,364,AF,2025-12-29,31,5:10,5:10,NR1,set_zero,0.0027,0,core-night zero-drift within noise band
clean-2025-v1,附件2,光伏发电实际功率,364,AI,2025-12-29,34,5:40,5:40,NR1,set_zero,0.038,0,core-night zero-drift within noise band
clean-2025-v1,附件2,光伏发电实际功率,364,AL,2025-12-29,37,6:10,6:10,NR1,set_zero,0.529,0,core-night zero-drift within noise band
clean-2025-v1,附件2,光伏发电实际功率,364,AO,2025-12-29,40,6:40,6:40,NR2,reject,7.3682,nan,core-night value above noise band (old=7.368200)
clean-2025-v1,附件2,光伏发电实际功率,364,DA,2025-12-29,104,17:20,17:20,NR2,reject,5.835,nan,core-night value above noise band (old=5.835000)
clean-2025-v1,附件2,光伏发电实际功率,364,DD,2025-12-29,107,17:50,17:50,NR1,set_zero,0.4189,0,core-night zero-drift within noise band
clean-2025-v1,附件2,光伏发电实际功率,364,DG,2025-12-29,110,18:20,18:20,NR1,set_zero,0.0301,0,core-night zero-drift within noise band
clean-2025-v1,附件2,光伏发电实际功率,364,DJ,2025-12-29,113,18:50,18:50,NR1,set_zero,0.0022,0,core-night zero-drift within noise band
clean-2025-v1,附件2,光伏发电实际功率,365,AF,2025-12-30,31,5:10,5:10,NR1,set_zero,0.0025,0,core-night zero-drift within noise band
clean-2025-v1,附件2,光伏发电实际功率,365,AI,2025-12-30,34,5:40,5:40,NR1,set_zero,0.0355,0,core-night zero-drift within noise band
clean-2025-v1,附件2,光伏发电实际功率,365,AL,2025-12-30,37,6:10,6:10,NR1,set_zero,0.494,0,core-night zero-drift within noise band
clean-2025-v1,附件2,光伏发电实际功率,365,AO,2025-12-30,40,6:40,6:40,NR2,reject,6.8805,nan,core-night value above noise band (old=6.880500)
clean-2025-v1,附件2,光伏发电实际功率,365,DA,2025-12-30,104,17:20,17:20,NR2,reject,6.5621,nan,core-night value above noise band (old=6.562100)
clean-2025-v1,附件2,光伏发电实际功率,365,DD,2025-12-30,107,17:50,17:50,NR1,set_zero,0.4711,0,core-night zero-drift within noise band
clean-2025-v1,附件2,光伏发电实际功率,365,DG,2025-12-30,110,18:20,18:20,NR1,set_zero,0.0338,0,core-night zero-drift within noise band
clean-2025-v1,附件2,光伏发电实际功率,365,DJ,2025-12-30,113,18:50,18:50,NR1,set_zero,0.0024,0,core-night zero-drift within noise band
clean-2025-v1,附件2,光伏发电实际功率,366,AF,2025-12-31,31,5:10,5:10,NR1,set_zero,0.0025,0,core-night zero-drift within noise band
clean-2025-v1,附件2,光伏发电实际功率,366,AI,2025-12-31,34,5:40,5:40,NR1,set_zero,0.0353,0,core-night zero-drift within noise band
clean-2025-v1,附件2,光伏发电实际功率,366,AL,2025-12-31,37,6:10,6:10,NR1,set_zero,0.4913,0,core-night zero-drift within noise band
clean-2025-v1,附件2,光伏发电实际功率,366,AO,2025-12-31,40,6:40,6:40,NR2,reject,6.8432,nan,core-night value above noise band (old=6.843200)
clean-2025-v1,附件2,光伏发电实际功率,366,AQ,2025-12-31,42,7:00,7:00,NR4,set_zero,0.75,0,shoulder sub-kW noise
clean-2025-v1,附件2,光伏发电实际功率,366,CY,2025-12-31,102,17:00,17:00,NR4,set_zero,0.7125,0,shoulder sub-kW noise
clean-2025-v1,附件2,光伏发电实际功率,366,DA,2025-12-31,104,17:20,17:20,NR2,reject,7.2457,nan,core-night value above noise band (old=7.245700)
clean-2025-v1,附件2,光伏发电实际功率,366,DD,2025-12-31,107,17:50,17:50,NR1,set_zero,0.5202,0,core-night zero-drift within noise band
clean-2025-v1,附件2,光伏发电实际功率,366,DG,2025-12-31,110,18:20,18:20,NR1,set_zero,0.0374,0,core-night zero-drift within noise band
clean-2025-v1,附件2,光伏发电实际功率,366,DJ,2025-12-31,113,18:50,18:50,NR1,set_zero,0.0027,0,core-night zero-drift within noise band
clean-2025-v1,附件2,光伏发电实际功率,2,AS,2025-01-01,44,7:20,7:20,NR9,flag,nan,nan,daylight jump > 20%
clean-2025-v1,附件2,光伏发电实际功率,2,AT,2025-01-01,45,7:30,7:30,NR9,flag,nan,nan,daylight jump > 20%
clean-2025-v1,附件2,光伏发电实际功率,2,AU,2025-01-01,46,7:40,7:40,NR9,flag,nan,nan,daylight jump > 20%
clean-2025-v1,附件2,光伏发电实际功率,2,AV,2025-01-01,47,7:50,7:50,NR9,flag,nan,nan,daylight jump > 20%
clean-2025-v1,附件2,光伏发电实际功率,2,AW,2025-01-01,48,8:00,8:00,NR9,flag,nan,nan,daylight jump > 20%
clean-2025-v1,附件2,光伏发电实际功率,2,CU,2025-01-01,98,16:20,16:20,NR9,flag,nan,nan,daylight jump > 20%
clean-2025-v1,附件2,光伏发电实际功率,2,CV,2025-01-01,99,16:30,16:30,NR9,flag,nan,nan,daylight jump > 20%
clean-2025-v1,附件2,光伏发电实际功率,2,CW,2025-01-01,100,16:40,16:40,NR9,flag,nan,nan,daylight jump > 20%
clean-2025-v1,附件2,光伏发电实际功率,2,CX,2025-01-01,101,16:50,16:50,NR9,flag,nan,nan,daylight jump > 20%
clean-2025-v1,附件2,光伏发电实际功率,3,AS,2025-01-02,44,7:20,7:20,NR9,flag,nan,nan,daylight jump > 20%
clean-2025-v1,附件2,光伏发电实际功率,3,AT,2025-01-02,45,7:30,7:30,NR9,flag,nan,nan,daylight jump > 20%
clean-2025-v1,附件2,光伏发电实际功率,3,AU,2025-01-02,46,7:40,7:40,NR9,flag,nan,nan,daylight jump > 20%
clean-2025-v1,附件2,光伏发电实际功率,3,AV,2025-01-02,47,7:50,7:50,NR9,flag,nan,nan,daylight jump > 20%
clean-2025-v1,附件2,光伏发电实际功率,3,CT,2025-01-02,97,16:10,16:10,NR9,flag,nan,nan,daylight jump > 20%
clean-2025-v1,附件2,光伏发电实际功率,3,CU,2025-01-02,98,16:20,16:20,NR9,flag,nan,nan,daylight jump > 20%
clean-2025-v1,附件2,光伏发电实际功率,3,CV,2025-01-02,99,16:30,16:30,NR9,flag,nan,nan,daylight jump > 20%
clean-2025-v1,附件2,光伏发电实际功率,3,CW,2025-01-02,100,16:40,16:40,NR9,flag,nan,nan,daylight jump > 20%
clean-2025-v1,附件2,光伏发电实际功率,3,CX,2025-01-02,101,16:50,16:50,NR9,flag,nan,nan,daylight jump > 20%
clean-2025-v1,附件2,光伏发电实际功率,4,AS,2025-01-03,44,7:20,7:20,NR9,flag,nan,nan,daylight jump > 20%
clean-2025-v1,附件2,光伏发电实际功率,4,AT,2025-01-03,45,7:30,7:30,NR9,flag,nan,nan,daylight jump > 20%
clean-2025-v1,附件2,光伏发电实际功率,4,AU,2025-01-03,46,7:40,7:40,NR9,flag,nan,nan,daylight jump > 20%
clean-2025-v1,附件2,光伏发电实际功率,4,AV,2025-01-03,47,7:50,7:50,NR9,flag,nan,nan,daylight jump > 20%
clean-2025-v1,附件2,光伏发电实际功率,4,CS,2025-01-03,96,16:00,16:00,NR9,flag,nan,nan,daylight jump > 20%
clean-2025-v1,附件2,光伏发电实际功率,4,CV,2025-01-03,99,16:30,16:30,NR9,flag,nan,nan,daylight jump > 20%
clean-2025-v1,附件2,光伏发电实际功率,4,CW,2025-01-03,100,16:40,16:40,NR9,flag,nan,nan,daylight jump > 20%
clean-2025-v1,附件2,光伏发电实际功率,4,CX,2025-01-03,101,16:50,16:50,NR9,flag,nan,nan,daylight jump > 20%
clean-2025-v1,附件2,光伏发电实际功率,5,AS,2025-01-04,44,7:20,7:20,NR9,flag,nan,nan,daylight jump > 20%
clean-2025-v1,附件2,光伏发电实际功率,5,AT,2025-01-04,45,7:30,7:30,NR9,flag,nan,nan,daylight jump > 20%
clean-2025-v1,附件2,光伏发电实际功率,5,AU,2025-01-04,46,7:40,7:40,NR9,flag,nan,nan,daylight jump > 20%
clean-2025-v1,附件2,光伏发电实际功率,5,AV,2025-01-04,47,7:50,7:50,NR9,flag,nan,nan,daylight jump > 20%
clean-2025-v1,附件2,光伏发电实际功率,5,CU,2025-01-04,98,16:20,16:20,NR9,flag,nan,nan,daylight jump > 20%
clean-2025-v1,附件2,光伏发电实际功率,5,CV,2025-01-04,99,16:30,16:30,NR9,flag,nan,nan,daylight jump > 20%
clean-2025-v1,附件2,光伏发电实际功率,5,CW,2025-01-04,100,16:40,16:40,NR9,flag,nan,nan,daylight jump > 20%
clean-2025-v1,附件2,光伏发电实际功率,5,CX,2025-01-04,101,16:50,16:50,NR9,flag,nan,nan,daylight jump > 20%
clean-2025-v1,附件2,光伏发电实际功率,6,AS,2025-01-05,44,7:20,7:20,NR9,flag,nan,nan,daylight jump > 20%
clean-2025-v1,附件2,光伏发电实际功率,6,AT,2025-01-05,45,7:30,7:30,NR9,flag,nan,nan,daylight jump > 20%
clean-2025-v1,附件2,光伏发电实际功率,6,AU,2025-01-05,46,7:40,7:40,NR9,flag,nan,nan,daylight jump > 20%
clean-2025-v1,附件2,光伏发电实际功率,6,AV,2025-01-05,47,7:50,7:50,NR9,flag,nan,nan,daylight jump > 20%
clean-2025-v1,附件2,光伏发电实际功率,6,CT,2025-01-05,97,16:10,16:10,NR9,flag,nan,nan,daylight jump > 20%
clean-2025-v1,附件2,光伏发电实际功率,6,CU,2025-01-05,98,16:20,16:20,NR9,flag,nan,nan,daylight jump > 20%
clean-2025-v1,附件2,光伏发电实际功率,6,CV,2025-01-05,99,16:30,16:30,NR9,flag,nan,nan,daylight jump > 20%
clean-2025-v1,附件2,光伏发电实际功率,6,CW,2025-01-05,100,16:40,16:40,NR9,flag,nan,nan,daylight jump > 20%
clean-2025-v1,附件2,光伏发电实际功率,6,CX,2025-01-05,101,16:50,16:50,NR9,flag,nan,nan,daylight jump > 20%
clean-2025-v1,附件2,光伏发电实际功率,7,AS,2025-01-06,44,7:20,7:20,NR9,flag,nan,nan,daylight jump > 20%
clean-2025-v1,附件2,光伏发电实际功率,7,AT,2025-01-06,45,7:30,7:30,NR9,flag,nan,nan,daylight jump > 20%
clean-2025-v1,附件2,光伏发电实际功率,7,AU,2025-01-06,46,7:40,7:40,NR9,flag,nan,nan,daylight jump > 20%
clean-2025-v1,附件2,光伏发电实际功率,7,AV,2025-01-06,47,7:50,7:50,NR9,flag,nan,nan,daylight jump > 20%
clean-2025-v1,附件2,光伏发电实际功率,7,CT,2025-01-06,97,16:10,16:10,NR9,flag,nan,nan,daylight jump > 20%
clean-2025-v1,附件2,光伏发电实际功率,7,CU,2025-01-06,98,16:20,16:20,NR9,flag,nan,nan,daylight jump > 20%
clean-2025-v1,附件2,光伏发电实际功率,7,CV,2025-01-06,99,16:30,16:30,NR9,flag,nan,nan,daylight jump > 20%
clean-2025-v1,附件2,光伏发电实际功率,7,CW,2025-01-06,100,16:40,16:40,NR9,flag,nan,nan,daylight jump > 20%
clean-2025-v1,附件2,光伏发电实际功率,7,CX,2025-01-06,101,16:50,16:50,NR9,flag,nan,nan,daylight jump > 20%
clean-2025-v1,附件2,光伏发电实际功率,8,AS,2025-01-07,44,7:20,7:20,NR9,flag,nan,nan,daylight jump > 20%
clean-2025-v1,附件2,光伏发电实际功率,8,AT,2025-01-07,45,7:30,7:30,NR9,flag,nan,nan,daylight jump > 20%
clean-2025-v1,附件2,光伏发电实际功率,8,AU,2025-01-07,46,7:40,7:40,NR9,flag,nan,nan,daylight jump > 20%
clean-2025-v1,附件2,光伏发电实际功率,8,AV,2025-01-07,47,7:50,7:50,NR9,flag,nan,nan,daylight jump > 20%
clean-2025-v1,附件2,光伏发电实际功率,8,CU,2025-01-07,98,16:20,16:20,NR9,flag,nan,nan,daylight jump > 20%
clean-2025-v1,附件2,光伏发电实际功率,8,CV,2025-01-07,99,16:30,16:30,NR9,flag,nan,nan,daylight jump > 20%
clean-2025-v1,附件2,光伏发电实际功率,8,CW,2025-01-07,100,16:40,16:40,NR9,flag,nan,nan,daylight jump > 20%
clean-2025-v1,附件2,光伏发电实际功率,8,CX,2025-01-07,101,16:50,16:50,NR9,flag,nan,nan,daylight jump > 20%
clean-2025-v1,附件2,光伏发电实际功率,9,AS,2025-01-08,44,7:20,7:20,NR9,flag,nan,nan,daylight jump > 20%
clean-2025-v1,附件2,光伏发电实际功率,9,AT,2025-01-08,45,7:30,7:30,NR9,flag,nan,nan,daylight jump > 20%
clean-2025-v1,附件2,光伏发电实际功率,9,AU,2025-01-08,46,7:40,7:40,NR9,flag,nan,nan,daylight jump > 20%
clean-2025-v1,附件2,光伏发电实际功率,9,AV,2025-01-08,47,7:50,7:50,NR9,flag,nan,nan,daylight jump > 20%
clean-2025-v1,附件2,光伏发电实际功率,9,AW,2025-01-08,48,8:00,8:00,NR9,flag,nan,nan,daylight jump > 20%
clean-2025-v1,附件2,光伏发电实际功率,9,CU,2025-01-08,98,16:20,16:20,NR9,flag,nan,nan,daylight jump > 20%
clean-2025-v1,附件2,光伏发电实际功率,9,CV,2025-01-08,99,16:30,16:30,NR9,flag,nan,nan,daylight jump > 20%
clean-2025-v1,附件2,光伏发电实际功率,9,CW,2025-01-08,100,16:40,16:40,NR9,flag,nan,nan,daylight jump > 20%
clean-2025-v1,附件2,光伏发电实际功率,9,CX,2025-01-08,101,16:50,16:50,NR9,flag,nan,nan,daylight jump > 20%
clean-2025-v1,附件2,光伏发电实际功率,10,AS,2025-01-09,44,7:20,7:20,NR9,flag,nan,nan,daylight jump > 20%
clean-2025-v1,附件2,光伏发电实际功率,10,AT,2025-01-09,45,7:30,7:30,NR9,flag,nan,nan,daylight jump > 20%
clean-2025-v1,附件2,光伏发电实际功率,10,AU,2025-01-09,46,7:40,7:40,NR9,flag,nan,nan,daylight jump > 20%
clean-2025-v1,附件2,光伏发电实际功率,10,AV,2025-01-09,47,7:50,7:50,NR9,flag,nan,nan,daylight jump > 20%
clean-2025-v1,附件2,光伏发电实际功率,10,CU,2025-01-09,98,16:20,16:20,NR9,flag,nan,nan,daylight jump > 20%
clean-2025-v1,附件2,光伏发电实际功率,10,CV,2025-01-09,99,16:30,16:30,NR9,flag,nan,nan,daylight jump > 20%
clean-2025-v1,附件2,光伏发电实际功率,10,CW,2025-01-09,100,16:40,16:40,NR9,flag,nan,nan,daylight jump > 20%
clean-2025-v1,附件2,光伏发电实际功率,10,CX,2025-01-09,101,16:50,16:50,NR9,flag,nan,nan,daylight jump > 20%
clean-2025-v1,附件2,光伏发电实际功率,11,AS,2025-01-10,44,7:20,7:20,NR9,flag,nan,nan,daylight jump > 20%
clean-2025-v1,附件2,光伏发电实际功率,11,AT,2025-01-10,45,7:30,7:30,NR9,flag,nan,nan,daylight jump > 20%
clean-2025-v1,附件2,光伏发电实际功率,11,AU,2025-01-10,46,7:40,7:40,NR9,flag,nan,nan,daylight jump > 20%
clean-2025-v1,附件2,光伏发电实际功率,11,CU,2025-01-10,98,16:20,16:20,NR9,flag,nan,nan,daylight jump > 20%
clean-2025-v1,附件2,光伏发电实际功率,11,CV,2025-01-10,99,16:30,16:30,NR9,flag,nan,nan,daylight jump > 20%
clean-2025-v1,附件2,光伏发电实际功率,11,CW,2025-01-10,100,16:40,16:40,NR9,flag,nan,nan,daylight jump > 20%
clean-2025-v1,附件2,光伏发电实际功率,11,CX,2025-01-10,101,16:50,16:50,NR9,flag,nan,nan,daylight jump > 20%
clean-2025-v1,附件2,光伏发电实际功率,12,AS,2025-01-11,44,7:20,7:20,NR9,flag,nan,nan,daylight jump > 20%
clean-2025-v1,附件2,光伏发电实际功率,12,AT,2025-01-11,45,7:30,7:30,NR9,flag,nan,nan,daylight jump > 20%
clean-2025-v1,附件2,光伏发电实际功率,12,AU,2025-01-11,46,7:40,7:40,NR9,flag,nan,nan,daylight jump > 20%
clean-2025-v1,附件2,光伏发电实际功率,12,AV,2025-01-11,47,7:50,7:50,NR9,flag,nan,nan,daylight jump > 20%
clean-2025-v1,附件2,光伏发电实际功率,12,CV,2025-01-11,99,16:30,16:30,NR9,flag,nan,nan,daylight jump > 20%
clean-2025-v1,附件2,光伏发电实际功率,12,CW,2025-01-11,100,16:40,16:40,NR9,flag,nan,nan,daylight jump > 20%
clean-2025-v1,附件2,光伏发电实际功率,12,CX,2025-01-11,101,16:50,16:50,NR9,flag,nan,nan,daylight jump > 20%
clean-2025-v1,附件2,光伏发电实际功率,12,CY,2025-01-11,102,17:00,17:00,NR9,flag,nan,nan,daylight jump > 20%
clean-2025-v1,附件2,光伏发电实际功率,13,AR,2025-01-12,43,7:10,7:10,NR9,flag,nan,nan,daylight jump > 20%
clean-2025-v1,附件2,光伏发电实际功率,13,AS,2025-01-12,44,7:20,7:20,NR9,flag,nan,nan,daylight jump > 20%
clean-2025-v1,附件2,光伏发电实际功率,13,AT,2025-01-12,45,7:30,7:30,NR9,flag,nan,nan,daylight jump > 20%
clean-2025-v1,附件2,光伏发电实际功率,13,AU,2025-01-12,46,7:40,7:40,NR9,flag,nan,nan,daylight jump > 20%
clean-2025-v1,附件2,光伏发电实际功率,13,AV,2025-01-12,47,7:50,7:50,NR9,flag,nan,nan,daylight jump > 20%
clean-2025-v1,附件2,光伏发电实际功率,13,CU,2025-01-12,98,16:20,16:20,NR9,flag,nan,nan,daylight jump > 20%
clean-2025-v1,附件2,光伏发电实际功率,13,CV,2025-01-12,99,16:30,16:30,NR9,flag,nan,nan,daylight jump > 20%
clean-2025-v1,附件2,光伏发电实际功率,13,CW,2025-01-12,100,16:40,16:40,NR9,flag,nan,nan,daylight jump > 20%
clean-2025-v1,附件2,光伏发电实际功率,13,CX,2025-01-12,101,16:50,16:50,NR9,flag,nan,nan,daylight jump > 20%
clean-2025-v1,附件2,光伏发电实际功率,13,CY,2025-01-12,102,17:00,17:00,NR9,flag,nan,nan,daylight jump > 20%
clean-2025-v1,附件2,光伏发电实际功率,14,AR,2025-01-13,43,7:10,7:10,NR9,flag,nan,nan,daylight jump > 20%
clean-2025-v1,附件2,光伏发电实际功率,14,AS,2025-01-13,44,7:20,7:20,NR9,flag,nan,nan,daylight jump > 20%
clean-2025-v1,附件2,光伏发电实际功率,14,AT,2025-01-13,45,7:30,7:30,NR9,flag,nan,nan,daylight jump > 20%
clean-2025-v1,附件2,光伏发电实际功率,14,AU,2025-01-13,46,7:40,7:40,NR9,flag,nan,nan,daylight jump > 20%
clean-2025-v1,附件2,光伏发电实际功率,14,AV,2025-01-13,47,7:50,7:50,NR9,flag,nan,nan,daylight jump > 20%
clean-2025-v1,附件2,光伏发电实际功率,14,CU,2025-01-13,98,16:20,16:20,NR9,flag,nan,nan,daylight jump > 20%
clean-2025-v1,附件2,光伏发电实际功率,14,CV,2025-01-13,99,16:30,16:30,NR9,flag,nan,nan,daylight jump > 20%
clean-2025-v1,附件2,光伏发电实际功率,14,CW,2025-01-13,100,16:40,16:40,NR9,flag,nan,nan,daylight jump > 20%
clean-2025-v1,附件2,光伏发电实际功率,14,CX,2025-01-13,101,16:50,16:50,NR9,flag,nan,nan,daylight jump > 20%
clean-2025-v1,附件2,光伏发电实际功率,14,CY,2025-01-13,102,17:00,17:00,NR9,flag,nan,nan,daylight jump > 20%
clean-2025-v1,附件2,光伏发电实际功率,15,AR,2025-01-14,43,7:10,7:10,NR9,flag,nan,nan,daylight jump > 20%
clean-2025-v1,附件2,光伏发电实际功率,15,AS,2025-01-14,44,7:20,7:20,NR9,flag,nan,nan,daylight jump > 20%
clean-2025-v1,附件2,光伏发电实际功率,15,AT,2025-01-14,45,7:30,7:30,NR9,flag,nan,nan,daylight jump > 20%
clean-2025-v1,附件2,光伏发电实际功率,15,AU,2025-01-14,46,7:40,7:40,NR9,flag,nan,nan,daylight jump > 20%
clean-2025-v1,附件2,光伏发电实际功率,15,AV,2025-01-14,47,7:50,7:50,NR9,flag,nan,nan,daylight jump > 20%
clean-2025-v1,附件2,光伏发电实际功率,15,AW,2025-01-14,48,8:00,8:00,NR9,flag,nan,nan,daylight jump > 20%
clean-2025-v1,附件2,光伏发电实际功率,15,CV,2025-01-14,99,16:30,16:30,NR9,flag,nan,nan,daylight jump > 20%
clean-2025-v1,附件2,光伏发电实际功率,15,CW,2025-01-14,100,16:40,16:40,NR9,flag,nan,nan,daylight jump > 20%
clean-2025-v1,附件2,光伏发电实际功率,15,CX,2025-01-14,101,16:50,16:50,NR9,flag,nan,nan,daylight jump > 20%
clean-2025-v1,附件2,光伏发电实际功率,15,CY,2025-01-14,102,17:00,17:00,NR9,flag,nan,nan,daylight jump > 20%
clean-2025-v1,附件2,光伏发电实际功率,16,AR,2025-01-15,43,7:10,7:10,NR9,flag,nan,nan,daylight jump > 20%
clean-2025-v1,附件2,光伏发电实际功率,16,AS,2025-01-15,44,7:20,7:20,NR9,flag,nan,nan,daylight jump > 20%
clean-2025-v1,附件2,光伏发电实际功率,16,AT,2025-01-15,45,7:30,7:30,NR9,flag,nan,nan,daylight jump > 20%
clean-2025-v1,附件2,光伏发电实际功率,16,AU,2025-01-15,46,7:40,7:40,NR9,flag,nan,nan,daylight jump > 20%
clean-2025-v1,附件2,光伏发电实际功率,16,CV,2025-01-15,99,16:30,16:30,NR9,flag,nan,nan,daylight jump > 20%
clean-2025-v1,附件2,光伏发电实际功率,16,CW,2025-01-15,100,16:40,16:40,NR9,flag,nan,nan,daylight jump > 20%
clean-2025-v1,附件2,光伏发电实际功率,16,CX,2025-01-15,101,16:50,16:50,NR9,flag,nan,nan,daylight jump > 20%
clean-2025-v1,附件2,光伏发电实际功率,16,CY,2025-01-15,102,17:00,17:00,NR9,flag,nan,nan,daylight jump > 20%
clean-2025-v1,附件2,光伏发电实际功率,17,AR,2025-01-16,43,7:10,7:10,NR9,flag,nan,nan,daylight jump > 20%
clean-2025-v1,附件2,光伏发电实际功率,17,AS,2025-01-16,44,7:20,7:20,NR9,flag,nan,nan,daylight jump > 20%
clean-2025-v1,附件2,光伏发电实际功率,17,AT,2025-01-16,45,7:30,7:30,NR9,flag,nan,nan,daylight jump > 20%
clean-2025-v1,附件2,光伏发电实际功率,17,AU,2025-01-16,46,7:40,7:40,NR9,flag,nan,nan,daylight jump > 20%
clean-2025-v1,附件2,光伏发电实际功率,17,CU,2025-01-16,98,16:20,16:20,NR9,flag,nan,nan,daylight jump > 20%
clean-2025-v1,附件2,光伏发电实际功率,17,CV,2025-01-16,99,16:30,16:30,NR9,flag,nan,nan,daylight jump > 20%
clean-2025-v1,附件2,光伏发电实际功率,17,CW,2025-01-16,100,16:40,16:40,NR9,flag,nan,nan,daylight jump > 20%
clean-2025-v1,附件2,光伏发电实际功率,17,CX,2025-01-16,101,16:50,16:50,NR9,flag,nan,nan,daylight jump > 20%
clean-2025-v1,附件2,光伏发电实际功率,17,CY,2025-01-16,102,17:00,17:00,NR9,flag,nan,nan,daylight jump > 20%
clean-2025-v1,附件2,光伏发电实际功率,18,AR,2025-01-17,43,7:10,7:10,NR9,flag,nan,nan,daylight jump > 20%
clean-2025-v1,附件2,光伏发电实际功率,18,AS,2025-01-17,44,7:20,7:20,NR9,flag,nan,nan,daylight jump > 20%
clean-2025-v1,附件2,光伏发电实际功率,18,AT,2025-01-17,45,7:30,7:30,NR9,flag,nan,nan,daylight jump > 20%
clean-2025-v1,附件2,光伏发电实际功率,18,AU,2025-01-17,46,7:40,7:40,NR9,flag,nan,nan,daylight jump > 20%
clean-2025-v1,附件2,光伏发电实际功率,18,AV,2025-01-17,47,7:50,7:50,NR9,flag,nan,nan,daylight jump > 20%
clean-2025-v1,附件2,光伏发电实际功率,18,CV,2025-01-17,99,16:30,16:30,NR9,flag,nan,nan,daylight jump > 20%
clean-2025-v1,附件2,光伏发电实际功率,18,CW,2025-01-17,100,16:40,16:40,NR9,flag,nan,nan,daylight jump > 20%
clean-2025-v1,附件2,光伏发电实际功率,18,CX,2025-01-17,101,16:50,16:50,NR9,flag,nan,nan,daylight jump > 20%
clean-2025-v1,附件2,光伏发电实际功率,18,CY,2025-01-17,102,17:00,17:00,NR9,flag,nan,nan,daylight jump > 20%
clean-2025-v1,附件2,光伏发电实际功率,19,AR,2025-01-18,43,7:10,7:10,NR9,flag,nan,nan,daylight jump > 20%
clean-2025-v1,附件2,光伏发电实际功率,19,AS,2025-01-18,44,7:20,7:20,NR9,flag,nan,nan,daylight jump > 20%
clean-2025-v1,附件2,光伏发电实际功率,19,AT,2025-01-18,45,7:30,7:30,NR9,flag,nan,nan,daylight jump > 20%
clean-2025-v1,附件2,光伏发电实际功率,19,AU,2025-01-18,46,7:40,7:40,NR9,flag,nan,nan,daylight jump > 20%
clean-2025-v1,附件2,光伏发电实际功率,19,CU,2025-01-18,98,16:20,16:20,NR9,flag,nan,nan,daylight jump > 20%
clean-2025-v1,附件2,光伏发电实际功率,19,CV,2025-01-18,99,16:30,16:30,NR9,flag,nan,nan,daylight jump > 20%
clean-2025-v1,附件2,光伏发电实际功率,19,CW,2025-01-18,100,16:40,16:40,NR9,flag,nan,nan,daylight jump > 20%
clean-2025-v1,附件2,光伏发电实际功率,19,CX,2025-01-18,101,16:50,16:50,NR9,flag,nan,nan,daylight jump > 20%
clean-2025-v1,附件2,光伏发电实际功率,19,CY,2025-01-18,102,17:00,17:00,NR9,flag,nan,nan,daylight jump > 20%
clean-2025-v1,附件2,光伏发电实际功率,20,AR,2025-01-19,43,7:10,7:10,NR9,flag,nan,nan,daylight jump > 20%
clean-2025-v1,附件2,光伏发电实际功率,20,AS,2025-01-19,44,7:20,7:20,NR9,flag,nan,nan,daylight jump > 20%
clean-2025-v1,附件2,光伏发电实际功率,20,AT,2025-01-19,45,7:30,7:30,NR9,flag,nan,nan,daylight jump > 20%
clean-2025-v1,附件2,光伏发电实际功率,20,AU,2025-01-19,46,7:40,7:40,NR9,flag,nan,nan,daylight jump > 20%
clean-2025-v1,附件2,光伏发电实际功率,20,CV,2025-01-19,99,16:30,16:30,NR9,flag,nan,nan,daylight jump > 20%
clean-2025-v1,附件2,光伏发电实际功率,20,CW,2025-01-19,100,16:40,16:40,NR9,flag,nan,nan,daylight jump > 20%
clean-2025-v1,附件2,光伏发电实际功率,20,CX,2025-01-19,101,16:50,16:50,NR9,flag,nan,nan,daylight jump > 20%
clean-2025-v1,附件2,光伏发电实际功率,20,CY,2025-01-19,102,17:00,17:00,NR9,flag,nan,nan,daylight jump > 20%
clean-2025-v1,附件2,光伏发电实际功率,21,AR,2025-01-20,43,7:10,7:10,NR9,flag,nan,nan,daylight jump > 20%
clean-2025-v1,附件2,光伏发电实际功率,21,AS,2025-01-20,44,7:20,7:20,NR9,flag,nan,nan,daylight jump > 20%
clean-2025-v1,附件2,光伏发电实际功率,21,AT,2025-01-20,45,7:30,7:30,NR9,flag,nan,nan,daylight jump > 20%
clean-2025-v1,附件2,光伏发电实际功率,21,AU,2025-01-20,46,7:40,7:40,NR9,flag,nan,nan,daylight jump > 20%
clean-2025-v1,附件2,光伏发电实际功率,21,CV,2025-01-20,99,16:30,16:30,NR9,flag,nan,nan,daylight jump > 20%
clean-2025-v1,附件2,光伏发电实际功率,21,CW,2025-01-20,100,16:40,16:40,NR9,flag,nan,nan,daylight jump > 20%
clean-2025-v1,附件2,光伏发电实际功率,21,CX,2025-01-20,101,16:50,16:50,NR9,flag,nan,nan,daylight jump > 20%
clean-2025-v1,附件2,光伏发电实际功率,21,CY,2025-01-20,102,17:00,17:00,NR9,flag,nan,nan,daylight jump > 20%
clean-2025-v1,附件2,光伏发电实际功率,22,AR,2025-01-21,43,7:10,7:10,NR9,flag,nan,nan,daylight jump > 20%
clean-2025-v1,附件2,光伏发电实际功率,22,AS,2025-01-21,44,7:20,7:20,NR9,flag,nan,nan,daylight jump > 20%
clean-2025-v1,附件2,光伏发电实际功率,22,AT,2025-01-21,45,7:30,7:30,NR9,flag,nan,nan,daylight jump > 20%
clean-2025-v1,附件2,光伏发电实际功率,22,AU,2025-01-21,46,7:40,7:40,NR9,flag,nan,nan,daylight jump > 20%
clean-2025-v1,附件2,光伏发电实际功率,22,CV,2025-01-21,99,16:30,16:30,NR9,flag,nan,nan,daylight jump > 20%
clean-2025-v1,附件2,光伏发电实际功率,22,CW,2025-01-21,100,16:40,16:40,NR9,flag,nan,nan,daylight jump > 20%
clean-2025-v1,附件2,光伏发电实际功率,22,CX,2025-01-21,101,16:50,16:50,NR9,flag,nan,nan,daylight jump > 20%
clean-2025-v1,附件2,光伏发电实际功率,22,CY,2025-01-21,102,17:00,17:00,NR9,flag,nan,nan,daylight jump > 20%
clean-2025-v1,附件2,光伏发电实际功率,23,AR,2025-01-22,43,7:10,7:10,NR9,flag,nan,nan,daylight jump > 20%
clean-2025-v1,附件2,光伏发电实际功率,23,AS,2025-01-22,44,7:20,7:20,NR9,flag,nan,nan,daylight jump > 20%
clean-2025-v1,附件2,光伏发电实际功率,23,AT,2025-01-22,45,7:30,7:30,NR9,flag,nan,nan,daylight jump > 20%
clean-2025-v1,附件2,光伏发电实际功率,23,AU,2025-01-22,46,7:40,7:40,NR9,flag,nan,nan,daylight jump > 20%
clean-2025-v1,附件2,光伏发电实际功率,23,CV,2025-01-22,99,16:30,16:30,NR9,flag,nan,nan,daylight jump > 20%
clean-2025-v1,附件2,光伏发电实际功率,23,CW,2025-01-22,100,16:40,16:40,NR9,flag,nan,nan,daylight jump > 20%
clean-2025-v1,附件2,光伏发电实际功率,23,CX,2025-01-22,101,16:50,16:50,NR9,flag,nan,nan,daylight jump > 20%
clean-2025-v1,附件2,光伏发电实际功率,23,CY,2025-01-22,102,17:00,17:00,NR9,flag,nan,nan,daylight jump > 20%
clean-2025-v1,附件2,光伏发电实际功率,24,AR,2025-01-23,43,7:10,7:10,NR9,flag,nan,nan,daylight jump > 20%
clean-2025-v1,附件2,光伏发电实际功率,24,AS,2025-01-23,44,7:20,7:20,NR9,flag,nan,nan,daylight jump > 20%
clean-2025-v1,附件2,光伏发电实际功率,24,AT,2025-01-23,45,7:30,7:30,NR9,flag,nan,nan,daylight jump > 20%
clean-2025-v1,附件2,光伏发电实际功率,24,AU,2025-01-23,46,7:40,7:40,NR9,flag,nan,nan,daylight jump > 20%
clean-2025-v1,附件2,光伏发电实际功率,24,CU,2025-01-23,98,16:20,16:20,NR9,flag,nan,nan,daylight jump > 20%
clean-2025-v1,附件2,光伏发电实际功率,24,CV,2025-01-23,99,16:30,16:30,NR9,flag,nan,nan,daylight jump > 20%
clean-2025-v1,附件2,光伏发电实际功率,24,CW,2025-01-23,100,16:40,16:40,NR9,flag,nan,nan,daylight jump > 20%
clean-2025-v1,附件2,光伏发电实际功率,24,CX,2025-01-23,101,16:50,16:50,NR9,flag,nan,nan,daylight jump > 20%
clean-2025-v1,附件2,光伏发电实际功率,24,CY,2025-01-23,102,17:00,17:00,NR9,flag,nan,nan,daylight jump > 20%
clean-2025-v1,附件2,光伏发电实际功率,25,AR,2025-01-24,43,7:10,7:10,NR9,flag,nan,nan,daylight jump > 20%
clean-2025-v1,附件2,光伏发电实际功率,25,AS,2025-01-24,44,7:20,7:20,NR9,flag,nan,nan,daylight jump > 20%
clean-2025-v1,附件2,光伏发电实际功率,25,AT,2025-01-24,45,7:30,7:30,NR9,flag,nan,nan,daylight jump > 20%
clean-2025-v1,附件2,光伏发电实际功率,25,CV,2025-01-24,99,16:30,16:30,NR9,flag,nan,nan,daylight jump > 20%
clean-2025-v1,附件2,光伏发电实际功率,25,CW,2025-01-24,100,16:40,16:40,NR9,flag,nan,nan,daylight jump > 20%
clean-2025-v1,附件2,光伏发电实际功率,25,CX,2025-01-24,101,16:50,16:50,NR9,flag,nan,nan,daylight jump > 20%
clean-2025-v1,附件2,光伏发电实际功率,25,CY,2025-01-24,102,17:00,17:00,NR9,flag,nan,nan,daylight jump > 20%
clean-2025-v1,附件2,光伏发电实际功率,26,AR,2025-01-25,43,7:10,7:10,NR9,flag,nan,nan,daylight jump > 20%
clean-2025-v1,附件2,光伏发电实际功率,26,AS,2025-01-25,44,7:20,7:20,NR9,flag,nan,nan,daylight jump > 20%
clean-2025-v1,附件2,光伏发电实际功率,26,AT,2025-01-25,45,7:30,7:30,NR9,flag,nan,nan,daylight jump > 20%
clean-2025-v1,附件2,光伏发电实际功率,26,CV,2025-01-25,99,16:30,16:30,NR9,flag,nan,nan,daylight jump > 20%
clean-2025-v1,附件2,光伏发电实际功率,26,CW,2025-01-25,100,16:40,16:40,NR9,flag,nan,nan,daylight jump > 20%
clean-2025-v1,附件2,光伏发电实际功率,26,CX,2025-01-25,101,16:50,16:50,NR9,flag,nan,nan,daylight jump > 20%
clean-2025-v1,附件2,光伏发电实际功率,26,CY,2025-01-25,102,17:00,17:00,NR9,flag,nan,nan,daylight jump > 20%
clean-2025-v1,附件2,光伏发电实际功率,27,AR,2025-01-26,43,7:10,7:10,NR9,flag,nan,nan,daylight jump > 20%
clean-2025-v1,附件2,光伏发电实际功率,27,AS,2025-01-26,44,7:20,7:20,NR9,flag,nan,nan,daylight jump > 20%
clean-2025-v1,附件2,光伏发电实际功率,27,AT,2025-01-26,45,7:30,7:30,NR9,flag,nan,nan,daylight jump > 20%
clean-2025-v1,附件2,光伏发电实际功率,27,AU,2025-01-26,46,7:40,7:40,NR9,flag,nan,nan,daylight jump > 20%
clean-2025-v1,附件2,光伏发电实际功率,27,AV,2025-01-26,47,7:50,7:50,NR9,flag,nan,nan,daylight jump > 20%
clean-2025-v1,附件2,光伏发电实际功率,27,CV,2025-01-26,99,16:30,16:30,NR9,flag,nan,nan,daylight jump > 20%
clean-2025-v1,附件2,光伏发电实际功率,27,CW,2025-01-26,100,16:40,16:40,NR9,flag,nan,nan,daylight jump > 20%
clean-2025-v1,附件2,光伏发电实际功率,27,CX,2025-01-26,101,16:50,16:50,NR9,flag,nan,nan,daylight jump > 20%
clean-2025-v1,附件2,光伏发电实际功率,27,CY,2025-01-26,102,17:00,17:00,NR9,flag,nan,nan,daylight jump > 20%
clean-2025-v1,附件2,光伏发电实际功率,28,AR,2025-01-27,43,7:10,7:10,NR9,flag,nan,nan,daylight jump > 20%
clean-2025-v1,附件2,光伏发电实际功率,28,AS,2025-01-27,44,7:20,7:20,NR9,flag,nan,nan,daylight jump > 20%
clean-2025-v1,附件2,光伏发电实际功率,28,AT,2025-01-27,45,7:30,7:30,NR9,flag,nan,nan,daylight jump > 20%
clean-2025-v1,附件2,光伏发电实际功率,28,AU,2025-01-27,46,7:40,7:40,NR9,flag,nan,nan,daylight jump > 20%
clean-2025-v1,附件2,光伏发电实际功率,28,CV,2025-01-27,99,16:30,16:30,NR9,flag,nan,nan,daylight jump > 20%
clean-2025-v1,附件2,光伏发电实际功率,28,CW,2025-01-27,100,16:40,16:40,NR9,flag,nan,nan,daylight jump > 20%
clean-2025-v1,附件2,光伏发电实际功率,28,CX,2025-01-27,101,16:50,16:50,NR9,flag,nan,nan,daylight jump > 20%
clean-2025-v1,附件2,光伏发电实际功率,28,CY,2025-01-27,102,17:00,17:00,NR9,flag,nan,nan,daylight jump > 20%
clean-2025-v1,附件2,光伏发电实际功率,29,AR,2025-01-28,43,7:10,7:10,NR9,flag,nan,nan,daylight jump > 20%
clean-2025-v1,附件2,光伏发电实际功率,29,AS,2025-01-28,44,7:20,7:20,NR9,flag,nan,nan,daylight jump > 20%
clean-2025-v1,附件2,光伏发电实际功率,29,AT,2025-01-28,45,7:30,7:30,NR9,flag,nan,nan,daylight jump > 20%
clean-2025-v1,附件2,光伏发电实际功率,29,AU,2025-01-28,46,7:40,7:40,NR9,flag,nan,nan,daylight jump > 20%
clean-2025-v1,附件2,光伏发电实际功率,29,CV,2025-01-28,99,16:30,16:30,NR9,flag,nan,nan,daylight jump > 20%
clean-2025-v1,附件2,光伏发电实际功率,29,CW,2025-01-28,100,16:40,16:40,NR9,flag,nan,nan,daylight jump > 20%
clean-2025-v1,附件2,光伏发电实际功率,29,CX,2025-01-28,101,16:50,16:50,NR9,flag,nan,nan,daylight jump > 20%
clean-2025-v1,附件2,光伏发电实际功率,29,CY,2025-01-28,102,17:00,17:00,NR9,flag,nan,nan,daylight jump > 20%
clean-2025-v1,附件2,光伏发电实际功率,29,CZ,2025-01-28,103,17:10,17:10,NR9,flag,nan,nan,daylight jump > 20%
clean-2025-v1,附件2,光伏发电实际功率,30,AQ,2025-01-29,42,7:00,7:00,NR9,flag,nan,nan,daylight jump > 20%
clean-2025-v1,附件2,光伏发电实际功率,30,AR,2025-01-29,43,7:10,7:10,NR9,flag,nan,nan,daylight jump > 20%
clean-2025-v1,附件2,光伏发电实际功率,30,AS,2025-01-29,44,7:20,7:20,NR9,flag,nan,nan,daylight jump > 20%
clean-2025-v1,附件2,光伏发电实际功率,30,AT,2025-01-29,45,7:30,7:30,NR9,flag,nan,nan,daylight jump > 20%
clean-2025-v1,附件2,光伏发电实际功率,30,AU,2025-01-29,46,7:40,7:40,NR9,flag,nan,nan,daylight jump > 20%
clean-2025-v1,附件2,光伏发电实际功率,30,CV,2025-01-29,99,16:30,16:30,NR9,flag,nan,nan,daylight jump > 20%
clean-2025-v1,附件2,光伏发电实际功率,30,CW,2025-01-29,100,16:40,16:40,NR9,flag,nan,nan,daylight jump > 20%
clean-2025-v1,附件2,光伏发电实际功率,30,CX,2025-01-29,101,16:50,16:50,NR9,flag,nan,nan,daylight jump > 20%
clean-2025-v1,附件2,光伏发电实际功率,30,CY,2025-01-29,102,17:00,17:00,NR9,flag,nan,nan,daylight jump > 20%
clean-2025-v1,附件2,光伏发电实际功率,30,CZ,2025-01-29,103,17:10,17:10,NR9,flag,nan,nan,daylight jump > 20%
clean-2025-v1,附件2,光伏发电实际功率,31,AQ,2025-01-30,42,7:00,7:00,NR9,flag,nan,nan,daylight jump > 20%
clean-2025-v1,附件2,光伏发电实际功率,31,AR,2025-01-30,43,7:10,7:10,NR9,flag,nan,nan,daylight jump > 20%
clean-2025-v1,附件2,光伏发电实际功率,31,AS,2025-01-30,44,7:20,7:20,NR9,flag,nan,nan,daylight jump > 20%
clean-2025-v1,附件2,光伏发电实际功率,31,AT,2025-01-30,45,7:30,7:30,NR9,flag,nan,nan,daylight jump > 20%
clean-2025-v1,附件2,光伏发电实际功率,31,AU,2025-01-30,46,7:40,7:40,NR9,flag,nan,nan,daylight jump > 20%
clean-2025-v1,附件2,光伏发电实际功率,31,CW,2025-01-30,100,16:40,16:40,NR9,flag,nan,nan,daylight jump > 20%
clean-2025-v1,附件2,光伏发电实际功率,31,CX,2025-01-30,101,16:50,16:50,NR9,flag,nan,nan,daylight jump > 20%
clean-2025-v1,附件2,光伏发电实际功率,31,CY,2025-01-30,102,17:00,17:00,NR9,flag,nan,nan,daylight jump > 20%
clean-2025-v1,附件2,光伏发电实际功率,31,CZ,2025-01-30,103,17:10,17:10,NR9,flag,nan,nan,daylight jump > 20%
clean-2025-v1,附件2,光伏发电实际功率,32,AQ,2025-01-31,42,7:00,7:00,NR9,flag,nan,nan,daylight jump > 20%
clean-2025-v1,附件2,光伏发电实际功率,32,AR,2025-01-31,43,7:10,7:10,NR9,flag,nan,nan,daylight jump > 20%
clean-2025-v1,附件2,光伏发电实际功率,32,AS,2025-01-31,44,7:20,7:20,NR9,flag,nan,nan,daylight jump > 20%
clean-2025-v1,附件2,光伏发电实际功率,32,AT,2025-01-31,45,7:30,7:30,NR9,flag,nan,nan,daylight jump > 20%
clean-2025-v1,附件2,光伏发电实际功率,32,CW,2025-01-31,100,16:40,16:40,NR9,flag,nan,nan,daylight jump > 20%
clean-2025-v1,附件2,光伏发电实际功率,32,CX,2025-01-31,101,16:50,16:50,NR9,flag,nan,nan,daylight jump > 20%
clean-2025-v1,附件2,光伏发电实际功率,32,CY,2025-01-31,102,17:00,17:00,NR9,flag,nan,nan,daylight jump > 20%
clean-2025-v1,附件2,光伏发电实际功率,32,CZ,2025-01-31,103,17:10,17:10,NR9,flag,nan,nan,daylight jump > 20%
clean-2025-v1,附件2,光伏发电实际功率,33,AQ,2025-02-01,42,7:00,7:00,NR9,flag,nan,nan,daylight jump > 20%
clean-2025-v1,附件2,光伏发电实际功率,33,AR,2025-02-01,43,7:10,7:10,NR9,flag,nan,nan,daylight jump > 20%
clean-2025-v1,附件2,光伏发电实际功率,33,AS,2025-02-01,44,7:20,7:20,NR9,flag,nan,nan,daylight jump > 20%
clean-2025-v1,附件2,光伏发电实际功率,33,AT,2025-02-01,45,7:30,7:30,NR9,flag,nan,nan,daylight jump > 20%
clean-2025-v1,附件2,光伏发电实际功率,33,CW,2025-02-01,100,16:40,16:40,NR9,flag,nan,nan,daylight jump > 20%
clean-2025-v1,附件2,光伏发电实际功率,33,CX,2025-02-01,101,16:50,16:50,NR9,flag,nan,nan,daylight jump > 20%
clean-2025-v1,附件2,光伏发电实际功率,33,CY,2025-02-01,102,17:00,17:00,NR9,flag,nan,nan,daylight jump > 20%
clean-2025-v1,附件2,光伏发电实际功率,33,CZ,2025-02-01,103,17:10,17:10,NR9,flag,nan,nan,daylight jump > 20%
clean-2025-v1,附件2,光伏发电实际功率,34,AQ,2025-02-02,42,7:00,7:00,NR9,flag,nan,nan,daylight jump > 20%
clean-2025-v1,附件2,光伏发电实际功率,34,AR,2025-02-02,43,7:10,7:10,NR9,flag,nan,nan,daylight jump > 20%
clean-2025-v1,附件2,光伏发电实际功率,34,AS,2025-02-02,44,7:20,7:20,NR9,flag,nan,nan,daylight jump > 20%
clean-2025-v1,附件2,光伏发电实际功率,34,AT,2025-02-02,45,7:30,7:30,NR9,flag,nan,nan,daylight jump > 20%
clean-2025-v1,附件2,光伏发电实际功率,34,CW,2025-02-02,100,16:40,16:40,NR9,flag,nan,nan,daylight jump > 20%
clean-2025-v1,附件2,光伏发电实际功率,34,CX,2025-02-02,101,16:50,16:50,NR9,flag,nan,nan,daylight jump > 20%
clean-2025-v1,附件2,光伏发电实际功率,34,CY,2025-02-02,102,17:00,17:00,NR9,flag,nan,nan,daylight jump > 20%
clean-2025-v1,附件2,光伏发电实际功率,34,CZ,2025-02-02,103,17:10,17:10,NR9,flag,nan,nan,daylight jump > 20%
clean-2025-v1,附件2,光伏发电实际功率,35,AQ,2025-02-03,42,7:00,7:00,NR9,flag,nan,nan,daylight jump > 20%
clean-2025-v1,附件2,光伏发电实际功率,35,AR,2025-02-03,43,7:10,7:10,NR9,flag,nan,nan,daylight jump > 20%
clean-2025-v1,附件2,光伏发电实际功率,35,AS,2025-02-03,44,7:20,7:20,NR9,flag,nan,nan,daylight jump > 20%
clean-2025-v1,附件2,光伏发电实际功率,35,AT,2025-02-03,45,7:30,7:30,NR9,flag,nan,nan,daylight jump > 20%
clean-2025-v1,附件2,光伏发电实际功率,35,CV,2025-02-03,99,16:30,16:30,NR9,flag,nan,nan,daylight jump > 20%
clean-2025-v1,附件2,光伏发电实际功率,35,CW,2025-02-03,100,16:40,16:40,NR9,flag,nan,nan,daylight jump > 20%
clean-2025-v1,附件2,光伏发电实际功率,35,CX,2025-02-03,101,16:50,16:50,NR9,flag,nan,nan,daylight jump > 20%
clean-2025-v1,附件2,光伏发电实际功率,35,CY,2025-02-03,102,17:00,17:00,NR9,flag,nan,nan,daylight jump > 20%
clean-2025-v1,附件2,光伏发电实际功率,35,CZ,2025-02-03,103,17:10,17:10,NR9,flag,nan,nan,daylight jump > 20%
clean-2025-v1,附件2,光伏发电实际功率,36,AQ,2025-02-04,42,7:00,7:00,NR9,flag,nan,nan,daylight jump > 20%
clean-2025-v1,附件2,光伏发电实际功率,36,AR,2025-02-04,43,7:10,7:10,NR9,flag,nan,nan,daylight jump > 20%
clean-2025-v1,附件2,光伏发电实际功率,36,AS,2025-02-04,44,7:20,7:20,NR9,flag,nan,nan,daylight jump > 20%
clean-2025-v1,附件2,光伏发电实际功率,36,AT,2025-02-04,45,7:30,7:30,NR9,flag,nan,nan,daylight jump > 20%
clean-2025-v1,附件2,光伏发电实际功率,36,AU,2025-02-04,46,7:40,7:40,NR9,flag,nan,nan,daylight jump > 20%
clean-2025-v1,附件2,光伏发电实际功率,36,AV,2025-02-04,47,7:50,7:50,NR9,flag,nan,nan,daylight jump > 20%
clean-2025-v1,附件2,光伏发电实际功率,36,CW,2025-02-04,100,16:40,16:40,NR9,flag,nan,nan,daylight jump > 20%
clean-2025-v1,附件2,光伏发电实际功率,36,CX,2025-02-04,101,16:50,16:50,NR9,flag,nan,nan,daylight jump > 20%
clean-2025-v1,附件2,光伏发电实际功率,36,CY,2025-02-04,102,17:00,17:00,NR9,flag,nan,nan,daylight jump > 20%
clean-2025-v1,附件2,光伏发电实际功率,36,CZ,2025-02-04,103,17:10,17:10,NR9,flag,nan,nan,daylight jump > 20%
clean-2025-v1,附件2,光伏发电实际功率,37,AQ,2025-02-05,42,7:00,7:00,NR9,flag,nan,nan,daylight jump > 20%
clean-2025-v1,附件2,光伏发电实际功率,37,AR,2025-02-05,43,7:10,7:10,NR9,flag,nan,nan,daylight jump > 20%
clean-2025-v1,附件2,光伏发电实际功率,37,AS,2025-02-05,44,7:20,7:20,NR9,flag,nan,nan,daylight jump > 20%
clean-2025-v1,附件2,光伏发电实际功率,37,AT,2025-02-05,45,7:30,7:30,NR9,flag,nan,nan,daylight jump > 20%
clean-2025-v1,附件2,光伏发电实际功率,37,CV,2025-02-05,99,16:30,16:30,NR9,flag,nan,nan,daylight jump > 20%
clean-2025-v1,附件2,光伏发电实际功率,37,CW,2025-02-05,100,16:40,16:40,NR9,flag,nan,nan,daylight jump > 20%
clean-2025-v1,附件2,光伏发电实际功率,37,CX,2025-02-05,101,16:50,16:50,NR9,flag,nan,nan,daylight jump > 20%
clean-2025-v1,附件2,光伏发电实际功率,37,CY,2025-02-05,102,17:00,17:00,NR9,flag,nan,nan,daylight jump > 20%
clean-2025-v1,附件2,光伏发电实际功率,37,CZ,2025-02-05,103,17:10,17:10,NR9,flag,nan,nan,daylight jump > 20%
clean-2025-v1,附件2,光伏发电实际功率,38,AQ,2025-02-06,42,7:00,7:00,NR9,flag,nan,nan,daylight jump > 20%
clean-2025-v1,附件2,光伏发电实际功率,38,AR,2025-02-06,43,7:10,7:10,NR9,flag,nan,nan,daylight jump > 20%
clean-2025-v1,附件2,光伏发电实际功率,38,AS,2025-02-06,44,7:20,7:20,NR9,flag,nan,nan,daylight jump > 20%
clean-2025-v1,附件2,光伏发电实际功率,38,AT,2025-02-06,45,7:30,7:30,NR9,flag,nan,nan,daylight jump > 20%
clean-2025-v1,附件2,光伏发电实际功率,38,AU,2025-02-06,46,7:40,7:40,NR9,flag,nan,nan,daylight jump > 20%
clean-2025-v1,附件2,光伏发电实际功率,38,CW,2025-02-06,100,16:40,16:40,NR9,flag,nan,nan,daylight jump > 20%
clean-2025-v1,附件2,光伏发电实际功率,38,CX,2025-02-06,101,16:50,16:50,NR9,flag,nan,nan,daylight jump > 20%
clean-2025-v1,附件2,光伏发电实际功率,38,CY,2025-02-06,102,17:00,17:00,NR9,flag,nan,nan,daylight jump > 20%
clean-2025-v1,附件2,光伏发电实际功率,38,CZ,2025-02-06,103,17:10,17:10,NR9,flag,nan,nan,daylight jump > 20%
clean-2025-v1,附件2,光伏发电实际功率,39,AQ,2025-02-07,42,7:00,7:00,NR9,flag,nan,nan,daylight jump > 20%
clean-2025-v1,附件2,光伏发电实际功率,39,AR,2025-02-07,43,7:10,7:10,NR9,flag,nan,nan,daylight jump > 20%
clean-2025-v1,附件2,光伏发电实际功率,39,AS,2025-02-07,44,7:20,7:20,NR9,flag,nan,nan,daylight jump > 20%
clean-2025-v1,附件2,光伏发电实际功率,39,AT,2025-02-07,45,7:30,7:30,NR9,flag,nan,nan,daylight jump > 20%
clean-2025-v1,附件2,光伏发电实际功率,39,CW,2025-02-07,100,16:40,16:40,NR9,flag,nan,nan,daylight jump > 20%
clean-2025-v1,附件2,光伏发电实际功率,39,CX,2025-02-07,101,16:50,16:50,NR9,flag,nan,nan,daylight jump > 20%
clean-2025-v1,附件2,光伏发电实际功率,39,CY,2025-02-07,102,17:00,17:00,NR9,flag,nan,nan,daylight jump > 20%
clean-2025-v1,附件2,光伏发电实际功率,39,CZ,2025-02-07,103,17:10,17:10,NR9,flag,nan,nan,daylight jump > 20%
clean-2025-v1,附件2,光伏发电实际功率,40,AQ,2025-02-08,42,7:00,7:00,NR9,flag,nan,nan,daylight jump > 20%
clean-2025-v1,附件2,光伏发电实际功率,40,AR,2025-02-08,43,7:10,7:10,NR9,flag,nan,nan,daylight jump > 20%
clean-2025-v1,附件2,光伏发电实际功率,40,AS,2025-02-08,44,7:20,7:20,NR9,flag,nan,nan,daylight jump > 20%
clean-2025-v1,附件2,光伏发电实际功率,40,AT,2025-02-08,45,7:30,7:30,NR9,flag,nan,nan,daylight jump > 20%
clean-2025-v1,附件2,光伏发电实际功率,40,CW,2025-02-08,100,16:40,16:40,NR9,flag,nan,nan,daylight jump > 20%
clean-2025-v1,附件2,光伏发电实际功率,40,CX,2025-02-08,101,16:50,16:50,NR9,flag,nan,nan,daylight jump > 20%
clean-2025-v1,附件2,光伏发电实际功率,40,CY,2025-02-08,102,17:00,17:00,NR9,flag,nan,nan,daylight jump > 20%
clean-2025-v1,附件2,光伏发电实际功率,40,CZ,2025-02-08,103,17:10,17:10,NR9,flag,nan,nan,daylight jump > 20%
clean-2025-v1,附件2,光伏发电实际功率,41,AP,2025-02-09,41,6:50,6:50,NR9,flag,nan,nan,daylight jump > 20%
clean-2025-v1,附件2,光伏发电实际功率,41,AQ,2025-02-09,42,7:00,7:00,NR9,flag,nan,nan,daylight jump > 20%
clean-2025-v1,附件2,光伏发电实际功率,41,AR,2025-02-09,43,7:10,7:10,NR9,flag,nan,nan,daylight jump > 20%
clean-2025-v1,附件2,光伏发电实际功率,41,AS,2025-02-09,44,7:20,7:20,NR9,flag,nan,nan,daylight jump > 20%
clean-2025-v1,附件2,光伏发电实际功率,41,AT,2025-02-09,45,7:30,7:30,NR9,flag,nan,nan,daylight jump > 20%
clean-2025-v1,附件2,光伏发电实际功率,41,CW,2025-02-09,100,16:40,16:40,NR9,flag,nan,nan,daylight jump > 20%
clean-2025-v1,附件2,光伏发电实际功率,41,CX,2025-02-09,101,16:50,16:50,NR9,flag,nan,nan,daylight jump > 20%
clean-2025-v1,附件2,光伏发电实际功率,41,CY,2025-02-09,102,17:00,17:00,NR9,flag,nan,nan,daylight jump > 20%
clean-2025-v1,附件2,光伏发电实际功率,41,CZ,2025-02-09,103,17:10,17:10,NR9,flag,nan,nan,daylight jump > 20%
clean-2025-v1,附件2,光伏发电实际功率,42,AP,2025-02-10,41,6:50,6:50,NR9,flag,nan,nan,daylight jump > 20%
clean-2025-v1,附件2,光伏发电实际功率,42,AQ,2025-02-10,42,7:00,7:00,NR9,flag,nan,nan,daylight jump > 20%
clean-2025-v1,附件2,光伏发电实际功率,42,AR,2025-02-10,43,7:10,7:10,NR9,flag,nan,nan,daylight jump > 20%
clean-2025-v1,附件2,光伏发电实际功率,42,AS,2025-02-10,44,7:20,7:20,NR9,flag,nan,nan,daylight jump > 20%
clean-2025-v1,附件2,光伏发电实际功率,42,AT,2025-02-10,45,7:30,7:30,NR9,flag,nan,nan,daylight jump > 20%
clean-2025-v1,附件2,光伏发电实际功率,42,CW,2025-02-10,100,16:40,16:40,NR9,flag,nan,nan,daylight jump > 20%
clean-2025-v1,附件2,光伏发电实际功率,42,CX,2025-02-10,101,16:50,16:50,NR9,flag,nan,nan,daylight jump > 20%
clean-2025-v1,附件2,光伏发电实际功率,42,CY,2025-02-10,102,17:00,17:00,NR9,flag,nan,nan,daylight jump > 20%
clean-2025-v1,附件2,光伏发电实际功率,42,CZ,2025-02-10,103,17:10,17:10,NR9,flag,nan,nan,daylight jump > 20%
clean-2025-v1,附件2,光伏发电实际功率,42,DA,2025-02-10,104,17:20,17:20,NR9,flag,nan,nan,daylight jump > 20%
clean-2025-v1,附件2,光伏发电实际功率,43,AP,2025-02-11,41,6:50,6:50,NR9,flag,nan,nan,daylight jump > 20%
clean-2025-v1,附件2,光伏发电实际功率,43,AQ,2025-02-11,42,7:00,7:00,NR9,flag,nan,nan,daylight jump > 20%
clean-2025-v1,附件2,光伏发电实际功率,43,AR,2025-02-11,43,7:10,7:10,NR9,flag,nan,nan,daylight jump > 20%
clean-2025-v1,附件2,光伏发电实际功率,43,AS,2025-02-11,44,7:20,7:20,NR9,flag,nan,nan,daylight jump > 20%
clean-2025-v1,附件2,光伏发电实际功率,43,CW,2025-02-11,100,16:40,16:40,NR9,flag,nan,nan,daylight jump > 20%
clean-2025-v1,附件2,光伏发电实际功率,43,CX,2025-02-11,101,16:50,16:50,NR9,flag,nan,nan,daylight jump > 20%
clean-2025-v1,附件2,光伏发电实际功率,43,CY,2025-02-11,102,17:00,17:00,NR9,flag,nan,nan,daylight jump > 20%
clean-2025-v1,附件2,光伏发电实际功率,43,CZ,2025-02-11,103,17:10,17:10,NR9,flag,nan,nan,daylight jump > 20%
clean-2025-v1,附件2,光伏发电实际功率,43,DA,2025-02-11,104,17:20,17:20,NR9,flag,nan,nan,daylight jump > 20%
clean-2025-v1,附件2,光伏发电实际功率,44,AP,2025-02-12,41,6:50,6:50,NR9,flag,nan,nan,daylight jump > 20%
clean-2025-v1,附件2,光伏发电实际功率,44,AQ,2025-02-12,42,7:00,7:00,NR9,flag,nan,nan,daylight jump > 20%
clean-2025-v1,附件2,光伏发电实际功率,44,AR,2025-02-12,43,7:10,7:10,NR9,flag,nan,nan,daylight jump > 20%
clean-2025-v1,附件2,光伏发电实际功率,44,AS,2025-02-12,44,7:20,7:20,NR9,flag,nan,nan,daylight jump > 20%
clean-2025-v1,附件2,光伏发电实际功率,44,AT,2025-02-12,45,7:30,7:30,NR9,flag,nan,nan,daylight jump > 20%
clean-2025-v1,附件2,光伏发电实际功率,44,CX,2025-02-12,101,16:50,16:50,NR9,flag,nan,nan,daylight jump > 20%
clean-2025-v1,附件2,光伏发电实际功率,44,CY,2025-02-12,102,17:00,17:00,NR9,flag,nan,nan,daylight jump > 20%
clean-2025-v1,附件2,光伏发电实际功率,44,CZ,2025-02-12,103,17:10,17:10,NR9,flag,nan,nan,daylight jump > 20%
clean-2025-v1,附件2,光伏发电实际功率,44,DA,2025-02-12,104,17:20,17:20,NR9,flag,nan,nan,daylight jump > 20%
clean-2025-v1,附件2,光伏发电实际功率,45,AP,2025-02-13,41,6:50,6:50,NR9,flag,nan,nan,daylight jump > 20%
clean-2025-v1,附件2,光伏发电实际功率,45,AQ,2025-02-13,42,7:00,7:00,NR9,flag,nan,nan,daylight jump > 20%
clean-2025-v1,附件2,光伏发电实际功率,45,AR,2025-02-13,43,7:10,7:10,NR9,flag,nan,nan,daylight jump > 20%
clean-2025-v1,附件2,光伏发电实际功率,45,AS,2025-02-13,44,7:20,7:20,NR9,flag,nan,nan,daylight jump > 20%
clean-2025-v1,附件2,光伏发电实际功率,45,AT,2025-02-13,45,7:30,7:30,NR9,flag,nan,nan,daylight jump > 20%
clean-2025-v1,附件2,光伏发电实际功率,45,CW,2025-02-13,100,16:40,16:40,NR9,flag,nan,nan,daylight jump > 20%
clean-2025-v1,附件2,光伏发电实际功率,45,CX,2025-02-13,101,16:50,16:50,NR9,flag,nan,nan,daylight jump > 20%
clean-2025-v1,附件2,光伏发电实际功率,45,CY,2025-02-13,102,17:00,17:00,NR9,flag,nan,nan,daylight jump > 20%
clean-2025-v1,附件2,光伏发电实际功率,45,CZ,2025-02-13,103,17:10,17:10,NR9,flag,nan,nan,daylight jump > 20%
clean-2025-v1,附件2,光伏发电实际功率,45,DA,2025-02-13,104,17:20,17:20,NR9,flag,nan,nan,daylight jump > 20%
clean-2025-v1,附件2,光伏发电实际功率,46,AP,2025-02-14,41,6:50,6:50,NR9,flag,nan,nan,daylight jump > 20%
clean-2025-v1,附件2,光伏发电实际功率,46,AQ,2025-02-14,42,7:00,7:00,NR9,flag,nan,nan,daylight jump > 20%
clean-2025-v1,附件2,光伏发电实际功率,46,AR,2025-02-14,43,7:10,7:10,NR9,flag,nan,nan,daylight jump > 20%
clean-2025-v1,附件2,光伏发电实际功率,46,AS,2025-02-14,44,7:20,7:20,NR9,flag,nan,nan,daylight jump > 20%
clean-2025-v1,附件2,光伏发电实际功率,46,AT,2025-02-14,45,7:30,7:30,NR9,flag,nan,nan,daylight jump > 20%
clean-2025-v1,附件2,光伏发电实际功率,46,CW,2025-02-14,100,16:40,16:40,NR9,flag,nan,nan,daylight jump > 20%
clean-2025-v1,附件2,光伏发电实际功率,46,CX,2025-02-14,101,16:50,16:50,NR9,flag,nan,nan,daylight jump > 20%
clean-2025-v1,附件2,光伏发电实际功率,46,CY,2025-02-14,102,17:00,17:00,NR9,flag,nan,nan,daylight jump > 20%
clean-2025-v1,附件2,光伏发电实际功率,46,CZ,2025-02-14,103,17:10,17:10,NR9,flag,nan,nan,daylight jump > 20%
clean-2025-v1,附件2,光伏发电实际功率,46,DA,2025-02-14,104,17:20,17:20,NR9,flag,nan,nan,daylight jump > 20%
clean-2025-v1,附件2,光伏发电实际功率,47,AP,2025-02-15,41,6:50,6:50,NR9,flag,nan,nan,daylight jump > 20%
clean-2025-v1,附件2,光伏发电实际功率,47,AQ,2025-02-15,42,7:00,7:00,NR9,flag,nan,nan,daylight jump > 20%
clean-2025-v1,附件2,光伏发电实际功率,47,AR,2025-02-15,43,7:10,7:10,NR9,flag,nan,nan,daylight jump > 20%
clean-2025-v1,附件2,光伏发电实际功率,47,AS,2025-02-15,44,7:20,7:20,NR9,flag,nan,nan,daylight jump > 20%
clean-2025-v1,附件2,光伏发电实际功率,47,AT,2025-02-15,45,7:30,7:30,NR9,flag,nan,nan,daylight jump > 20%
clean-2025-v1,附件2,光伏发电实际功率,47,CW,2025-02-15,100,16:40,16:40,NR9,flag,nan,nan,daylight jump > 20%
clean-2025-v1,附件2,光伏发电实际功率,47,CX,2025-02-15,101,16:50,16:50,NR9,flag,nan,nan,daylight jump > 20%
clean-2025-v1,附件2,光伏发电实际功率,47,CY,2025-02-15,102,17:00,17:00,NR9,flag,nan,nan,daylight jump > 20%
clean-2025-v1,附件2,光伏发电实际功率,47,CZ,2025-02-15,103,17:10,17:10,NR9,flag,nan,nan,daylight jump > 20%
clean-2025-v1,附件2,光伏发电实际功率,47,DA,2025-02-15,104,17:20,17:20,NR9,flag,nan,nan,daylight jump > 20%
clean-2025-v1,附件2,光伏发电实际功率,48,AP,2025-02-16,41,6:50,6:50,NR9,flag,nan,nan,daylight jump > 20%
clean-2025-v1,附件2,光伏发电实际功率,48,AQ,2025-02-16,42,7:00,7:00,NR9,flag,nan,nan,daylight jump > 20%
clean-2025-v1,附件2,光伏发电实际功率,48,AR,2025-02-16,43,7:10,7:10,NR9,flag,nan,nan,daylight jump > 20%
clean-2025-v1,附件2,光伏发电实际功率,48,AS,2025-02-16,44,7:20,7:20,NR9,flag,nan,nan,daylight jump > 20%
clean-2025-v1,附件2,光伏发电实际功率,48,AT,2025-02-16,45,7:30,7:30,NR9,flag,nan,nan,daylight jump > 20%
clean-2025-v1,附件2,光伏发电实际功率,48,CW,2025-02-16,100,16:40,16:40,NR9,flag,nan,nan,daylight jump > 20%
clean-2025-v1,附件2,光伏发电实际功率,48,CX,2025-02-16,101,16:50,16:50,NR9,flag,nan,nan,daylight jump > 20%
clean-2025-v1,附件2,光伏发电实际功率,48,CY,2025-02-16,102,17:00,17:00,NR9,flag,nan,nan,daylight jump > 20%
clean-2025-v1,附件2,光伏发电实际功率,48,CZ,2025-02-16,103,17:10,17:10,NR9,flag,nan,nan,daylight jump > 20%
clean-2025-v1,附件2,光伏发电实际功率,48,DA,2025-02-16,104,17:20,17:20,NR9,flag,nan,nan,daylight jump > 20%
clean-2025-v1,附件2,光伏发电实际功率,49,AP,2025-02-17,41,6:50,6:50,NR9,flag,nan,nan,daylight jump > 20%
clean-2025-v1,附件2,光伏发电实际功率,49,AQ,2025-02-17,42,7:00,7:00,NR9,flag,nan,nan,daylight jump > 20%
clean-2025-v1,附件2,光伏发电实际功率,49,AR,2025-02-17,43,7:10,7:10,NR9,flag,nan,nan,daylight jump > 20%
clean-2025-v1,附件2,光伏发电实际功率,49,AS,2025-02-17,44,7:20,7:20,NR9,flag,nan,nan,daylight jump > 20%
clean-2025-v1,附件2,光伏发电实际功率,49,CX,2025-02-17,101,16:50,16:50,NR9,flag,nan,nan,daylight jump > 20%
clean-2025-v1,附件2,光伏发电实际功率,49,CY,2025-02-17,102,17:00,17:00,NR9,flag,nan,nan,daylight jump > 20%
clean-2025-v1,附件2,光伏发电实际功率,49,CZ,2025-02-17,103,17:10,17:10,NR9,flag,nan,nan,daylight jump > 20%
clean-2025-v1,附件2,光伏发电实际功率,49,DA,2025-02-17,104,17:20,17:20,NR9,flag,nan,nan,daylight jump > 20%
clean-2025-v1,附件2,光伏发电实际功率,50,AP,2025-02-18,41,6:50,6:50,NR9,flag,nan,nan,daylight jump > 20%
clean-2025-v1,附件2,光伏发电实际功率,50,AQ,2025-02-18,42,7:00,7:00,NR9,flag,nan,nan,daylight jump > 20%
clean-2025-v1,附件2,光伏发电实际功率,50,AR,2025-02-18,43,7:10,7:10,NR9,flag,nan,nan,daylight jump > 20%
clean-2025-v1,附件2,光伏发电实际功率,50,AS,2025-02-18,44,7:20,7:20,NR9,flag,nan,nan,daylight jump > 20%
clean-2025-v1,附件2,光伏发电实际功率,50,CW,2025-02-18,100,16:40,16:40,NR9,flag,nan,nan,daylight jump > 20%
clean-2025-v1,附件2,光伏发电实际功率,50,CX,2025-02-18,101,16:50,16:50,NR9,flag,nan,nan,daylight jump > 20%
clean-2025-v1,附件2,光伏发电实际功率,50,CY,2025-02-18,102,17:00,17:00,NR9,flag,nan,nan,daylight jump > 20%
clean-2025-v1,附件2,光伏发电实际功率,50,CZ,2025-02-18,103,17:10,17:10,NR9,flag,nan,nan,daylight jump > 20%
clean-2025-v1,附件2,光伏发电实际功率,50,DA,2025-02-18,104,17:20,17:20,NR9,flag,nan,nan,daylight jump > 20%
clean-2025-v1,附件2,光伏发电实际功率,51,AP,2025-02-19,41,6:50,6:50,NR9,flag,nan,nan,daylight jump > 20%
clean-2025-v1,附件2,光伏发电实际功率,51,AQ,2025-02-19,42,7:00,7:00,NR9,flag,nan,nan,daylight jump > 20%
clean-2025-v1,附件2,光伏发电实际功率,51,AR,2025-02-19,43,7:10,7:10,NR9,flag,nan,nan,daylight jump > 20%
clean-2025-v1,附件2,光伏发电实际功率,51,AS,2025-02-19,44,7:20,7:20,NR9,flag,nan,nan,daylight jump > 20%
clean-2025-v1,附件2,光伏发电实际功率,51,CX,2025-02-19,101,16:50,16:50,NR9,flag,nan,nan,daylight jump > 20%
clean-2025-v1,附件2,光伏发电实际功率,51,CY,2025-02-19,102,17:00,17:00,NR9,flag,nan,nan,daylight jump > 20%
clean-2025-v1,附件2,光伏发电实际功率,51,CZ,2025-02-19,103,17:10,17:10,NR9,flag,nan,nan,daylight jump > 20%
clean-2025-v1,附件2,光伏发电实际功率,51,DA,2025-02-19,104,17:20,17:20,NR9,flag,nan,nan,daylight jump > 20%
clean-2025-v1,附件2,光伏发电实际功率,52,AP,2025-02-20,41,6:50,6:50,NR9,flag,nan,nan,daylight jump > 20%
clean-2025-v1,附件2,光伏发电实际功率,52,AQ,2025-02-20,42,7:00,7:00,NR9,flag,nan,nan,daylight jump > 20%
clean-2025-v1,附件2,光伏发电实际功率,52,AR,2025-02-20,43,7:10,7:10,NR9,flag,nan,nan,daylight jump > 20%
clean-2025-v1,附件2,光伏发电实际功率,52,CW,2025-02-20,100,16:40,16:40,NR9,flag,nan,nan,daylight jump > 20%
clean-2025-v1,附件2,光伏发电实际功率,52,CX,2025-02-20,101,16:50,16:50,NR9,flag,nan,nan,daylight jump > 20%
clean-2025-v1,附件2,光伏发电实际功率,52,CY,2025-02-20,102,17:00,17:00,NR9,flag,nan,nan,daylight jump > 20%
clean-2025-v1,附件2,光伏发电实际功率,52,CZ,2025-02-20,103,17:10,17:10,NR9,flag,nan,nan,daylight jump > 20%
clean-2025-v1,附件2,光伏发电实际功率,52,DA,2025-02-20,104,17:20,17:20,NR9,flag,nan,nan,daylight jump > 20%
clean-2025-v1,附件2,光伏发电实际功率,53,AP,2025-02-21,41,6:50,6:50,NR9,flag,nan,nan,daylight jump > 20%
clean-2025-v1,附件2,光伏发电实际功率,53,AQ,2025-02-21,42,7:00,7:00,NR9,flag,nan,nan,daylight jump > 20%
clean-2025-v1,附件2,光伏发电实际功率,53,AR,2025-02-21,43,7:10,7:10,NR9,flag,nan,nan,daylight jump > 20%
clean-2025-v1,附件2,光伏发电实际功率,53,AS,2025-02-21,44,7:20,7:20,NR9,flag,nan,nan,daylight jump > 20%
clean-2025-v1,附件2,光伏发电实际功率,53,CX,2025-02-21,101,16:50,16:50,NR9,flag,nan,nan,daylight jump > 20%
clean-2025-v1,附件2,光伏发电实际功率,53,CY,2025-02-21,102,17:00,17:00,NR9,flag,nan,nan,daylight jump > 20%
clean-2025-v1,附件2,光伏发电实际功率,53,CZ,2025-02-21,103,17:10,17:10,NR9,flag,nan,nan,daylight jump > 20%
clean-2025-v1,附件2,光伏发电实际功率,53,DA,2025-02-21,104,17:20,17:20,NR9,flag,nan,nan,daylight jump > 20%
clean-2025-v1,附件2,光伏发电实际功率,54,AP,2025-02-22,41,6:50,6:50,NR9,flag,nan,nan,daylight jump > 20%
clean-2025-v1,附件2,光伏发电实际功率,54,AQ,2025-02-22,42,7:00,7:00,NR9,flag,nan,nan,daylight jump > 20%
clean-2025-v1,附件2,光伏发电实际功率,54,AR,2025-02-22,43,7:10,7:10,NR9,flag,nan,nan,daylight jump > 20%
clean-2025-v1,附件2,光伏发电实际功率,54,CW,2025-02-22,100,16:40,16:40,NR9,flag,nan,nan,daylight jump > 20%
clean-2025-v1,附件2,光伏发电实际功率,54,CX,2025-02-22,101,16:50,16:50,NR9,flag,nan,nan,daylight jump > 20%
clean-2025-v1,附件2,光伏发电实际功率,54,CY,2025-02-22,102,17:00,17:00,NR9,flag,nan,nan,daylight jump > 20%
clean-2025-v1,附件2,光伏发电实际功率,54,CZ,2025-02-22,103,17:10,17:10,NR9,flag,nan,nan,daylight jump > 20%
clean-2025-v1,附件2,光伏发电实际功率,54,DA,2025-02-22,104,17:20,17:20,NR9,flag,nan,nan,daylight jump > 20%
clean-2025-v1,附件2,光伏发电实际功率,55,AP,2025-02-23,41,6:50,6:50,NR9,flag,nan,nan,daylight jump > 20%
clean-2025-v1,附件2,光伏发电实际功率,55,AQ,2025-02-23,42,7:00,7:00,NR9,flag,nan,nan,daylight jump > 20%
clean-2025-v1,附件2,光伏发电实际功率,55,AR,2025-02-23,43,7:10,7:10,NR9,flag,nan,nan,daylight jump > 20%
clean-2025-v1,附件2,光伏发电实际功率,55,AS,2025-02-23,44,7:20,7:20,NR9,flag,nan,nan,daylight jump > 20%
clean-2025-v1,附件2,光伏发电实际功率,55,CY,2025-02-23,102,17:00,17:00,NR9,flag,nan,nan,daylight jump > 20%
clean-2025-v1,附件2,光伏发电实际功率,55,CZ,2025-02-23,103,17:10,17:10,NR9,flag,nan,nan,daylight jump > 20%
clean-2025-v1,附件2,光伏发电实际功率,55,DA,2025-02-23,104,17:20,17:20,NR9,flag,nan,nan,daylight jump > 20%
clean-2025-v1,附件2,光伏发电实际功率,55,DB,2025-02-23,105,17:30,17:30,NR9,flag,nan,nan,daylight jump > 20%
clean-2025-v1,附件2,光伏发电实际功率,56,AO,2025-02-24,40,6:40,6:40,NR9,flag,nan,nan,daylight jump > 20%
clean-2025-v1,附件2,光伏发电实际功率,56,AP,2025-02-24,41,6:50,6:50,NR9,flag,nan,nan,daylight jump > 20%
clean-2025-v1,附件2,光伏发电实际功率,56,AQ,2025-02-24,42,7:00,7:00,NR9,flag,nan,nan,daylight jump > 20%
clean-2025-v1,附件2,光伏发电实际功率,56,AR,2025-02-24,43,7:10,7:10,NR9,flag,nan,nan,daylight jump > 20%
clean-2025-v1,附件2,光伏发电实际功率,56,AS,2025-02-24,44,7:20,7:20,NR9,flag,nan,nan,daylight jump > 20%
clean-2025-v1,附件2,光伏发电实际功率,56,CX,2025-02-24,101,16:50,16:50,NR9,flag,nan,nan,daylight jump > 20%
clean-2025-v1,附件2,光伏发电实际功率,56,CY,2025-02-24,102,17:00,17:00,NR9,flag,nan,nan,daylight jump > 20%
clean-2025-v1,附件2,光伏发电实际功率,56,CZ,2025-02-24,103,17:10,17:10,NR9,flag,nan,nan,daylight jump > 20%
clean-2025-v1,附件2,光伏发电实际功率,56,DA,2025-02-24,104,17:20,17:20,NR9,flag,nan,nan,daylight jump > 20%
clean-2025-v1,附件2,光伏发电实际功率,56,DB,2025-02-24,105,17:30,17:30,NR9,flag,nan,nan,daylight jump > 20%
clean-2025-v1,附件2,光伏发电实际功率,57,AO,2025-02-25,40,6:40,6:40,NR9,flag,nan,nan,daylight jump > 20%
clean-2025-v1,附件2,光伏发电实际功率,57,AP,2025-02-25,41,6:50,6:50,NR9,flag,nan,nan,daylight jump > 20%
clean-2025-v1,附件2,光伏发电实际功率,57,AQ,2025-02-25,42,7:00,7:00,NR9,flag,nan,nan,daylight jump > 20%
clean-2025-v1,附件2,光伏发电实际功率,57,AR,2025-02-25,43,7:10,7:10,NR9,flag,nan,nan,daylight jump > 20%
clean-2025-v1,附件2,光伏发电实际功率,57,CW,2025-02-25,100,16:40,16:40,NR9,flag,nan,nan,daylight jump > 20%
clean-2025-v1,附件2,光伏发电实际功率,57,CX,2025-02-25,101,16:50,16:50,NR9,flag,nan,nan,daylight jump > 20%
clean-2025-v1,附件2,光伏发电实际功率,57,CY,2025-02-25,102,17:00,17:00,NR9,flag,nan,nan,daylight jump > 20%
clean-2025-v1,附件2,光伏发电实际功率,57,CZ,2025-02-25,103,17:10,17:10,NR9,flag,nan,nan,daylight jump > 20%
clean-2025-v1,附件2,光伏发电实际功率,57,DA,2025-02-25,104,17:20,17:20,NR9,flag,nan,nan,daylight jump > 20%
clean-2025-v1,附件2,光伏发电实际功率,57,DB,2025-02-25,105,17:30,17:30,NR9,flag,nan,nan,daylight jump > 20%
clean-2025-v1,附件2,光伏发电实际功率,58,AO,2025-02-26,40,6:40,6:40,NR9,flag,nan,nan,daylight jump > 20%
clean-2025-v1,附件2,光伏发电实际功率,58,AP,2025-02-26,41,6:50,6:50,NR9,flag,nan,nan,daylight jump > 20%
clean-2025-v1,附件2,光伏发电实际功率,58,AQ,2025-02-26,42,7:00,7:00,NR9,flag,nan,nan,daylight jump > 20%
clean-2025-v1,附件2,光伏发电实际功率,58,AR,2025-02-26,43,7:10,7:10,NR9,flag,nan,nan,daylight jump > 20%
clean-2025-v1,附件2,光伏发电实际功率,58,CZ,2025-02-26,103,17:10,17:10,NR9,flag,nan,nan,daylight jump > 20%
clean-2025-v1,附件2,光伏发电实际功率,58,DA,2025-02-26,104,17:20,17:20,NR9,flag,nan,nan,daylight jump > 20%
clean-2025-v1,附件2,光伏发电实际功率,58,DB,2025-02-26,105,17:30,17:30,NR9,flag,nan,nan,daylight jump > 20%
clean-2025-v1,附件2,光伏发电实际功率,59,AO,2025-02-27,40,6:40,6:40,NR9,flag,nan,nan,daylight jump > 20%
clean-2025-v1,附件2,光伏发电实际功率,59,AP,2025-02-27,41,6:50,6:50,NR9,flag,nan,nan,daylight jump > 20%
clean-2025-v1,附件2,光伏发电实际功率,59,AQ,2025-02-27,42,7:00,7:00,NR9,flag,nan,nan,daylight jump > 20%
clean-2025-v1,附件2,光伏发电实际功率,59,AR,2025-02-27,43,7:10,7:10,NR9,flag,nan,nan,daylight jump > 20%
clean-2025-v1,附件2,光伏发电实际功率,59,CX,2025-02-27,101,16:50,16:50,NR9,flag,nan,nan,daylight jump > 20%
clean-2025-v1,附件2,光伏发电实际功率,59,CY,2025-02-27,102,17:00,17:00,NR9,flag,nan,nan,daylight jump > 20%
clean-2025-v1,附件2,光伏发电实际功率,59,CZ,2025-02-27,103,17:10,17:10,NR9,flag,nan,nan,daylight jump > 20%
clean-2025-v1,附件2,光伏发电实际功率,59,DA,2025-02-27,104,17:20,17:20,NR9,flag,nan,nan,daylight jump > 20%
clean-2025-v1,附件2,光伏发电实际功率,59,DB,2025-02-27,105,17:30,17:30,NR9,flag,nan,nan,daylight jump > 20%
clean-2025-v1,附件2,光伏发电实际功率,60,AO,2025-02-28,40,6:40,6:40,NR9,flag,nan,nan,daylight jump > 20%
clean-2025-v1,附件2,光伏发电实际功率,60,AP,2025-02-28,41,6:50,6:50,NR9,flag,nan,nan,daylight jump > 20%
clean-2025-v1,附件2,光伏发电实际功率,60,AQ,2025-02-28,42,7:00,7:00,NR9,flag,nan,nan,daylight jump > 20%
clean-2025-v1,附件2,光伏发电实际功率,60,AR,2025-02-28,43,7:10,7:10,NR9,flag,nan,nan,daylight jump > 20%
clean-2025-v1,附件2,光伏发电实际功率,60,CY,2025-02-28,102,17:00,17:00,NR9,flag,nan,nan,daylight jump > 20%
clean-2025-v1,附件2,光伏发电实际功率,60,CZ,2025-02-28,103,17:10,17:10,NR9,flag,nan,nan,daylight jump > 20%
clean-2025-v1,附件2,光伏发电实际功率,60,DA,2025-02-28,104,17:20,17:20,NR9,flag,nan,nan,daylight jump > 20%
clean-2025-v1,附件2,光伏发电实际功率,60,DB,2025-02-28,105,17:30,17:30,NR9,flag,nan,nan,daylight jump > 20%
clean-2025-v1,附件2,光伏发电实际功率,61,AO,2025-03-01,40,6:40,6:40,NR9,flag,nan,nan,daylight jump > 20%
clean-2025-v1,附件2,光伏发电实际功率,61,AP,2025-03-01,41,6:50,6:50,NR9,flag,nan,nan,daylight jump > 20%
clean-2025-v1,附件2,光伏发电实际功率,61,AQ,2025-03-01,42,7:00,7:00,NR9,flag,nan,nan,daylight jump > 20%
clean-2025-v1,附件2,光伏发电实际功率,61,AR,2025-03-01,43,7:10,7:10,NR9,flag,nan,nan,daylight jump > 20%
clean-2025-v1,附件2,光伏发电实际功率,61,CY,2025-03-01,102,17:00,17:00,NR9,flag,nan,nan,daylight jump > 20%
clean-2025-v1,附件2,光伏发电实际功率,61,CZ,2025-03-01,103,17:10,17:10,NR9,flag,nan,nan,daylight jump > 20%
clean-2025-v1,附件2,光伏发电实际功率,61,DA,2025-03-01,104,17:20,17:20,NR9,flag,nan,nan,daylight jump > 20%
clean-2025-v1,附件2,光伏发电实际功率,61,DB,2025-03-01,105,17:30,17:30,NR9,flag,nan,nan,daylight jump > 20%
clean-2025-v1,附件2,光伏发电实际功率,62,AO,2025-03-02,40,6:40,6:40,NR9,flag,nan,nan,daylight jump > 20%
clean-2025-v1,附件2,光伏发电实际功率,62,AP,2025-03-02,41,6:50,6:50,NR9,flag,nan,nan,daylight jump > 20%
clean-2025-v1,附件2,光伏发电实际功率,62,AQ,2025-03-02,42,7:00,7:00,NR9,flag,nan,nan,daylight jump > 20%
clean-2025-v1,附件2,光伏发电实际功率,62,CX,2025-03-02,101,16:50,16:50,NR9,flag,nan,nan,daylight jump > 20%
clean-2025-v1,附件2,光伏发电实际功率,62,CY,2025-03-02,102,17:00,17:00,NR9,flag,nan,nan,daylight jump > 20%
clean-2025-v1,附件2,光伏发电实际功率,62,CZ,2025-03-02,103,17:10,17:10,NR9,flag,nan,nan,daylight jump > 20%
clean-2025-v1,附件2,光伏发电实际功率,62,DA,2025-03-02,104,17:20,17:20,NR9,flag,nan,nan,daylight jump > 20%
clean-2025-v1,附件2,光伏发电实际功率,62,DB,2025-03-02,105,17:30,17:30,NR9,flag,nan,nan,daylight jump > 20%
clean-2025-v1,附件2,光伏发电实际功率,63,AO,2025-03-03,40,6:40,6:40,NR9,flag,nan,nan,daylight jump > 20%
clean-2025-v1,附件2,光伏发电实际功率,63,AP,2025-03-03,41,6:50,6:50,NR9,flag,nan,nan,daylight jump > 20%
clean-2025-v1,附件2,光伏发电实际功率,63,AQ,2025-03-03,42,7:00,7:00,NR9,flag,nan,nan,daylight jump > 20%
clean-2025-v1,附件2,光伏发电实际功率,63,CY,2025-03-03,102,17:00,17:00,NR9,flag,nan,nan,daylight jump > 20%
clean-2025-v1,附件2,光伏发电实际功率,63,CZ,2025-03-03,103,17:10,17:10,NR9,flag,nan,nan,daylight jump > 20%
clean-2025-v1,附件2,光伏发电实际功率,63,DA,2025-03-03,104,17:20,17:20,NR9,flag,nan,nan,daylight jump > 20%
clean-2025-v1,附件2,光伏发电实际功率,63,DB,2025-03-03,105,17:30,17:30,NR9,flag,nan,nan,daylight jump > 20%
clean-2025-v1,附件2,光伏发电实际功率,64,AO,2025-03-04,40,6:40,6:40,NR9,flag,nan,nan,daylight jump > 20%
clean-2025-v1,附件2,光伏发电实际功率,64,AP,2025-03-04,41,6:50,6:50,NR9,flag,nan,nan,daylight jump > 20%
clean-2025-v1,附件2,光伏发电实际功率,64,AQ,2025-03-04,42,7:00,7:00,NR9,flag,nan,nan,daylight jump > 20%
clean-2025-v1,附件2,光伏发电实际功率,64,AR,2025-03-04,43,7:10,7:10,NR9,flag,nan,nan,daylight jump > 20%
clean-2025-v1,附件2,光伏发电实际功率,64,CY,2025-03-04,102,17:00,17:00,NR9,flag,nan,nan,daylight jump > 20%
clean-2025-v1,附件2,光伏发电实际功率,64,CZ,2025-03-04,103,17:10,17:10,NR9,flag,nan,nan,daylight jump > 20%
clean-2025-v1,附件2,光伏发电实际功率,64,DA,2025-03-04,104,17:20,17:20,NR9,flag,nan,nan,daylight jump > 20%
clean-2025-v1,附件2,光伏发电实际功率,64,DB,2025-03-04,105,17:30,17:30,NR9,flag,nan,nan,daylight jump > 20%
clean-2025-v1,附件2,光伏发电实际功率,65,AO,2025-03-05,40,6:40,6:40,NR9,flag,nan,nan,daylight jump > 20%
clean-2025-v1,附件2,光伏发电实际功率,65,AP,2025-03-05,41,6:50,6:50,NR9,flag,nan,nan,daylight jump > 20%
clean-2025-v1,附件2,光伏发电实际功率,65,AQ,2025-03-05,42,7:00,7:00,NR9,flag,nan,nan,daylight jump > 20%
clean-2025-v1,附件2,光伏发电实际功率,65,AR,2025-03-05,43,7:10,7:10,NR9,flag,nan,nan,daylight jump > 20%
clean-2025-v1,附件2,光伏发电实际功率,65,CY,2025-03-05,102,17:00,17:00,NR9,flag,nan,nan,daylight jump > 20%
clean-2025-v1,附件2,光伏发电实际功率,65,CZ,2025-03-05,103,17:10,17:10,NR9,flag,nan,nan,daylight jump > 20%
clean-2025-v1,附件2,光伏发电实际功率,65,DA,2025-03-05,104,17:20,17:20,NR9,flag,nan,nan,daylight jump > 20%
clean-2025-v1,附件2,光伏发电实际功率,65,DB,2025-03-05,105,17:30,17:30,NR9,flag,nan,nan,daylight jump > 20%
clean-2025-v1,附件2,光伏发电实际功率,66,AN,2025-03-06,39,6:30,6:30,NR9,flag,nan,nan,daylight jump > 20%
clean-2025-v1,附件2,光伏发电实际功率,66,AO,2025-03-06,40,6:40,6:40,NR9,flag,nan,nan,daylight jump > 20%
clean-2025-v1,附件2,光伏发电实际功率,66,AP,2025-03-06,41,6:50,6:50,NR9,flag,nan,nan,daylight jump > 20%
clean-2025-v1,附件2,光伏发电实际功率,66,AQ,2025-03-06,42,7:00,7:00,NR9,flag,nan,nan,daylight jump > 20%
clean-2025-v1,附件2,光伏发电实际功率,66,AR,2025-03-06,43,7:10,7:10,NR9,flag,nan,nan,daylight jump > 20%
clean-2025-v1,附件2,光伏发电实际功率,66,CY,2025-03-06,102,17:00,17:00,NR9,flag,nan,nan,daylight jump > 20%
clean-2025-v1,附件2,光伏发电实际功率,66,CZ,2025-03-06,103,17:10,17:10,NR9,flag,nan,nan,daylight jump > 20%
clean-2025-v1,附件2,光伏发电实际功率,66,DA,2025-03-06,104,17:20,17:20,NR9,flag,nan,nan,daylight jump > 20%
clean-2025-v1,附件2,光伏发电实际功率,66,DB,2025-03-06,105,17:30,17:30,NR9,flag,nan,nan,daylight jump > 20%
clean-2025-v1,附件2,光伏发电实际功率,67,AO,2025-03-07,40,6:40,6:40,NR9,flag,nan,nan,daylight jump > 20%
clean-2025-v1,附件2,光伏发电实际功率,67,AP,2025-03-07,41,6:50,6:50,NR9,flag,nan,nan,daylight jump > 20%
clean-2025-v1,附件2,光伏发电实际功率,67,AQ,2025-03-07,42,7:00,7:00,NR9,flag,nan,nan,daylight jump > 20%
clean-2025-v1,附件2,光伏发电实际功率,67,AR,2025-03-07,43,7:10,7:10,NR9,flag,nan,nan,daylight jump > 20%
clean-2025-v1,附件2,光伏发电实际功率,67,CY,2025-03-07,102,17:00,17:00,NR9,flag,nan,nan,daylight jump > 20%
clean-2025-v1,附件2,光伏发电实际功率,67,CZ,2025-03-07,103,17:10,17:10,NR9,flag,nan,nan,daylight jump > 20%
clean-2025-v1,附件2,光伏发电实际功率,67,DA,2025-03-07,104,17:20,17:20,NR9,flag,nan,nan,daylight jump > 20%
clean-2025-v1,附件2,光伏发电实际功率,67,DB,2025-03-07,105,17:30,17:30,NR9,flag,nan,nan,daylight jump > 20%
clean-2025-v1,附件2,光伏发电实际功率,68,AN,2025-03-08,39,6:30,6:30,NR9,flag,nan,nan,daylight jump > 20%
clean-2025-v1,附件2,光伏发电实际功率,68,AO,2025-03-08,40,6:40,6:40,NR9,flag,nan,nan,daylight jump > 20%
clean-2025-v1,附件2,光伏发电实际功率,68,AP,2025-03-08,41,6:50,6:50,NR9,flag,nan,nan,daylight jump > 20%
clean-2025-v1,附件2,光伏发电实际功率,68,AQ,2025-03-08,42,7:00,7:00,NR9,flag,nan,nan,daylight jump > 20%
clean-2025-v1,附件2,光伏发电实际功率,68,AR,2025-03-08,43,7:10,7:10,NR9,flag,nan,nan,daylight jump > 20%
clean-2025-v1,附件2,光伏发电实际功率,68,CZ,2025-03-08,103,17:10,17:10,NR9,flag,nan,nan,daylight jump > 20%
clean-2025-v1,附件2,光伏发电实际功率,68,DA,2025-03-08,104,17:20,17:20,NR9,flag,nan,nan,daylight jump > 20%
clean-2025-v1,附件2,光伏发电实际功率,68,DB,2025-03-08,105,17:30,17:30,NR9,flag,nan,nan,daylight jump > 20%
clean-2025-v1,附件2,光伏发电实际功率,68,DC,2025-03-08,106,17:40,17:40,NR9,flag,nan,nan,daylight jump > 20%
clean-2025-v1,附件2,光伏发电实际功率,69,AN,2025-03-09,39,6:30,6:30,NR9,flag,nan,nan,daylight jump > 20%
clean-2025-v1,附件2,光伏发电实际功率,69,AO,2025-03-09,40,6:40,6:40,NR9,flag,nan,nan,daylight jump > 20%
clean-2025-v1,附件2,光伏发电实际功率,69,AP,2025-03-09,41,6:50,6:50,NR9,flag,nan,nan,daylight jump > 20%
clean-2025-v1,附件2,光伏发电实际功率,69,AS,2025-03-09,44,7:20,7:20,NR9,flag,nan,nan,daylight jump > 20%
clean-2025-v1,附件2,光伏发电实际功率,69,CY,2025-03-09,102,17:00,17:00,NR9,flag,nan,nan,daylight jump > 20%
clean-2025-v1,附件2,光伏发电实际功率,69,CZ,2025-03-09,103,17:10,17:10,NR9,flag,nan,nan,daylight jump > 20%
clean-2025-v1,附件2,光伏发电实际功率,69,DA,2025-03-09,104,17:20,17:20,NR9,flag,nan,nan,daylight jump > 20%
clean-2025-v1,附件2,光伏发电实际功率,69,DB,2025-03-09,105,17:30,17:30,NR9,flag,nan,nan,daylight jump > 20%
clean-2025-v1,附件2,光伏发电实际功率,69,DC,2025-03-09,106,17:40,17:40,NR9,flag,nan,nan,daylight jump > 20%
clean-2025-v1,附件2,光伏发电实际功率,70,AN,2025-03-10,39,6:30,6:30,NR9,flag,nan,nan,daylight jump > 20%
clean-2025-v1,附件2,光伏发电实际功率,70,AO,2025-03-10,40,6:40,6:40,NR9,flag,nan,nan,daylight jump > 20%
clean-2025-v1,附件2,光伏发电实际功率,70,AP,2025-03-10,41,6:50,6:50,NR9,flag,nan,nan,daylight jump > 20%
clean-2025-v1,附件2,光伏发电实际功率,70,AQ,2025-03-10,42,7:00,7:00,NR9,flag,nan,nan,daylight jump > 20%
clean-2025-v1,附件2,光伏发电实际功率,70,CZ,2025-03-10,103,17:10,17:10,NR9,flag,nan,nan,daylight jump > 20%
clean-2025-v1,附件2,光伏发电实际功率,70,DA,2025-03-10,104,17:20,17:20,NR9,flag,nan,nan,daylight jump > 20%
clean-2025-v1,附件2,光伏发电实际功率,70,DB,2025-03-10,105,17:30,17:30,NR9,flag,nan,nan,daylight jump > 20%
clean-2025-v1,附件2,光伏发电实际功率,70,DC,2025-03-10,106,17:40,17:40,NR9,flag,nan,nan,daylight jump > 20%
clean-2025-v1,附件2,光伏发电实际功率,71,AN,2025-03-11,39,6:30,6:30,NR9,flag,nan,nan,daylight jump > 20%
clean-2025-v1,附件2,光伏发电实际功率,71,AO,2025-03-11,40,6:40,6:40,NR9,flag,nan,nan,daylight jump > 20%
clean-2025-v1,附件2,光伏发电实际功率,71,AP,2025-03-11,41,6:50,6:50,NR9,flag,nan,nan,daylight jump > 20%
clean-2025-v1,附件2,光伏发电实际功率,71,AQ,2025-03-11,42,7:00,7:00,NR9,flag,nan,nan,daylight jump > 20%
clean-2025-v1,附件2,光伏发电实际功率,71,DA,2025-03-11,104,17:20,17:20,NR9,flag,nan,nan,daylight jump > 20%
clean-2025-v1,附件2,光伏发电实际功率,71,DB,2025-03-11,105,17:30,17:30,NR9,flag,nan,nan,daylight jump > 20%
clean-2025-v1,附件2,光伏发电实际功率,71,DC,2025-03-11,106,17:40,17:40,NR9,flag,nan,nan,daylight jump > 20%
clean-2025-v1,附件2,光伏发电实际功率,72,AN,2025-03-12,39,6:30,6:30,NR9,flag,nan,nan,daylight jump > 20%
clean-2025-v1,附件2,光伏发电实际功率,72,AO,2025-03-12,40,6:40,6:40,NR9,flag,nan,nan,daylight jump > 20%
clean-2025-v1,附件2,光伏发电实际功率,72,AP,2025-03-12,41,6:50,6:50,NR9,flag,nan,nan,daylight jump > 20%
clean-2025-v1,附件2,光伏发电实际功率,72,AQ,2025-03-12,42,7:00,7:00,NR9,flag,nan,nan,daylight jump > 20%
clean-2025-v1,附件2,光伏发电实际功率,72,CY,2025-03-12,102,17:00,17:00,NR9,flag,nan,nan,daylight jump > 20%
clean-2025-v1,附件2,光伏发电实际功率,72,CZ,2025-03-12,103,17:10,17:10,NR9,flag,nan,nan,daylight jump > 20%
clean-2025-v1,附件2,光伏发电实际功率,72,DA,2025-03-12,104,17:20,17:20,NR9,flag,nan,nan,daylight jump > 20%
clean-2025-v1,附件2,光伏发电实际功率,72,DB,2025-03-12,105,17:30,17:30,NR9,flag,nan,nan,daylight jump > 20%
clean-2025-v1,附件2,光伏发电实际功率,72,DC,2025-03-12,106,17:40,17:40,NR9,flag,nan,nan,daylight jump > 20%
clean-2025-v1,附件2,光伏发电实际功率,73,AN,2025-03-13,39,6:30,6:30,NR9,flag,nan,nan,daylight jump > 20%
clean-2025-v1,附件2,光伏发电实际功率,73,AO,2025-03-13,40,6:40,6:40,NR9,flag,nan,nan,daylight jump > 20%
clean-2025-v1,附件2,光伏发电实际功率,73,AP,2025-03-13,41,6:50,6:50,NR9,flag,nan,nan,daylight jump > 20%
clean-2025-v1,附件2,光伏发电实际功率,73,AQ,2025-03-13,42,7:00,7:00,NR9,flag,nan,nan,daylight jump > 20%
clean-2025-v1,附件2,光伏发电实际功率,73,DA,2025-03-13,104,17:20,17:20,NR9,flag,nan,nan,daylight jump > 20%
clean-2025-v1,附件2,光伏发电实际功率,73,DB,2025-03-13,105,17:30,17:30,NR9,flag,nan,nan,daylight jump > 20%
clean-2025-v1,附件2,光伏发电实际功率,73,DC,2025-03-13,106,17:40,17:40,NR9,flag,nan,nan,daylight jump > 20%
clean-2025-v1,附件2,光伏发电实际功率,74,AN,2025-03-14,39,6:30,6:30,NR9,flag,nan,nan,daylight jump > 20%
clean-2025-v1,附件2,光伏发电实际功率,74,AO,2025-03-14,40,6:40,6:40,NR9,flag,nan,nan,daylight jump > 20%
clean-2025-v1,附件2,光伏发电实际功率,74,AP,2025-03-14,41,6:50,6:50,NR9,flag,nan,nan,daylight jump > 20%
clean-2025-v1,附件2,光伏发电实际功率,74,AQ,2025-03-14,42,7:00,7:00,NR9,flag,nan,nan,daylight jump > 20%
clean-2025-v1,附件2,光伏发电实际功率,74,AR,2025-03-14,43,7:10,7:10,NR9,flag,nan,nan,daylight jump > 20%
clean-2025-v1,附件2,光伏发电实际功率,74,CZ,2025-03-14,103,17:10,17:10,NR9,flag,nan,nan,daylight jump > 20%
clean-2025-v1,附件2,光伏发电实际功率,74,DA,2025-03-14,104,17:20,17:20,NR9,flag,nan,nan,daylight jump > 20%
clean-2025-v1,附件2,光伏发电实际功率,74,DB,2025-03-14,105,17:30,17:30,NR9,flag,nan,nan,daylight jump > 20%
clean-2025-v1,附件2,光伏发电实际功率,74,DC,2025-03-14,106,17:40,17:40,NR9,flag,nan,nan,daylight jump > 20%
clean-2025-v1,附件2,光伏发电实际功率,75,AM,2025-03-15,38,6:20,6:20,NR9,flag,nan,nan,daylight jump > 20%
clean-2025-v1,附件2,光伏发电实际功率,75,AN,2025-03-15,39,6:30,6:30,NR9,flag,nan,nan,daylight jump > 20%
clean-2025-v1,附件2,光伏发电实际功率,75,AO,2025-03-15,40,6:40,6:40,NR9,flag,nan,nan,daylight jump > 20%
clean-2025-v1,附件2,光伏发电实际功率,75,AP,2025-03-15,41,6:50,6:50,NR9,flag,nan,nan,daylight jump > 20%
clean-2025-v1,附件2,光伏发电实际功率,75,AQ,2025-03-15,42,7:00,7:00,NR9,flag,nan,nan,daylight jump > 20%
clean-2025-v1,附件2,光伏发电实际功率,75,DA,2025-03-15,104,17:20,17:20,NR9,flag,nan,nan,daylight jump > 20%
clean-2025-v1,附件2,光伏发电实际功率,75,DB,2025-03-15,105,17:30,17:30,NR9,flag,nan,nan,daylight jump > 20%
clean-2025-v1,附件2,光伏发电实际功率,75,DC,2025-03-15,106,17:40,17:40,NR9,flag,nan,nan,daylight jump > 20%
clean-2025-v1,附件2,光伏发电实际功率,75,DD,2025-03-15,107,17:50,17:50,NR9,flag,nan,nan,daylight jump > 20%
clean-2025-v1,附件2,光伏发电实际功率,76,AN,2025-03-16,39,6:30,6:30,NR9,flag,nan,nan,daylight jump > 20%
clean-2025-v1,附件2,光伏发电实际功率,76,AO,2025-03-16,40,6:40,6:40,NR9,flag,nan,nan,daylight jump > 20%
clean-2025-v1,附件2,光伏发电实际功率,76,AP,2025-03-16,41,6:50,6:50,NR9,flag,nan,nan,daylight jump > 20%
clean-2025-v1,附件2,光伏发电实际功率,76,CY,2025-03-16,102,17:00,17:00,NR9,flag,nan,nan,daylight jump > 20%
clean-2025-v1,附件2,光伏发电实际功率,76,CZ,2025-03-16,103,17:10,17:10,NR9,flag,nan,nan,daylight jump > 20%
clean-2025-v1,附件2,光伏发电实际功率,76,DA,2025-03-16,104,17:20,17:20,NR9,flag,nan,nan,daylight jump > 20%
clean-2025-v1,附件2,光伏发电实际功率,76,DB,2025-03-16,105,17:30,17:30,NR9,flag,nan,nan,daylight jump > 20%
clean-2025-v1,附件2,光伏发电实际功率,76,DC,2025-03-16,106,17:40,17:40,NR9,flag,nan,nan,daylight jump > 20%
clean-2025-v1,附件2,光伏发电实际功率,76,DD,2025-03-16,107,17:50,17:50,NR9,flag,nan,nan,daylight jump > 20%
clean-2025-v1,附件2,光伏发电实际功率,77,AM,2025-03-17,38,6:20,6:20,NR9,flag,nan,nan,daylight jump > 20%
clean-2025-v1,附件2,光伏发电实际功率,77,AN,2025-03-17,39,6:30,6:30,NR9,flag,nan,nan,daylight jump > 20%
clean-2025-v1,附件2,光伏发电实际功率,77,AO,2025-03-17,40,6:40,6:40,NR9,flag,nan,nan,daylight jump > 20%
clean-2025-v1,附件2,光伏发电实际功率,77,AP,2025-03-17,41,6:50,6:50,NR9,flag,nan,nan,daylight jump > 20%
clean-2025-v1,附件2,光伏发电实际功率,77,AQ,2025-03-17,42,7:00,7:00,NR9,flag,nan,nan,daylight jump > 20%
clean-2025-v1,附件2,光伏发电实际功率,77,DA,2025-03-17,104,17:20,17:20,NR9,flag,nan,nan,daylight jump > 20%
clean-2025-v1,附件2,光伏发电实际功率,77,DB,2025-03-17,105,17:30,17:30,NR9,flag,nan,nan,daylight jump > 20%
clean-2025-v1,附件2,光伏发电实际功率,77,DC,2025-03-17,106,17:40,17:40,NR9,flag,nan,nan,daylight jump > 20%
clean-2025-v1,附件2,光伏发电实际功率,77,DD,2025-03-17,107,17:50,17:50,NR9,flag,nan,nan,daylight jump > 20%
clean-2025-v1,附件2,光伏发电实际功率,78,AM,2025-03-18,38,6:20,6:20,NR9,flag,nan,nan,daylight jump > 20%
clean-2025-v1,附件2,光伏发电实际功率,78,AN,2025-03-18,39,6:30,6:30,NR9,flag,nan,nan,daylight jump > 20%
clean-2025-v1,附件2,光伏发电实际功率,78,AO,2025-03-18,40,6:40,6:40,NR9,flag,nan,nan,daylight jump > 20%
clean-2025-v1,附件2,光伏发电实际功率,78,AP,2025-03-18,41,6:50,6:50,NR9,flag,nan,nan,daylight jump > 20%
clean-2025-v1,附件2,光伏发电实际功率,78,CZ,2025-03-18,103,17:10,17:10,NR9,flag,nan,nan,daylight jump > 20%
clean-2025-v1,附件2,光伏发电实际功率,78,DA,2025-03-18,104,17:20,17:20,NR9,flag,nan,nan,daylight jump > 20%
clean-2025-v1,附件2,光伏发电实际功率,78,DB,2025-03-18,105,17:30,17:30,NR9,flag,nan,nan,daylight jump > 20%
clean-2025-v1,附件2,光伏发电实际功率,78,DC,2025-03-18,106,17:40,17:40,NR9,flag,nan,nan,daylight jump > 20%
clean-2025-v1,附件2,光伏发电实际功率,78,DD,2025-03-18,107,17:50,17:50,NR9,flag,nan,nan,daylight jump > 20%
clean-2025-v1,附件2,光伏发电实际功率,79,AM,2025-03-19,38,6:20,6:20,NR9,flag,nan,nan,daylight jump > 20%
clean-2025-v1,附件2,光伏发电实际功率,79,AN,2025-03-19,39,6:30,6:30,NR9,flag,nan,nan,daylight jump > 20%
clean-2025-v1,附件2,光伏发电实际功率,79,AO,2025-03-19,40,6:40,6:40,NR9,flag,nan,nan,daylight jump > 20%
clean-2025-v1,附件2,光伏发电实际功率,79,AP,2025-03-19,41,6:50,6:50,NR9,flag,nan,nan,daylight jump > 20%
clean-2025-v1,附件2,光伏发电实际功率,79,CZ,2025-03-19,103,17:10,17:10,NR9,flag,nan,nan,daylight jump > 20%
clean-2025-v1,附件2,光伏发电实际功率,79,DA,2025-03-19,104,17:20,17:20,NR9,flag,nan,nan,daylight jump > 20%
clean-2025-v1,附件2,光伏发电实际功率,79,DB,2025-03-19,105,17:30,17:30,NR9,flag,nan,nan,daylight jump > 20%
clean-2025-v1,附件2,光伏发电实际功率,79,DC,2025-03-19,106,17:40,17:40,NR9,flag,nan,nan,daylight jump > 20%
clean-2025-v1,附件2,光伏发电实际功率,79,DD,2025-03-19,107,17:50,17:50,NR9,flag,nan,nan,daylight jump > 20%
clean-2025-v1,附件2,光伏发电实际功率,80,AM,2025-03-20,38,6:20,6:20,NR9,flag,nan,nan,daylight jump > 20%
clean-2025-v1,附件2,光伏发电实际功率,80,AN,2025-03-20,39,6:30,6:30,NR9,flag,nan,nan,daylight jump > 20%
clean-2025-v1,附件2,光伏发电实际功率,80,AO,2025-03-20,40,6:40,6:40,NR9,flag,nan,nan,daylight jump > 20%
clean-2025-v1,附件2,光伏发电实际功率,80,AP,2025-03-20,41,6:50,6:50,NR9,flag,nan,nan,daylight jump > 20%
clean-2025-v1,附件2,光伏发电实际功率,80,AQ,2025-03-20,42,7:00,7:00,NR9,flag,nan,nan,daylight jump > 20%
clean-2025-v1,附件2,光伏发电实际功率,80,CY,2025-03-20,102,17:00,17:00,NR9,flag,nan,nan,daylight jump > 20%
clean-2025-v1,附件2,光伏发电实际功率,80,CZ,2025-03-20,103,17:10,17:10,NR9,flag,nan,nan,daylight jump > 20%
clean-2025-v1,附件2,光伏发电实际功率,80,DA,2025-03-20,104,17:20,17:20,NR9,flag,nan,nan,daylight jump > 20%
clean-2025-v1,附件2,光伏发电实际功率,80,DB,2025-03-20,105,17:30,17:30,NR9,flag,nan,nan,daylight jump > 20%
clean-2025-v1,附件2,光伏发电实际功率,80,DC,2025-03-20,106,17:40,17:40,NR9,flag,nan,nan,daylight jump > 20%
clean-2025-v1,附件2,光伏发电实际功率,80,DD,2025-03-20,107,17:50,17:50,NR9,flag,nan,nan,daylight jump > 20%
clean-2025-v1,附件2,光伏发电实际功率,81,AM,2025-03-21,38,6:20,6:20,NR9,flag,nan,nan,daylight jump > 20%
clean-2025-v1,附件2,光伏发电实际功率,81,AN,2025-03-21,39,6:30,6:30,NR9,flag,nan,nan,daylight jump > 20%
clean-2025-v1,附件2,光伏发电实际功率,81,AO,2025-03-21,40,6:40,6:40,NR9,flag,nan,nan,daylight jump > 20%
clean-2025-v1,附件2,光伏发电实际功率,81,AP,2025-03-21,41,6:50,6:50,NR9,flag,nan,nan,daylight jump > 20%
clean-2025-v1,附件2,光伏发电实际功率,81,AR,2025-03-21,43,7:10,7:10,NR9,flag,nan,nan,daylight jump > 20%
clean-2025-v1,附件2,光伏发电实际功率,81,CZ,2025-03-21,103,17:10,17:10,NR9,flag,nan,nan,daylight jump > 20%
clean-2025-v1,附件2,光伏发电实际功率,81,DA,2025-03-21,104,17:20,17:20,NR9,flag,nan,nan,daylight jump > 20%
clean-2025-v1,附件2,光伏发电实际功率,81,DB,2025-03-21,105,17:30,17:30,NR9,flag,nan,nan,daylight jump > 20%
clean-2025-v1,附件2,光伏发电实际功率,81,DC,2025-03-21,106,17:40,17:40,NR9,flag,nan,nan,daylight jump > 20%
clean-2025-v1,附件2,光伏发电实际功率,81,DD,2025-03-21,107,17:50,17:50,NR9,flag,nan,nan,daylight jump > 20%
clean-2025-v1,附件2,光伏发电实际功率,82,AM,2025-03-22,38,6:20,6:20,NR9,flag,nan,nan,daylight jump > 20%
clean-2025-v1,附件2,光伏发电实际功率,82,AN,2025-03-22,39,6:30,6:30,NR9,flag,nan,nan,daylight jump > 20%
clean-2025-v1,附件2,光伏发电实际功率,82,AO,2025-03-22,40,6:40,6:40,NR9,flag,nan,nan,daylight jump > 20%
clean-2025-v1,附件2,光伏发电实际功率,82,AP,2025-03-22,41,6:50,6:50,NR9,flag,nan,nan,daylight jump > 20%
clean-2025-v1,附件2,光伏发电实际功率,82,DA,2025-03-22,104,17:20,17:20,NR9,flag,nan,nan,daylight jump > 20%
clean-2025-v1,附件2,光伏发电实际功率,82,DB,2025-03-22,105,17:30,17:30,NR9,flag,nan,nan,daylight jump > 20%
clean-2025-v1,附件2,光伏发电实际功率,82,DC,2025-03-22,106,17:40,17:40,NR9,flag,nan,nan,daylight jump > 20%
clean-2025-v1,附件2,光伏发电实际功率,82,DD,2025-03-22,107,17:50,17:50,NR9,flag,nan,nan,daylight jump > 20%
clean-2025-v1,附件2,光伏发电实际功率,83,AM,2025-03-23,38,6:20,6:20,NR9,flag,nan,nan,daylight jump > 20%
clean-2025-v1,附件2,光伏发电实际功率,83,AN,2025-03-23,39,6:30,6:30,NR9,flag,nan,nan,daylight jump > 20%
clean-2025-v1,附件2,光伏发电实际功率,83,AO,2025-03-23,40,6:40,6:40,NR9,flag,nan,nan,daylight jump > 20%
clean-2025-v1,附件2,光伏发电实际功率,83,AP,2025-03-23,41,6:50,6:50,NR9,flag,nan,nan,daylight jump > 20%
clean-2025-v1,附件2,光伏发电实际功率,83,AQ,2025-03-23,42,7:00,7:00,NR9,flag,nan,nan,daylight jump > 20%
clean-2025-v1,附件2,光伏发电实际功率,83,CZ,2025-03-23,103,17:10,17:10,NR9,flag,nan,nan,daylight jump > 20%
clean-2025-v1,附件2,光伏发电实际功率,83,DA,2025-03-23,104,17:20,17:20,NR9,flag,nan,nan,daylight jump > 20%
clean-2025-v1,附件2,光伏发电实际功率,83,DB,2025-03-23,105,17:30,17:30,NR9,flag,nan,nan,daylight jump > 20%
clean-2025-v1,附件2,光伏发电实际功率,83,DC,2025-03-23,106,17:40,17:40,NR9,flag,nan,nan,daylight jump > 20%
clean-2025-v1,附件2,光伏发电实际功率,83,DD,2025-03-23,107,17:50,17:50,NR9,flag,nan,nan,daylight jump > 20%
clean-2025-v1,附件2,光伏发电实际功率,84,AM,2025-03-24,38,6:20,6:20,NR9,flag,nan,nan,daylight jump > 20%
clean-2025-v1,附件2,光伏发电实际功率,84,AN,2025-03-24,39,6:30,6:30,NR9,flag,nan,nan,daylight jump > 20%
clean-2025-v1,附件2,光伏发电实际功率,84,AO,2025-03-24,40,6:40,6:40,NR9,flag,nan,nan,daylight jump > 20%
clean-2025-v1,附件2,光伏发电实际功率,84,AP,2025-03-24,41,6:50,6:50,NR9,flag,nan,nan,daylight jump > 20%
clean-2025-v1,附件2,光伏发电实际功率,84,DA,2025-03-24,104,17:20,17:20,NR9,flag,nan,nan,daylight jump > 20%
clean-2025-v1,附件2,光伏发电实际功率,84,DB,2025-03-24,105,17:30,17:30,NR9,flag,nan,nan,daylight jump > 20%
clean-2025-v1,附件2,光伏发电实际功率,84,DC,2025-03-24,106,17:40,17:40,NR9,flag,nan,nan,daylight jump > 20%
clean-2025-v1,附件2,光伏发电实际功率,84,DD,2025-03-24,107,17:50,17:50,NR9,flag,nan,nan,daylight jump > 20%
clean-2025-v1,附件2,光伏发电实际功率,85,AM,2025-03-25,38,6:20,6:20,NR9,flag,nan,nan,daylight jump > 20%
clean-2025-v1,附件2,光伏发电实际功率,85,AN,2025-03-25,39,6:30,6:30,NR9,flag,nan,nan,daylight jump > 20%
clean-2025-v1,附件2,光伏发电实际功率,85,AO,2025-03-25,40,6:40,6:40,NR9,flag,nan,nan,daylight jump > 20%
clean-2025-v1,附件2,光伏发电实际功率,85,AP,2025-03-25,41,6:50,6:50,NR9,flag,nan,nan,daylight jump > 20%
clean-2025-v1,附件2,光伏发电实际功率,85,DA,2025-03-25,104,17:20,17:20,NR9,flag,nan,nan,daylight jump > 20%
clean-2025-v1,附件2,光伏发电实际功率,85,DB,2025-03-25,105,17:30,17:30,NR9,flag,nan,nan,daylight jump > 20%
clean-2025-v1,附件2,光伏发电实际功率,85,DC,2025-03-25,106,17:40,17:40,NR9,flag,nan,nan,daylight jump > 20%
clean-2025-v1,附件2,光伏发电实际功率,85,DD,2025-03-25,107,17:50,17:50,NR9,flag,nan,nan,daylight jump > 20%
clean-2025-v1,附件2,光伏发电实际功率,86,AM,2025-03-26,38,6:20,6:20,NR9,flag,nan,nan,daylight jump > 20%
clean-2025-v1,附件2,光伏发电实际功率,86,AN,2025-03-26,39,6:30,6:30,NR9,flag,nan,nan,daylight jump > 20%
clean-2025-v1,附件2,光伏发电实际功率,86,AO,2025-03-26,40,6:40,6:40,NR9,flag,nan,nan,daylight jump > 20%
clean-2025-v1,附件2,光伏发电实际功率,86,AP,2025-03-26,41,6:50,6:50,NR9,flag,nan,nan,daylight jump > 20%
clean-2025-v1,附件2,光伏发电实际功率,86,AQ,2025-03-26,42,7:00,7:00,NR9,flag,nan,nan,daylight jump > 20%
clean-2025-v1,附件2,光伏发电实际功率,86,DA,2025-03-26,104,17:20,17:20,NR9,flag,nan,nan,daylight jump > 20%
clean-2025-v1,附件2,光伏发电实际功率,86,DB,2025-03-26,105,17:30,17:30,NR9,flag,nan,nan,daylight jump > 20%
clean-2025-v1,附件2,光伏发电实际功率,86,DC,2025-03-26,106,17:40,17:40,NR9,flag,nan,nan,daylight jump > 20%
clean-2025-v1,附件2,光伏发电实际功率,86,DD,2025-03-26,107,17:50,17:50,NR9,flag,nan,nan,daylight jump > 20%
clean-2025-v1,附件2,光伏发电实际功率,87,AM,2025-03-27,38,6:20,6:20,NR9,flag,nan,nan,daylight jump > 20%
clean-2025-v1,附件2,光伏发电实际功率,87,AN,2025-03-27,39,6:30,6:30,NR9,flag,nan,nan,daylight jump > 20%
clean-2025-v1,附件2,光伏发电实际功率,87,AO,2025-03-27,40,6:40,6:40,NR9,flag,nan,nan,daylight jump > 20%
clean-2025-v1,附件2,光伏发电实际功率,87,DB,2025-03-27,105,17:30,17:30,NR9,flag,nan,nan,daylight jump > 20%
clean-2025-v1,附件2,光伏发电实际功率,87,DC,2025-03-27,106,17:40,17:40,NR9,flag,nan,nan,daylight jump > 20%
clean-2025-v1,附件2,光伏发电实际功率,87,DD,2025-03-27,107,17:50,17:50,NR9,flag,nan,nan,daylight jump > 20%
clean-2025-v1,附件2,光伏发电实际功率,88,AL,2025-03-28,37,6:10,6:10,NR9,flag,nan,nan,daylight jump > 20%
clean-2025-v1,附件2,光伏发电实际功率,88,AM,2025-03-28,38,6:20,6:20,NR9,flag,nan,nan,daylight jump > 20%
clean-2025-v1,附件2,光伏发电实际功率,88,AN,2025-03-28,39,6:30,6:30,NR9,flag,nan,nan,daylight jump > 20%
clean-2025-v1,附件2,光伏发电实际功率,88,AO,2025-03-28,40,6:40,6:40,NR9,flag,nan,nan,daylight jump > 20%
clean-2025-v1,附件2,光伏发电实际功率,88,AP,2025-03-28,41,6:50,6:50,NR9,flag,nan,nan,daylight jump > 20%
clean-2025-v1,附件2,光伏发电实际功率,88,DB,2025-03-28,105,17:30,17:30,NR9,flag,nan,nan,daylight jump > 20%
clean-2025-v1,附件2,光伏发电实际功率,88,DC,2025-03-28,106,17:40,17:40,NR9,flag,nan,nan,daylight jump > 20%
clean-2025-v1,附件2,光伏发电实际功率,88,DD,2025-03-28,107,17:50,17:50,NR9,flag,nan,nan,daylight jump > 20%
clean-2025-v1,附件2,光伏发电实际功率,88,DE,2025-03-28,108,18:00,18:00,NR9,flag,nan,nan,daylight jump > 20%
clean-2025-v1,附件2,光伏发电实际功率,89,AL,2025-03-29,37,6:10,6:10,NR9,flag,nan,nan,daylight jump > 20%
clean-2025-v1,附件2,光伏发电实际功率,89,AM,2025-03-29,38,6:20,6:20,NR9,flag,nan,nan,daylight jump > 20%
clean-2025-v1,附件2,光伏发电实际功率,89,AN,2025-03-29,39,6:30,6:30,NR9,flag,nan,nan,daylight jump > 20%
clean-2025-v1,附件2,光伏发电实际功率,89,AO,2025-03-29,40,6:40,6:40,NR9,flag,nan,nan,daylight jump > 20%
clean-2025-v1,附件2,光伏发电实际功率,89,DA,2025-03-29,104,17:20,17:20,NR9,flag,nan,nan,daylight jump > 20%
clean-2025-v1,附件2,光伏发电实际功率,89,DB,2025-03-29,105,17:30,17:30,NR9,flag,nan,nan,daylight jump > 20%
clean-2025-v1,附件2,光伏发电实际功率,89,DC,2025-03-29,106,17:40,17:40,NR9,flag,nan,nan,daylight jump > 20%
clean-2025-v1,附件2,光伏发电实际功率,89,DD,2025-03-29,107,17:50,17:50,NR9,flag,nan,nan,daylight jump > 20%
clean-2025-v1,附件2,光伏发电实际功率,89,DE,2025-03-29,108,18:00,18:00,NR9,flag,nan,nan,daylight jump > 20%
clean-2025-v1,附件2,光伏发电实际功率,90,AL,2025-03-30,37,6:10,6:10,NR9,flag,nan,nan,daylight jump > 20%
clean-2025-v1,附件2,光伏发电实际功率,90,AM,2025-03-30,38,6:20,6:20,NR9,flag,nan,nan,daylight jump > 20%
clean-2025-v1,附件2,光伏发电实际功率,90,AN,2025-03-30,39,6:30,6:30,NR9,flag,nan,nan,daylight jump > 20%
clean-2025-v1,附件2,光伏发电实际功率,90,AO,2025-03-30,40,6:40,6:40,NR9,flag,nan,nan,daylight jump > 20%
clean-2025-v1,附件2,光伏发电实际功率,90,AP,2025-03-30,41,6:50,6:50,NR9,flag,nan,nan,daylight jump > 20%
clean-2025-v1,附件2,光伏发电实际功率,90,DB,2025-03-30,105,17:30,17:30,NR9,flag,nan,nan,daylight jump > 20%
clean-2025-v1,附件2,光伏发电实际功率,90,DC,2025-03-30,106,17:40,17:40,NR9,flag,nan,nan,daylight jump > 20%
clean-2025-v1,附件2,光伏发电实际功率,90,DD,2025-03-30,107,17:50,17:50,NR9,flag,nan,nan,daylight jump > 20%
clean-2025-v1,附件2,光伏发电实际功率,90,DE,2025-03-30,108,18:00,18:00,NR9,flag,nan,nan,daylight jump > 20%
clean-2025-v1,附件2,光伏发电实际功率,91,AL,2025-03-31,37,6:10,6:10,NR9,flag,nan,nan,daylight jump > 20%
clean-2025-v1,附件2,光伏发电实际功率,91,AM,2025-03-31,38,6:20,6:20,NR9,flag,nan,nan,daylight jump > 20%
clean-2025-v1,附件2,光伏发电实际功率,91,AN,2025-03-31,39,6:30,6:30,NR9,flag,nan,nan,daylight jump > 20%
clean-2025-v1,附件2,光伏发电实际功率,91,AO,2025-03-31,40,6:40,6:40,NR9,flag,nan,nan,daylight jump > 20%
clean-2025-v1,附件2,光伏发电实际功率,91,DB,2025-03-31,105,17:30,17:30,NR9,flag,nan,nan,daylight jump > 20%
clean-2025-v1,附件2,光伏发电实际功率,91,DC,2025-03-31,106,17:40,17:40,NR9,flag,nan,nan,daylight jump > 20%
clean-2025-v1,附件2,光伏发电实际功率,91,DD,2025-03-31,107,17:50,17:50,NR9,flag,nan,nan,daylight jump > 20%
clean-2025-v1,附件2,光伏发电实际功率,91,DE,2025-03-31,108,18:00,18:00,NR9,flag,nan,nan,daylight jump > 20%
clean-2025-v1,附件2,光伏发电实际功率,92,AL,2025-04-01,37,6:10,6:10,NR9,flag,nan,nan,daylight jump > 20%
clean-2025-v1,附件2,光伏发电实际功率,92,AM,2025-04-01,38,6:20,6:20,NR9,flag,nan,nan,daylight jump > 20%
clean-2025-v1,附件2,光伏发电实际功率,92,AN,2025-04-01,39,6:30,6:30,NR9,flag,nan,nan,daylight jump > 20%
clean-2025-v1,附件2,光伏发电实际功率,92,AO,2025-04-01,40,6:40,6:40,NR9,flag,nan,nan,daylight jump > 20%
clean-2025-v1,附件2,光伏发电实际功率,92,AP,2025-04-01,41,6:50,6:50,NR9,flag,nan,nan,daylight jump > 20%
clean-2025-v1,附件2,光伏发电实际功率,92,DA,2025-04-01,104,17:20,17:20,NR9,flag,nan,nan,daylight jump > 20%
clean-2025-v1,附件2,光伏发电实际功率,92,DB,2025-04-01,105,17:30,17:30,NR9,flag,nan,nan,daylight jump > 20%
clean-2025-v1,附件2,光伏发电实际功率,92,DC,2025-04-01,106,17:40,17:40,NR9,flag,nan,nan,daylight jump > 20%
clean-2025-v1,附件2,光伏发电实际功率,92,DD,2025-04-01,107,17:50,17:50,NR9,flag,nan,nan,daylight jump > 20%
clean-2025-v1,附件2,光伏发电实际功率,92,DE,2025-04-01,108,18:00,18:00,NR9,flag,nan,nan,daylight jump > 20%
clean-2025-v1,附件2,光伏发电实际功率,93,AL,2025-04-02,37,6:10,6:10,NR9,flag,nan,nan,daylight jump > 20%
clean-2025-v1,附件2,光伏发电实际功率,93,AM,2025-04-02,38,6:20,6:20,NR9,flag,nan,nan,daylight jump > 20%
clean-2025-v1,附件2,光伏发电实际功率,93,AN,2025-04-02,39,6:30,6:30,NR9,flag,nan,nan,daylight jump > 20%
clean-2025-v1,附件2,光伏发电实际功率,93,AO,2025-04-02,40,6:40,6:40,NR9,flag,nan,nan,daylight jump > 20%
clean-2025-v1,附件2,光伏发电实际功率,93,DB,2025-04-02,105,17:30,17:30,NR9,flag,nan,nan,daylight jump > 20%
clean-2025-v1,附件2,光伏发电实际功率,93,DC,2025-04-02,106,17:40,17:40,NR9,flag,nan,nan,daylight jump > 20%
clean-2025-v1,附件2,光伏发电实际功率,93,DD,2025-04-02,107,17:50,17:50,NR9,flag,nan,nan,daylight jump > 20%
clean-2025-v1,附件2,光伏发电实际功率,93,DE,2025-04-02,108,18:00,18:00,NR9,flag,nan,nan,daylight jump > 20%
clean-2025-v1,附件2,光伏发电实际功率,94,AL,2025-04-03,37,6:10,6:10,NR9,flag,nan,nan,daylight jump > 20%
clean-2025-v1,附件2,光伏发电实际功率,94,AM,2025-04-03,38,6:20,6:20,NR9,flag,nan,nan,daylight jump > 20%
clean-2025-v1,附件2,光伏发电实际功率,94,AN,2025-04-03,39,6:30,6:30,NR9,flag,nan,nan,daylight jump > 20%
clean-2025-v1,附件2,光伏发电实际功率,94,AO,2025-04-03,40,6:40,6:40,NR9,flag,nan,nan,daylight jump > 20%
clean-2025-v1,附件2,光伏发电实际功率,94,DB,2025-04-03,105,17:30,17:30,NR9,flag,nan,nan,daylight jump > 20%
clean-2025-v1,附件2,光伏发电实际功率,94,DC,2025-04-03,106,17:40,17:40,NR9,flag,nan,nan,daylight jump > 20%
clean-2025-v1,附件2,光伏发电实际功率,94,DD,2025-04-03,107,17:50,17:50,NR9,flag,nan,nan,daylight jump > 20%
clean-2025-v1,附件2,光伏发电实际功率,94,DE,2025-04-03,108,18:00,18:00,NR9,flag,nan,nan,daylight jump > 20%
clean-2025-v1,附件2,光伏发电实际功率,95,AL,2025-04-04,37,6:10,6:10,NR9,flag,nan,nan,daylight jump > 20%
clean-2025-v1,附件2,光伏发电实际功率,95,AM,2025-04-04,38,6:20,6:20,NR9,flag,nan,nan,daylight jump > 20%
clean-2025-v1,附件2,光伏发电实际功率,95,AN,2025-04-04,39,6:30,6:30,NR9,flag,nan,nan,daylight jump > 20%
clean-2025-v1,附件2,光伏发电实际功率,95,AO,2025-04-04,40,6:40,6:40,NR9,flag,nan,nan,daylight jump > 20%
clean-2025-v1,附件2,光伏发电实际功率,95,DC,2025-04-04,106,17:40,17:40,NR9,flag,nan,nan,daylight jump > 20%
clean-2025-v1,附件2,光伏发电实际功率,95,DD,2025-04-04,107,17:50,17:50,NR9,flag,nan,nan,daylight jump > 20%
clean-2025-v1,附件2,光伏发电实际功率,95,DE,2025-04-04,108,18:00,18:00,NR9,flag,nan,nan,daylight jump > 20%
clean-2025-v1,附件2,光伏发电实际功率,96,AL,2025-04-05,37,6:10,6:10,NR9,flag,nan,nan,daylight jump > 20%
clean-2025-v1,附件2,光伏发电实际功率,96,AM,2025-04-05,38,6:20,6:20,NR9,flag,nan,nan,daylight jump > 20%
clean-2025-v1,附件2,光伏发电实际功率,96,AN,2025-04-05,39,6:30,6:30,NR9,flag,nan,nan,daylight jump > 20%
clean-2025-v1,附件2,光伏发电实际功率,96,AO,2025-04-05,40,6:40,6:40,NR9,flag,nan,nan,daylight jump > 20%
clean-2025-v1,附件2,光伏发电实际功率,96,DB,2025-04-05,105,17:30,17:30,NR9,flag,nan,nan,daylight jump > 20%
clean-2025-v1,附件2,光伏发电实际功率,96,DC,2025-04-05,106,17:40,17:40,NR9,flag,nan,nan,daylight jump > 20%
clean-2025-v1,附件2,光伏发电实际功率,96,DD,2025-04-05,107,17:50,17:50,NR9,flag,nan,nan,daylight jump > 20%
clean-2025-v1,附件2,光伏发电实际功率,96,DE,2025-04-05,108,18:00,18:00,NR9,flag,nan,nan,daylight jump > 20%
clean-2025-v1,附件2,光伏发电实际功率,97,AL,2025-04-06,37,6:10,6:10,NR9,flag,nan,nan,daylight jump > 20%
clean-2025-v1,附件2,光伏发电实际功率,97,AM,2025-04-06,38,6:20,6:20,NR9,flag,nan,nan,daylight jump > 20%
clean-2025-v1,附件2,光伏发电实际功率,97,AN,2025-04-06,39,6:30,6:30,NR9,flag,nan,nan,daylight jump > 20%
clean-2025-v1,附件2,光伏发电实际功率,97,AO,2025-04-06,40,6:40,6:40,NR9,flag,nan,nan,daylight jump > 20%
clean-2025-v1,附件2,光伏发电实际功率,97,DB,2025-04-06,105,17:30,17:30,NR9,flag,nan,nan,daylight jump > 20%
clean-2025-v1,附件2,光伏发电实际功率,97,DC,2025-04-06,106,17:40,17:40,NR9,flag,nan,nan,daylight jump > 20%
clean-2025-v1,附件2,光伏发电实际功率,97,DD,2025-04-06,107,17:50,17:50,NR9,flag,nan,nan,daylight jump > 20%
clean-2025-v1,附件2,光伏发电实际功率,97,DE,2025-04-06,108,18:00,18:00,NR9,flag,nan,nan,daylight jump > 20%
clean-2025-v1,附件2,光伏发电实际功率,98,AK,2025-04-07,36,6:00,6:00,NR9,flag,nan,nan,daylight jump > 20%
clean-2025-v1,附件2,光伏发电实际功率,98,AL,2025-04-07,37,6:10,6:10,NR9,flag,nan,nan,daylight jump > 20%
clean-2025-v1,附件2,光伏发电实际功率,98,AM,2025-04-07,38,6:20,6:20,NR9,flag,nan,nan,daylight jump > 20%
clean-2025-v1,附件2,光伏发电实际功率,98,AN,2025-04-07,39,6:30,6:30,NR9,flag,nan,nan,daylight jump > 20%
clean-2025-v1,附件2,光伏发电实际功率,98,AO,2025-04-07,40,6:40,6:40,NR9,flag,nan,nan,daylight jump > 20%
clean-2025-v1,附件2,光伏发电实际功率,98,DB,2025-04-07,105,17:30,17:30,NR9,flag,nan,nan,daylight jump > 20%
clean-2025-v1,附件2,光伏发电实际功率,98,DC,2025-04-07,106,17:40,17:40,NR9,flag,nan,nan,daylight jump > 20%
clean-2025-v1,附件2,光伏发电实际功率,98,DD,2025-04-07,107,17:50,17:50,NR9,flag,nan,nan,daylight jump > 20%
clean-2025-v1,附件2,光伏发电实际功率,98,DE,2025-04-07,108,18:00,18:00,NR9,flag,nan,nan,daylight jump > 20%
clean-2025-v1,附件2,光伏发电实际功率,99,AK,2025-04-08,36,6:00,6:00,NR9,flag,nan,nan,daylight jump > 20%
clean-2025-v1,附件2,光伏发电实际功率,99,AL,2025-04-08,37,6:10,6:10,NR9,flag,nan,nan,daylight jump > 20%
clean-2025-v1,附件2,光伏发电实际功率,99,AM,2025-04-08,38,6:20,6:20,NR9,flag,nan,nan,daylight jump > 20%
clean-2025-v1,附件2,光伏发电实际功率,99,AN,2025-04-08,39,6:30,6:30,NR9,flag,nan,nan,daylight jump > 20%
clean-2025-v1,附件2,光伏发电实际功率,99,DB,2025-04-08,105,17:30,17:30,NR9,flag,nan,nan,daylight jump > 20%
clean-2025-v1,附件2,光伏发电实际功率,99,DC,2025-04-08,106,17:40,17:40,NR9,flag,nan,nan,daylight jump > 20%
clean-2025-v1,附件2,光伏发电实际功率,99,DD,2025-04-08,107,17:50,17:50,NR9,flag,nan,nan,daylight jump > 20%
clean-2025-v1,附件2,光伏发电实际功率,99,DE,2025-04-08,108,18:00,18:00,NR9,flag,nan,nan,daylight jump > 20%
clean-2025-v1,附件2,光伏发电实际功率,99,DF,2025-04-08,109,18:10,18:10,NR9,flag,nan,nan,daylight jump > 20%
clean-2025-v1,附件2,光伏发电实际功率,100,AK,2025-04-09,36,6:00,6:00,NR9,flag,nan,nan,daylight jump > 20%
clean-2025-v1,附件2,光伏发电实际功率,100,AL,2025-04-09,37,6:10,6:10,NR9,flag,nan,nan,daylight jump > 20%
clean-2025-v1,附件2,光伏发电实际功率,100,AM,2025-04-09,38,6:20,6:20,NR9,flag,nan,nan,daylight jump > 20%
clean-2025-v1,附件2,光伏发电实际功率,100,AN,2025-04-09,39,6:30,6:30,NR9,flag,nan,nan,daylight jump > 20%
clean-2025-v1,附件2,光伏发电实际功率,100,DB,2025-04-09,105,17:30,17:30,NR9,flag,nan,nan,daylight jump > 20%
clean-2025-v1,附件2,光伏发电实际功率,100,DC,2025-04-09,106,17:40,17:40,NR9,flag,nan,nan,daylight jump > 20%
clean-2025-v1,附件2,光伏发电实际功率,100,DD,2025-04-09,107,17:50,17:50,NR9,flag,nan,nan,daylight jump > 20%
clean-2025-v1,附件2,光伏发电实际功率,100,DE,2025-04-09,108,18:00,18:00,NR9,flag,nan,nan,daylight jump > 20%
clean-2025-v1,附件2,光伏发电实际功率,100,DF,2025-04-09,109,18:10,18:10,NR9,flag,nan,nan,daylight jump > 20%
clean-2025-v1,附件2,光伏发电实际功率,101,AK,2025-04-10,36,6:00,6:00,NR9,flag,nan,nan,daylight jump > 20%
clean-2025-v1,附件2,光伏发电实际功率,101,AL,2025-04-10,37,6:10,6:10,NR9,flag,nan,nan,daylight jump > 20%
clean-2025-v1,附件2,光伏发电实际功率,101,AM,2025-04-10,38,6:20,6:20,NR9,flag,nan,nan,daylight jump > 20%
clean-2025-v1,附件2,光伏发电实际功率,101,AN,2025-04-10,39,6:30,6:30,NR9,flag,nan,nan,daylight jump > 20%
clean-2025-v1,附件2,光伏发电实际功率,101,AP,2025-04-10,41,6:50,6:50,NR9,flag,nan,nan,daylight jump > 20%
clean-2025-v1,附件2,光伏发电实际功率,101,DC,2025-04-10,106,17:40,17:40,NR9,flag,nan,nan,daylight jump > 20%
clean-2025-v1,附件2,光伏发电实际功率,101,DD,2025-04-10,107,17:50,17:50,NR9,flag,nan,nan,daylight jump > 20%
clean-2025-v1,附件2,光伏发电实际功率,101,DE,2025-04-10,108,18:00,18:00,NR9,flag,nan,nan,daylight jump > 20%
clean-2025-v1,附件2,光伏发电实际功率,101,DF,2025-04-10,109,18:10,18:10,NR9,flag,nan,nan,daylight jump > 20%
clean-2025-v1,附件2,光伏发电实际功率,102,AK,2025-04-11,36,6:00,6:00,NR9,flag,nan,nan,daylight jump > 20%
clean-2025-v1,附件2,光伏发电实际功率,102,AL,2025-04-11,37,6:10,6:10,NR9,flag,nan,nan,daylight jump > 20%
clean-2025-v1,附件2,光伏发电实际功率,102,AM,2025-04-11,38,6:20,6:20,NR9,flag,nan,nan,daylight jump > 20%
clean-2025-v1,附件2,光伏发电实际功率,102,AN,2025-04-11,39,6:30,6:30,NR9,flag,nan,nan,daylight jump > 20%
clean-2025-v1,附件2,光伏发电实际功率,102,DB,2025-04-11,105,17:30,17:30,NR9,flag,nan,nan,daylight jump > 20%
clean-2025-v1,附件2,光伏发电实际功率,102,DC,2025-04-11,106,17:40,17:40,NR9,flag,nan,nan,daylight jump > 20%
clean-2025-v1,附件2,光伏发电实际功率,102,DD,2025-04-11,107,17:50,17:50,NR9,flag,nan,nan,daylight jump > 20%
clean-2025-v1,附件2,光伏发电实际功率,102,DE,2025-04-11,108,18:00,18:00,NR9,flag,nan,nan,daylight jump > 20%
clean-2025-v1,附件2,光伏发电实际功率,102,DF,2025-04-11,109,18:10,18:10,NR9,flag,nan,nan,daylight jump > 20%
clean-2025-v1,附件2,光伏发电实际功率,103,AK,2025-04-12,36,6:00,6:00,NR9,flag,nan,nan,daylight jump > 20%
clean-2025-v1,附件2,光伏发电实际功率,103,AL,2025-04-12,37,6:10,6:10,NR9,flag,nan,nan,daylight jump > 20%
clean-2025-v1,附件2,光伏发电实际功率,103,AM,2025-04-12,38,6:20,6:20,NR9,flag,nan,nan,daylight jump > 20%
clean-2025-v1,附件2,光伏发电实际功率,103,AN,2025-04-12,39,6:30,6:30,NR9,flag,nan,nan,daylight jump > 20%
clean-2025-v1,附件2,光伏发电实际功率,103,DC,2025-04-12,106,17:40,17:40,NR9,flag,nan,nan,daylight jump > 20%
clean-2025-v1,附件2,光伏发电实际功率,103,DD,2025-04-12,107,17:50,17:50,NR9,flag,nan,nan,daylight jump > 20%
clean-2025-v1,附件2,光伏发电实际功率,103,DE,2025-04-12,108,18:00,18:00,NR9,flag,nan,nan,daylight jump > 20%
clean-2025-v1,附件2,光伏发电实际功率,103,DF,2025-04-12,109,18:10,18:10,NR9,flag,nan,nan,daylight jump > 20%
clean-2025-v1,附件2,光伏发电实际功率,104,AK,2025-04-13,36,6:00,6:00,NR9,flag,nan,nan,daylight jump > 20%
clean-2025-v1,附件2,光伏发电实际功率,104,AL,2025-04-13,37,6:10,6:10,NR9,flag,nan,nan,daylight jump > 20%
clean-2025-v1,附件2,光伏发电实际功率,104,AM,2025-04-13,38,6:20,6:20,NR9,flag,nan,nan,daylight jump > 20%
clean-2025-v1,附件2,光伏发电实际功率,104,AN,2025-04-13,39,6:30,6:30,NR9,flag,nan,nan,daylight jump > 20%
clean-2025-v1,附件2,光伏发电实际功率,104,AO,2025-04-13,40,6:40,6:40,NR9,flag,nan,nan,daylight jump > 20%
clean-2025-v1,附件2,光伏发电实际功率,104,DD,2025-04-13,107,17:50,17:50,NR9,flag,nan,nan,daylight jump > 20%
clean-2025-v1,附件2,光伏发电实际功率,104,DE,2025-04-13,108,18:00,18:00,NR9,flag,nan,nan,daylight jump > 20%
clean-2025-v1,附件2,光伏发电实际功率,104,DF,2025-04-13,109,18:10,18:10,NR9,flag,nan,nan,daylight jump > 20%
clean-2025-v1,附件2,光伏发电实际功率,105,AK,2025-04-14,36,6:00,6:00,NR9,flag,nan,nan,daylight jump > 20%
clean-2025-v1,附件2,光伏发电实际功率,105,AL,2025-04-14,37,6:10,6:10,NR9,flag,nan,nan,daylight jump > 20%
clean-2025-v1,附件2,光伏发电实际功率,105,AM,2025-04-14,38,6:20,6:20,NR9,flag,nan,nan,daylight jump > 20%
clean-2025-v1,附件2,光伏发电实际功率,105,AN,2025-04-14,39,6:30,6:30,NR9,flag,nan,nan,daylight jump > 20%
clean-2025-v1,附件2,光伏发电实际功率,105,DC,2025-04-14,106,17:40,17:40,NR9,flag,nan,nan,daylight jump > 20%
clean-2025-v1,附件2,光伏发电实际功率,105,DD,2025-04-14,107,17:50,17:50,NR9,flag,nan,nan,daylight jump > 20%
clean-2025-v1,附件2,光伏发电实际功率,105,DE,2025-04-14,108,18:00,18:00,NR9,flag,nan,nan,daylight jump > 20%
clean-2025-v1,附件2,光伏发电实际功率,105,DF,2025-04-14,109,18:10,18:10,NR9,flag,nan,nan,daylight jump > 20%
clean-2025-v1,附件2,光伏发电实际功率,106,AK,2025-04-15,36,6:00,6:00,NR9,flag,nan,nan,daylight jump > 20%
clean-2025-v1,附件2,光伏发电实际功率,106,AL,2025-04-15,37,6:10,6:10,NR9,flag,nan,nan,daylight jump > 20%
clean-2025-v1,附件2,光伏发电实际功率,106,AM,2025-04-15,38,6:20,6:20,NR9,flag,nan,nan,daylight jump > 20%
clean-2025-v1,附件2,光伏发电实际功率,106,AN,2025-04-15,39,6:30,6:30,NR9,flag,nan,nan,daylight jump > 20%
clean-2025-v1,附件2,光伏发电实际功率,106,DB,2025-04-15,105,17:30,17:30,NR9,flag,nan,nan,daylight jump > 20%
clean-2025-v1,附件2,光伏发电实际功率,106,DC,2025-04-15,106,17:40,17:40,NR9,flag,nan,nan,daylight jump > 20%
clean-2025-v1,附件2,光伏发电实际功率,106,DD,2025-04-15,107,17:50,17:50,NR9,flag,nan,nan,daylight jump > 20%
clean-2025-v1,附件2,光伏发电实际功率,106,DE,2025-04-15,108,18:00,18:00,NR9,flag,nan,nan,daylight jump > 20%
clean-2025-v1,附件2,光伏发电实际功率,106,DF,2025-04-15,109,18:10,18:10,NR9,flag,nan,nan,daylight jump > 20%
clean-2025-v1,附件2,光伏发电实际功率,107,AJ,2025-04-16,35,5:50,5:50,NR9,flag,nan,nan,daylight jump > 20%
clean-2025-v1,附件2,光伏发电实际功率,107,AK,2025-04-16,36,6:00,6:00,NR9,flag,nan,nan,daylight jump > 20%
clean-2025-v1,附件2,光伏发电实际功率,107,AL,2025-04-16,37,6:10,6:10,NR9,flag,nan,nan,daylight jump > 20%
clean-2025-v1,附件2,光伏发电实际功率,107,AM,2025-04-16,38,6:20,6:20,NR9,flag,nan,nan,daylight jump > 20%
clean-2025-v1,附件2,光伏发电实际功率,107,AN,2025-04-16,39,6:30,6:30,NR9,flag,nan,nan,daylight jump > 20%
clean-2025-v1,附件2,光伏发电实际功率,107,DB,2025-04-16,105,17:30,17:30,NR9,flag,nan,nan,daylight jump > 20%
clean-2025-v1,附件2,光伏发电实际功率,107,DD,2025-04-16,107,17:50,17:50,NR9,flag,nan,nan,daylight jump > 20%
clean-2025-v1,附件2,光伏发电实际功率,107,DE,2025-04-16,108,18:00,18:00,NR9,flag,nan,nan,daylight jump > 20%
clean-2025-v1,附件2,光伏发电实际功率,107,DF,2025-04-16,109,18:10,18:10,NR9,flag,nan,nan,daylight jump > 20%
clean-2025-v1,附件2,光伏发电实际功率,107,DG,2025-04-16,110,18:20,18:20,NR9,flag,nan,nan,daylight jump > 20%
clean-2025-v1,附件2,光伏发电实际功率,108,AJ,2025-04-17,35,5:50,5:50,NR9,flag,nan,nan,daylight jump > 20%
clean-2025-v1,附件2,光伏发电实际功率,108,AK,2025-04-17,36,6:00,6:00,NR9,flag,nan,nan,daylight jump > 20%
clean-2025-v1,附件2,光伏发电实际功率,108,AL,2025-04-17,37,6:10,6:10,NR9,flag,nan,nan,daylight jump > 20%
clean-2025-v1,附件2,光伏发电实际功率,108,AM,2025-04-17,38,6:20,6:20,NR9,flag,nan,nan,daylight jump > 20%
clean-2025-v1,附件2,光伏发电实际功率,108,AN,2025-04-17,39,6:30,6:30,NR9,flag,nan,nan,daylight jump > 20%
clean-2025-v1,附件2,光伏发电实际功率,108,DC,2025-04-17,106,17:40,17:40,NR9,flag,nan,nan,daylight jump > 20%
clean-2025-v1,附件2,光伏发电实际功率,108,DD,2025-04-17,107,17:50,17:50,NR9,flag,nan,nan,daylight jump > 20%
clean-2025-v1,附件2,光伏发电实际功率,108,DE,2025-04-17,108,18:00,18:00,NR9,flag,nan,nan,daylight jump > 20%
clean-2025-v1,附件2,光伏发电实际功率,108,DF,2025-04-17,109,18:10,18:10,NR9,flag,nan,nan,daylight jump > 20%
clean-2025-v1,附件2,光伏发电实际功率,108,DG,2025-04-17,110,18:20,18:20,NR9,flag,nan,nan,daylight jump > 20%
clean-2025-v1,附件2,光伏发电实际功率,109,AJ,2025-04-18,35,5:50,5:50,NR9,flag,nan,nan,daylight jump > 20%
clean-2025-v1,附件2,光伏发电实际功率,109,AK,2025-04-18,36,6:00,6:00,NR9,flag,nan,nan,daylight jump > 20%
clean-2025-v1,附件2,光伏发电实际功率,109,AL,2025-04-18,37,6:10,6:10,NR9,flag,nan,nan,daylight jump > 20%
clean-2025-v1,附件2,光伏发电实际功率,109,AM,2025-04-18,38,6:20,6:20,NR9,flag,nan,nan,daylight jump > 20%
clean-2025-v1,附件2,光伏发电实际功率,109,AN,2025-04-18,39,6:30,6:30,NR9,flag,nan,nan,daylight jump > 20%
clean-2025-v1,附件2,光伏发电实际功率,109,AO,2025-04-18,40,6:40,6:40,NR9,flag,nan,nan,daylight jump > 20%
clean-2025-v1,附件2,光伏发电实际功率,109,DD,2025-04-18,107,17:50,17:50,NR9,flag,nan,nan,daylight jump > 20%
clean-2025-v1,附件2,光伏发电实际功率,109,DE,2025-04-18,108,18:00,18:00,NR9,flag,nan,nan,daylight jump > 20%
clean-2025-v1,附件2,光伏发电实际功率,109,DF,2025-04-18,109,18:10,18:10,NR9,flag,nan,nan,daylight jump > 20%
clean-2025-v1,附件2,光伏发电实际功率,109,DG,2025-04-18,110,18:20,18:20,NR9,flag,nan,nan,daylight jump > 20%
clean-2025-v1,附件2,光伏发电实际功率,110,AJ,2025-04-19,35,5:50,5:50,NR9,flag,nan,nan,daylight jump > 20%
clean-2025-v1,附件2,光伏发电实际功率,110,AK,2025-04-19,36,6:00,6:00,NR9,flag,nan,nan,daylight jump > 20%
clean-2025-v1,附件2,光伏发电实际功率,110,AL,2025-04-19,37,6:10,6:10,NR9,flag,nan,nan,daylight jump > 20%
clean-2025-v1,附件2,光伏发电实际功率,110,AM,2025-04-19,38,6:20,6:20,NR9,flag,nan,nan,daylight jump > 20%
clean-2025-v1,附件2,光伏发电实际功率,110,AN,2025-04-19,39,6:30,6:30,NR9,flag,nan,nan,daylight jump > 20%
clean-2025-v1,附件2,光伏发电实际功率,110,DC,2025-04-19,106,17:40,17:40,NR9,flag,nan,nan,daylight jump > 20%
clean-2025-v1,附件2,光伏发电实际功率,110,DD,2025-04-19,107,17:50,17:50,NR9,flag,nan,nan,daylight jump > 20%
clean-2025-v1,附件2,光伏发电实际功率,110,DE,2025-04-19,108,18:00,18:00,NR9,flag,nan,nan,daylight jump > 20%
clean-2025-v1,附件2,光伏发电实际功率,110,DF,2025-04-19,109,18:10,18:10,NR9,flag,nan,nan,daylight jump > 20%
clean-2025-v1,附件2,光伏发电实际功率,110,DG,2025-04-19,110,18:20,18:20,NR9,flag,nan,nan,daylight jump > 20%
clean-2025-v1,附件2,光伏发电实际功率,111,AJ,2025-04-20,35,5:50,5:50,NR9,flag,nan,nan,daylight jump > 20%
clean-2025-v1,附件2,光伏发电实际功率,111,AK,2025-04-20,36,6:00,6:00,NR9,flag,nan,nan,daylight jump > 20%
clean-2025-v1,附件2,光伏发电实际功率,111,AL,2025-04-20,37,6:10,6:10,NR9,flag,nan,nan,daylight jump > 20%
clean-2025-v1,附件2,光伏发电实际功率,111,AM,2025-04-20,38,6:20,6:20,NR9,flag,nan,nan,daylight jump > 20%
clean-2025-v1,附件2,光伏发电实际功率,111,DD,2025-04-20,107,17:50,17:50,NR9,flag,nan,nan,daylight jump > 20%
clean-2025-v1,附件2,光伏发电实际功率,111,DE,2025-04-20,108,18:00,18:00,NR9,flag,nan,nan,daylight jump > 20%
clean-2025-v1,附件2,光伏发电实际功率,111,DF,2025-04-20,109,18:10,18:10,NR9,flag,nan,nan,daylight jump > 20%
clean-2025-v1,附件2,光伏发电实际功率,111,DG,2025-04-20,110,18:20,18:20,NR9,flag,nan,nan,daylight jump > 20%
clean-2025-v1,附件2,光伏发电实际功率,112,AJ,2025-04-21,35,5:50,5:50,NR9,flag,nan,nan,daylight jump > 20%
clean-2025-v1,附件2,光伏发电实际功率,112,AK,2025-04-21,36,6:00,6:00,NR9,flag,nan,nan,daylight jump > 20%
clean-2025-v1,附件2,光伏发电实际功率,112,AL,2025-04-21,37,6:10,6:10,NR9,flag,nan,nan,daylight jump > 20%
clean-2025-v1,附件2,光伏发电实际功率,112,AM,2025-04-21,38,6:20,6:20,NR9,flag,nan,nan,daylight jump > 20%
clean-2025-v1,附件2,光伏发电实际功率,112,AN,2025-04-21,39,6:30,6:30,NR9,flag,nan,nan,daylight jump > 20%
clean-2025-v1,附件2,光伏发电实际功率,112,DD,2025-04-21,107,17:50,17:50,NR9,flag,nan,nan,daylight jump > 20%
clean-2025-v1,附件2,光伏发电实际功率,112,DE,2025-04-21,108,18:00,18:00,NR9,flag,nan,nan,daylight jump > 20%
clean-2025-v1,附件2,光伏发电实际功率,112,DF,2025-04-21,109,18:10,18:10,NR9,flag,nan,nan,daylight jump > 20%
clean-2025-v1,附件2,光伏发电实际功率,112,DG,2025-04-21,110,18:20,18:20,NR9,flag,nan,nan,daylight jump > 20%
clean-2025-v1,附件2,光伏发电实际功率,113,AJ,2025-04-22,35,5:50,5:50,NR9,flag,nan,nan,daylight jump > 20%
clean-2025-v1,附件2,光伏发电实际功率,113,AK,2025-04-22,36,6:00,6:00,NR9,flag,nan,nan,daylight jump > 20%
clean-2025-v1,附件2,光伏发电实际功率,113,AL,2025-04-22,37,6:10,6:10,NR9,flag,nan,nan,daylight jump > 20%
clean-2025-v1,附件2,光伏发电实际功率,113,AM,2025-04-22,38,6:20,6:20,NR9,flag,nan,nan,daylight jump > 20%
clean-2025-v1,附件2,光伏发电实际功率,113,AN,2025-04-22,39,6:30,6:30,NR9,flag,nan,nan,daylight jump > 20%
clean-2025-v1,附件2,光伏发电实际功率,113,AO,2025-04-22,40,6:40,6:40,NR9,flag,nan,nan,daylight jump > 20%
clean-2025-v1,附件2,光伏发电实际功率,113,DC,2025-04-22,106,17:40,17:40,NR9,flag,nan,nan,daylight jump > 20%
clean-2025-v1,附件2,光伏发电实际功率,113,DD,2025-04-22,107,17:50,17:50,NR9,flag,nan,nan,daylight jump > 20%
clean-2025-v1,附件2,光伏发电实际功率,113,DE,2025-04-22,108,18:00,18:00,NR9,flag,nan,nan,daylight jump > 20%
clean-2025-v1,附件2,光伏发电实际功率,113,DF,2025-04-22,109,18:10,18:10,NR9,flag,nan,nan,daylight jump > 20%
clean-2025-v1,附件2,光伏发电实际功率,113,DG,2025-04-22,110,18:20,18:20,NR9,flag,nan,nan,daylight jump > 20%
clean-2025-v1,附件2,光伏发电实际功率,114,AJ,2025-04-23,35,5:50,5:50,NR9,flag,nan,nan,daylight jump > 20%
clean-2025-v1,附件2,光伏发电实际功率,114,AK,2025-04-23,36,6:00,6:00,NR9,flag,nan,nan,daylight jump > 20%
clean-2025-v1,附件2,光伏发电实际功率,114,AL,2025-04-23,37,6:10,6:10,NR9,flag,nan,nan,daylight jump > 20%
clean-2025-v1,附件2,光伏发电实际功率,114,AM,2025-04-23,38,6:20,6:20,NR9,flag,nan,nan,daylight jump > 20%
clean-2025-v1,附件2,光伏发电实际功率,114,AN,2025-04-23,39,6:30,6:30,NR9,flag,nan,nan,daylight jump > 20%
clean-2025-v1,附件2,光伏发电实际功率,114,DB,2025-04-23,105,17:30,17:30,NR9,flag,nan,nan,daylight jump > 20%
clean-2025-v1,附件2,光伏发电实际功率,114,DD,2025-04-23,107,17:50,17:50,NR9,flag,nan,nan,daylight jump > 20%
clean-2025-v1,附件2,光伏发电实际功率,114,DE,2025-04-23,108,18:00,18:00,NR9,flag,nan,nan,daylight jump > 20%
clean-2025-v1,附件2,光伏发电实际功率,114,DF,2025-04-23,109,18:10,18:10,NR9,flag,nan,nan,daylight jump > 20%
clean-2025-v1,附件2,光伏发电实际功率,114,DG,2025-04-23,110,18:20,18:20,NR9,flag,nan,nan,daylight jump > 20%
clean-2025-v1,附件2,光伏发电实际功率,115,AJ,2025-04-24,35,5:50,5:50,NR9,flag,nan,nan,daylight jump > 20%
clean-2025-v1,附件2,光伏发电实际功率,115,AK,2025-04-24,36,6:00,6:00,NR9,flag,nan,nan,daylight jump > 20%
clean-2025-v1,附件2,光伏发电实际功率,115,AL,2025-04-24,37,6:10,6:10,NR9,flag,nan,nan,daylight jump > 20%
clean-2025-v1,附件2,光伏发电实际功率,115,AM,2025-04-24,38,6:20,6:20,NR9,flag,nan,nan,daylight jump > 20%
clean-2025-v1,附件2,光伏发电实际功率,115,AN,2025-04-24,39,6:30,6:30,NR9,flag,nan,nan,daylight jump > 20%
clean-2025-v1,附件2,光伏发电实际功率,115,DD,2025-04-24,107,17:50,17:50,NR9,flag,nan,nan,daylight jump > 20%
clean-2025-v1,附件2,光伏发电实际功率,115,DE,2025-04-24,108,18:00,18:00,NR9,flag,nan,nan,daylight jump > 20%
clean-2025-v1,附件2,光伏发电实际功率,115,DF,2025-04-24,109,18:10,18:10,NR9,flag,nan,nan,daylight jump > 20%
clean-2025-v1,附件2,光伏发电实际功率,115,DG,2025-04-24,110,18:20,18:20,NR9,flag,nan,nan,daylight jump > 20%
clean-2025-v1,附件2,光伏发电实际功率,116,AJ,2025-04-25,35,5:50,5:50,NR9,flag,nan,nan,daylight jump > 20%
clean-2025-v1,附件2,光伏发电实际功率,116,AK,2025-04-25,36,6:00,6:00,NR9,flag,nan,nan,daylight jump > 20%
clean-2025-v1,附件2,光伏发电实际功率,116,AL,2025-04-25,37,6:10,6:10,NR9,flag,nan,nan,daylight jump > 20%
clean-2025-v1,附件2,光伏发电实际功率,116,AM,2025-04-25,38,6:20,6:20,NR9,flag,nan,nan,daylight jump > 20%
clean-2025-v1,附件2,光伏发电实际功率,116,DD,2025-04-25,107,17:50,17:50,NR9,flag,nan,nan,daylight jump > 20%
clean-2025-v1,附件2,光伏发电实际功率,116,DE,2025-04-25,108,18:00,18:00,NR9,flag,nan,nan,daylight jump > 20%
clean-2025-v1,附件2,光伏发电实际功率,116,DF,2025-04-25,109,18:10,18:10,NR9,flag,nan,nan,daylight jump > 20%
clean-2025-v1,附件2,光伏发电实际功率,116,DG,2025-04-25,110,18:20,18:20,NR9,flag,nan,nan,daylight jump > 20%
clean-2025-v1,附件2,光伏发电实际功率,117,AJ,2025-04-26,35,5:50,5:50,NR9,flag,nan,nan,daylight jump > 20%
clean-2025-v1,附件2,光伏发电实际功率,117,AK,2025-04-26,36,6:00,6:00,NR9,flag,nan,nan,daylight jump > 20%
clean-2025-v1,附件2,光伏发电实际功率,117,AL,2025-04-26,37,6:10,6:10,NR9,flag,nan,nan,daylight jump > 20%
clean-2025-v1,附件2,光伏发电实际功率,117,AM,2025-04-26,38,6:20,6:20,NR9,flag,nan,nan,daylight jump > 20%
clean-2025-v1,附件2,光伏发电实际功率,117,AN,2025-04-26,39,6:30,6:30,NR9,flag,nan,nan,daylight jump > 20%
clean-2025-v1,附件2,光伏发电实际功率,117,DE,2025-04-26,108,18:00,18:00,NR9,flag,nan,nan,daylight jump > 20%
clean-2025-v1,附件2,光伏发电实际功率,117,DF,2025-04-26,109,18:10,18:10,NR9,flag,nan,nan,daylight jump > 20%
clean-2025-v1,附件2,光伏发电实际功率,117,DG,2025-04-26,110,18:20,18:20,NR9,flag,nan,nan,daylight jump > 20%
clean-2025-v1,附件2,光伏发电实际功率,118,AJ,2025-04-27,35,5:50,5:50,NR9,flag,nan,nan,daylight jump > 20%
clean-2025-v1,附件2,光伏发电实际功率,118,AK,2025-04-27,36,6:00,6:00,NR9,flag,nan,nan,daylight jump > 20%
clean-2025-v1,附件2,光伏发电实际功率,118,AL,2025-04-27,37,6:10,6:10,NR9,flag,nan,nan,daylight jump > 20%
clean-2025-v1,附件2,光伏发电实际功率,118,AM,2025-04-27,38,6:20,6:20,NR9,flag,nan,nan,daylight jump > 20%
clean-2025-v1,附件2,光伏发电实际功率,118,DB,2025-04-27,105,17:30,17:30,NR9,flag,nan,nan,daylight jump > 20%
clean-2025-v1,附件2,光伏发电实际功率,118,DE,2025-04-27,108,18:00,18:00,NR9,flag,nan,nan,daylight jump > 20%
clean-2025-v1,附件2,光伏发电实际功率,118,DF,2025-04-27,109,18:10,18:10,NR9,flag,nan,nan,daylight jump > 20%
clean-2025-v1,附件2,光伏发电实际功率,118,DG,2025-04-27,110,18:20,18:20,NR9,flag,nan,nan,daylight jump > 20%
clean-2025-v1,附件2,光伏发电实际功率,119,AJ,2025-04-28,35,5:50,5:50,NR9,flag,nan,nan,daylight jump > 20%
clean-2025-v1,附件2,光伏发电实际功率,119,AK,2025-04-28,36,6:00,6:00,NR9,flag,nan,nan,daylight jump > 20%
clean-2025-v1,附件2,光伏发电实际功率,119,AL,2025-04-28,37,6:10,6:10,NR9,flag,nan,nan,daylight jump > 20%
clean-2025-v1,附件2,光伏发电实际功率,119,AM,2025-04-28,38,6:20,6:20,NR9,flag,nan,nan,daylight jump > 20%
clean-2025-v1,附件2,光伏发电实际功率,119,AN,2025-04-28,39,6:30,6:30,NR9,flag,nan,nan,daylight jump > 20%
clean-2025-v1,附件2,光伏发电实际功率,119,DD,2025-04-28,107,17:50,17:50,NR9,flag,nan,nan,daylight jump > 20%
clean-2025-v1,附件2,光伏发电实际功率,119,DE,2025-04-28,108,18:00,18:00,NR9,flag,nan,nan,daylight jump > 20%
clean-2025-v1,附件2,光伏发电实际功率,119,DF,2025-04-28,109,18:10,18:10,NR9,flag,nan,nan,daylight jump > 20%
clean-2025-v1,附件2,光伏发电实际功率,119,DG,2025-04-28,110,18:20,18:20,NR9,flag,nan,nan,daylight jump > 20%
clean-2025-v1,附件2,光伏发电实际功率,120,AJ,2025-04-29,35,5:50,5:50,NR9,flag,nan,nan,daylight jump > 20%
clean-2025-v1,附件2,光伏发电实际功率,120,AK,2025-04-29,36,6:00,6:00,NR9,flag,nan,nan,daylight jump > 20%
clean-2025-v1,附件2,光伏发电实际功率,120,AL,2025-04-29,37,6:10,6:10,NR9,flag,nan,nan,daylight jump > 20%
clean-2025-v1,附件2,光伏发电实际功率,120,AM,2025-04-29,38,6:20,6:20,NR9,flag,nan,nan,daylight jump > 20%
clean-2025-v1,附件2,光伏发电实际功率,120,DD,2025-04-29,107,17:50,17:50,NR9,flag,nan,nan,daylight jump > 20%
clean-2025-v1,附件2,光伏发电实际功率,120,DE,2025-04-29,108,18:00,18:00,NR9,flag,nan,nan,daylight jump > 20%
clean-2025-v1,附件2,光伏发电实际功率,120,DF,2025-04-29,109,18:10,18:10,NR9,flag,nan,nan,daylight jump > 20%
clean-2025-v1,附件2,光伏发电实际功率,120,DG,2025-04-29,110,18:20,18:20,NR9,flag,nan,nan,daylight jump > 20%
clean-2025-v1,附件2,光伏发电实际功率,121,AI,2025-04-30,34,5:40,5:40,NR9,flag,nan,nan,daylight jump > 20%
clean-2025-v1,附件2,光伏发电实际功率,121,AJ,2025-04-30,35,5:50,5:50,NR9,flag,nan,nan,daylight jump > 20%
clean-2025-v1,附件2,光伏发电实际功率,121,AK,2025-04-30,36,6:00,6:00,NR9,flag,nan,nan,daylight jump > 20%
clean-2025-v1,附件2,光伏发电实际功率,121,AL,2025-04-30,37,6:10,6:10,NR9,flag,nan,nan,daylight jump > 20%
clean-2025-v1,附件2,光伏发电实际功率,121,AM,2025-04-30,38,6:20,6:20,NR9,flag,nan,nan,daylight jump > 20%
clean-2025-v1,附件2,光伏发电实际功率,121,DD,2025-04-30,107,17:50,17:50,NR9,flag,nan,nan,daylight jump > 20%
clean-2025-v1,附件2,光伏发电实际功率,121,DE,2025-04-30,108,18:00,18:00,NR9,flag,nan,nan,daylight jump > 20%
clean-2025-v1,附件2,光伏发电实际功率,121,DF,2025-04-30,109,18:10,18:10,NR9,flag,nan,nan,daylight jump > 20%
clean-2025-v1,附件2,光伏发电实际功率,121,DG,2025-04-30,110,18:20,18:20,NR9,flag,nan,nan,daylight jump > 20%
clean-2025-v1,附件2,光伏发电实际功率,121,DH,2025-04-30,111,18:30,18:30,NR9,flag,nan,nan,daylight jump > 20%
clean-2025-v1,附件2,光伏发电实际功率,122,AI,2025-05-01,34,5:40,5:40,NR9,flag,nan,nan,daylight jump > 20%
clean-2025-v1,附件2,光伏发电实际功率,122,AJ,2025-05-01,35,5:50,5:50,NR9,flag,nan,nan,daylight jump > 20%
clean-2025-v1,附件2,光伏发电实际功率,122,AK,2025-05-01,36,6:00,6:00,NR9,flag,nan,nan,daylight jump > 20%
clean-2025-v1,附件2,光伏发电实际功率,122,AL,2025-05-01,37,6:10,6:10,NR9,flag,nan,nan,daylight jump > 20%
clean-2025-v1,附件2,光伏发电实际功率,122,DE,2025-05-01,108,18:00,18:00,NR9,flag,nan,nan,daylight jump > 20%
clean-2025-v1,附件2,光伏发电实际功率,122,DF,2025-05-01,109,18:10,18:10,NR9,flag,nan,nan,daylight jump > 20%
clean-2025-v1,附件2,光伏发电实际功率,122,DG,2025-05-01,110,18:20,18:20,NR9,flag,nan,nan,daylight jump > 20%
clean-2025-v1,附件2,光伏发电实际功率,122,DH,2025-05-01,111,18:30,18:30,NR9,flag,nan,nan,daylight jump > 20%
clean-2025-v1,附件2,光伏发电实际功率,123,AI,2025-05-02,34,5:40,5:40,NR9,flag,nan,nan,daylight jump > 20%
clean-2025-v1,附件2,光伏发电实际功率,123,AJ,2025-05-02,35,5:50,5:50,NR9,flag,nan,nan,daylight jump > 20%
clean-2025-v1,附件2,光伏发电实际功率,123,AK,2025-05-02,36,6:00,6:00,NR9,flag,nan,nan,daylight jump > 20%
clean-2025-v1,附件2,光伏发电实际功率,123,AL,2025-05-02,37,6:10,6:10,NR9,flag,nan,nan,daylight jump > 20%
clean-2025-v1,附件2,光伏发电实际功率,123,AM,2025-05-02,38,6:20,6:20,NR9,flag,nan,nan,daylight jump > 20%
clean-2025-v1,附件2,光伏发电实际功率,123,DD,2025-05-02,107,17:50,17:50,NR9,flag,nan,nan,daylight jump > 20%
clean-2025-v1,附件2,光伏发电实际功率,123,DE,2025-05-02,108,18:00,18:00,NR9,flag,nan,nan,daylight jump > 20%
clean-2025-v1,附件2,光伏发电实际功率,123,DF,2025-05-02,109,18:10,18:10,NR9,flag,nan,nan,daylight jump > 20%
clean-2025-v1,附件2,光伏发电实际功率,123,DG,2025-05-02,110,18:20,18:20,NR9,flag,nan,nan,daylight jump > 20%
clean-2025-v1,附件2,光伏发电实际功率,123,DH,2025-05-02,111,18:30,18:30,NR9,flag,nan,nan,daylight jump > 20%
clean-2025-v1,附件2,光伏发电实际功率,124,AI,2025-05-03,34,5:40,5:40,NR9,flag,nan,nan,daylight jump > 20%
clean-2025-v1,附件2,光伏发电实际功率,124,AJ,2025-05-03,35,5:50,5:50,NR9,flag,nan,nan,daylight jump > 20%
clean-2025-v1,附件2,光伏发电实际功率,124,AK,2025-05-03,36,6:00,6:00,NR9,flag,nan,nan,daylight jump > 20%
clean-2025-v1,附件2,光伏发电实际功率,124,AL,2025-05-03,37,6:10,6:10,NR9,flag,nan,nan,daylight jump > 20%
clean-2025-v1,附件2,光伏发电实际功率,124,AM,2025-05-03,38,6:20,6:20,NR9,flag,nan,nan,daylight jump > 20%
clean-2025-v1,附件2,光伏发电实际功率,124,DD,2025-05-03,107,17:50,17:50,NR9,flag,nan,nan,daylight jump > 20%
clean-2025-v1,附件2,光伏发电实际功率,124,DE,2025-05-03,108,18:00,18:00,NR9,flag,nan,nan,daylight jump > 20%
clean-2025-v1,附件2,光伏发电实际功率,124,DF,2025-05-03,109,18:10,18:10,NR9,flag,nan,nan,daylight jump > 20%
clean-2025-v1,附件2,光伏发电实际功率,124,DG,2025-05-03,110,18:20,18:20,NR9,flag,nan,nan,daylight jump > 20%
clean-2025-v1,附件2,光伏发电实际功率,124,DH,2025-05-03,111,18:30,18:30,NR9,flag,nan,nan,daylight jump > 20%
clean-2025-v1,附件2,光伏发电实际功率,125,AI,2025-05-04,34,5:40,5:40,NR9,flag,nan,nan,daylight jump > 20%
clean-2025-v1,附件2,光伏发电实际功率,125,AJ,2025-05-04,35,5:50,5:50,NR9,flag,nan,nan,daylight jump > 20%
clean-2025-v1,附件2,光伏发电实际功率,125,AK,2025-05-04,36,6:00,6:00,NR9,flag,nan,nan,daylight jump > 20%
clean-2025-v1,附件2,光伏发电实际功率,125,AL,2025-05-04,37,6:10,6:10,NR9,flag,nan,nan,daylight jump > 20%
clean-2025-v1,附件2,光伏发电实际功率,125,DD,2025-05-04,107,17:50,17:50,NR9,flag,nan,nan,daylight jump > 20%
clean-2025-v1,附件2,光伏发电实际功率,125,DE,2025-05-04,108,18:00,18:00,NR9,flag,nan,nan,daylight jump > 20%
clean-2025-v1,附件2,光伏发电实际功率,125,DF,2025-05-04,109,18:10,18:10,NR9,flag,nan,nan,daylight jump > 20%
clean-2025-v1,附件2,光伏发电实际功率,125,DG,2025-05-04,110,18:20,18:20,NR9,flag,nan,nan,daylight jump > 20%
clean-2025-v1,附件2,光伏发电实际功率,125,DH,2025-05-04,111,18:30,18:30,NR9,flag,nan,nan,daylight jump > 20%
clean-2025-v1,附件2,光伏发电实际功率,126,AI,2025-05-05,34,5:40,5:40,NR9,flag,nan,nan,daylight jump > 20%
clean-2025-v1,附件2,光伏发电实际功率,126,AJ,2025-05-05,35,5:50,5:50,NR9,flag,nan,nan,daylight jump > 20%
clean-2025-v1,附件2,光伏发电实际功率,126,AK,2025-05-05,36,6:00,6:00,NR9,flag,nan,nan,daylight jump > 20%
clean-2025-v1,附件2,光伏发电实际功率,126,AL,2025-05-05,37,6:10,6:10,NR9,flag,nan,nan,daylight jump > 20%
clean-2025-v1,附件2,光伏发电实际功率,126,AM,2025-05-05,38,6:20,6:20,NR9,flag,nan,nan,daylight jump > 20%
clean-2025-v1,附件2,光伏发电实际功率,126,DE,2025-05-05,108,18:00,18:00,NR9,flag,nan,nan,daylight jump > 20%
clean-2025-v1,附件2,光伏发电实际功率,126,DF,2025-05-05,109,18:10,18:10,NR9,flag,nan,nan,daylight jump > 20%
clean-2025-v1,附件2,光伏发电实际功率,126,DG,2025-05-05,110,18:20,18:20,NR9,flag,nan,nan,daylight jump > 20%
clean-2025-v1,附件2,光伏发电实际功率,126,DH,2025-05-05,111,18:30,18:30,NR9,flag,nan,nan,daylight jump > 20%
clean-2025-v1,附件2,光伏发电实际功率,127,AI,2025-05-06,34,5:40,5:40,NR9,flag,nan,nan,daylight jump > 20%
clean-2025-v1,附件2,光伏发电实际功率,127,AJ,2025-05-06,35,5:50,5:50,NR9,flag,nan,nan,daylight jump > 20%
clean-2025-v1,附件2,光伏发电实际功率,127,AK,2025-05-06,36,6:00,6:00,NR9,flag,nan,nan,daylight jump > 20%
clean-2025-v1,附件2,光伏发电实际功率,127,DE,2025-05-06,108,18:00,18:00,NR9,flag,nan,nan,daylight jump > 20%
clean-2025-v1,附件2,光伏发电实际功率,127,DF,2025-05-06,109,18:10,18:10,NR9,flag,nan,nan,daylight jump > 20%
clean-2025-v1,附件2,光伏发电实际功率,127,DG,2025-05-06,110,18:20,18:20,NR9,flag,nan,nan,daylight jump > 20%
clean-2025-v1,附件2,光伏发电实际功率,127,DH,2025-05-06,111,18:30,18:30,NR9,flag,nan,nan,daylight jump > 20%
clean-2025-v1,附件2,光伏发电实际功率,128,AI,2025-05-07,34,5:40,5:40,NR9,flag,nan,nan,daylight jump > 20%
clean-2025-v1,附件2,光伏发电实际功率,128,AJ,2025-05-07,35,5:50,5:50,NR9,flag,nan,nan,daylight jump > 20%
clean-2025-v1,附件2,光伏发电实际功率,128,AK,2025-05-07,36,6:00,6:00,NR9,flag,nan,nan,daylight jump > 20%
clean-2025-v1,附件2,光伏发电实际功率,128,AL,2025-05-07,37,6:10,6:10,NR9,flag,nan,nan,daylight jump > 20%
clean-2025-v1,附件2,光伏发电实际功率,128,AM,2025-05-07,38,6:20,6:20,NR9,flag,nan,nan,daylight jump > 20%
clean-2025-v1,附件2,光伏发电实际功率,128,DB,2025-05-07,105,17:30,17:30,NR9,flag,nan,nan,daylight jump > 20%
clean-2025-v1,附件2,光伏发电实际功率,128,DE,2025-05-07,108,18:00,18:00,NR9,flag,nan,nan,daylight jump > 20%
clean-2025-v1,附件2,光伏发电实际功率,128,DF,2025-05-07,109,18:10,18:10,NR9,flag,nan,nan,daylight jump > 20%
clean-2025-v1,附件2,光伏发电实际功率,128,DG,2025-05-07,110,18:20,18:20,NR9,flag,nan,nan,daylight jump > 20%
clean-2025-v1,附件2,光伏发电实际功率,128,DH,2025-05-07,111,18:30,18:30,NR9,flag,nan,nan,daylight jump > 20%
clean-2025-v1,附件2,光伏发电实际功率,129,AI,2025-05-08,34,5:40,5:40,NR9,flag,nan,nan,daylight jump > 20%
clean-2025-v1,附件2,光伏发电实际功率,129,AJ,2025-05-08,35,5:50,5:50,NR9,flag,nan,nan,daylight jump > 20%
clean-2025-v1,附件2,光伏发电实际功率,129,AK,2025-05-08,36,6:00,6:00,NR9,flag,nan,nan,daylight jump > 20%
clean-2025-v1,附件2,光伏发电实际功率,129,AL,2025-05-08,37,6:10,6:10,NR9,flag,nan,nan,daylight jump > 20%
clean-2025-v1,附件2,光伏发电实际功率,129,AM,2025-05-08,38,6:20,6:20,NR9,flag,nan,nan,daylight jump > 20%
clean-2025-v1,附件2,光伏发电实际功率,129,DD,2025-05-08,107,17:50,17:50,NR9,flag,nan,nan,daylight jump > 20%
clean-2025-v1,附件2,光伏发电实际功率,129,DE,2025-05-08,108,18:00,18:00,NR9,flag,nan,nan,daylight jump > 20%
clean-2025-v1,附件2,光伏发电实际功率,129,DF,2025-05-08,109,18:10,18:10,NR9,flag,nan,nan,daylight jump > 20%
clean-2025-v1,附件2,光伏发电实际功率,129,DG,2025-05-08,110,18:20,18:20,NR9,flag,nan,nan,daylight jump > 20%
clean-2025-v1,附件2,光伏发电实际功率,129,DH,2025-05-08,111,18:30,18:30,NR9,flag,nan,nan,daylight jump > 20%
clean-2025-v1,附件2,光伏发电实际功率,130,AI,2025-05-09,34,5:40,5:40,NR9,flag,nan,nan,daylight jump > 20%
clean-2025-v1,附件2,光伏发电实际功率,130,AJ,2025-05-09,35,5:50,5:50,NR9,flag,nan,nan,daylight jump > 20%
clean-2025-v1,附件2,光伏发电实际功率,130,AK,2025-05-09,36,6:00,6:00,NR9,flag,nan,nan,daylight jump > 20%
clean-2025-v1,附件2,光伏发电实际功率,130,AL,2025-05-09,37,6:10,6:10,NR9,flag,nan,nan,daylight jump > 20%
clean-2025-v1,附件2,光伏发电实际功率,130,AM,2025-05-09,38,6:20,6:20,NR9,flag,nan,nan,daylight jump > 20%
clean-2025-v1,附件2,光伏发电实际功率,130,DE,2025-05-09,108,18:00,18:00,NR9,flag,nan,nan,daylight jump > 20%
clean-2025-v1,附件2,光伏发电实际功率,130,DF,2025-05-09,109,18:10,18:10,NR9,flag,nan,nan,daylight jump > 20%
clean-2025-v1,附件2,光伏发电实际功率,130,DG,2025-05-09,110,18:20,18:20,NR9,flag,nan,nan,daylight jump > 20%
clean-2025-v1,附件2,光伏发电实际功率,130,DH,2025-05-09,111,18:30,18:30,NR9,flag,nan,nan,daylight jump > 20%
clean-2025-v1,附件2,光伏发电实际功率,131,AI,2025-05-10,34,5:40,5:40,NR9,flag,nan,nan,daylight jump > 20%
clean-2025-v1,附件2,光伏发电实际功率,131,AJ,2025-05-10,35,5:50,5:50,NR9,flag,nan,nan,daylight jump > 20%
clean-2025-v1,附件2,光伏发电实际功率,131,AK,2025-05-10,36,6:00,6:00,NR9,flag,nan,nan,daylight jump > 20%
clean-2025-v1,附件2,光伏发电实际功率,131,DE,2025-05-10,108,18:00,18:00,NR9,flag,nan,nan,daylight jump > 20%
clean-2025-v1,附件2,光伏发电实际功率,131,DF,2025-05-10,109,18:10,18:10,NR9,flag,nan,nan,daylight jump > 20%
clean-2025-v1,附件2,光伏发电实际功率,131,DG,2025-05-10,110,18:20,18:20,NR9,flag,nan,nan,daylight jump > 20%
clean-2025-v1,附件2,光伏发电实际功率,131,DH,2025-05-10,111,18:30,18:30,NR9,flag,nan,nan,daylight jump > 20%
clean-2025-v1,附件2,光伏发电实际功率,132,AI,2025-05-11,34,5:40,5:40,NR9,flag,nan,nan,daylight jump > 20%
clean-2025-v1,附件2,光伏发电实际功率,132,AJ,2025-05-11,35,5:50,5:50,NR9,flag,nan,nan,daylight jump > 20%
clean-2025-v1,附件2,光伏发电实际功率,132,AK,2025-05-11,36,6:00,6:00,NR9,flag,nan,nan,daylight jump > 20%
clean-2025-v1,附件2,光伏发电实际功率,132,AL,2025-05-11,37,6:10,6:10,NR9,flag,nan,nan,daylight jump > 20%
clean-2025-v1,附件2,光伏发电实际功率,132,DD,2025-05-11,107,17:50,17:50,NR9,flag,nan,nan,daylight jump > 20%
clean-2025-v1,附件2,光伏发电实际功率,132,DF,2025-05-11,109,18:10,18:10,NR9,flag,nan,nan,daylight jump > 20%
clean-2025-v1,附件2,光伏发电实际功率,132,DG,2025-05-11,110,18:20,18:20,NR9,flag,nan,nan,daylight jump > 20%
clean-2025-v1,附件2,光伏发电实际功率,132,DH,2025-05-11,111,18:30,18:30,NR9,flag,nan,nan,daylight jump > 20%
clean-2025-v1,附件2,光伏发电实际功率,133,AI,2025-05-12,34,5:40,5:40,NR9,flag,nan,nan,daylight jump > 20%
clean-2025-v1,附件2,光伏发电实际功率,133,AJ,2025-05-12,35,5:50,5:50,NR9,flag,nan,nan,daylight jump > 20%
clean-2025-v1,附件2,光伏发电实际功率,133,AK,2025-05-12,36,6:00,6:00,NR9,flag,nan,nan,daylight jump > 20%
clean-2025-v1,附件2,光伏发电实际功率,133,DF,2025-05-12,109,18:10,18:10,NR9,flag,nan,nan,daylight jump > 20%
clean-2025-v1,附件2,光伏发电实际功率,133,DG,2025-05-12,110,18:20,18:20,NR9,flag,nan,nan,daylight jump > 20%
clean-2025-v1,附件2,光伏发电实际功率,133,DH,2025-05-12,111,18:30,18:30,NR9,flag,nan,nan,daylight jump > 20%
clean-2025-v1,附件2,光伏发电实际功率,134,AH,2025-05-13,33,5:30,5:30,NR9,flag,nan,nan,daylight jump > 20%
clean-2025-v1,附件2,光伏发电实际功率,134,AI,2025-05-13,34,5:40,5:40,NR9,flag,nan,nan,daylight jump > 20%
clean-2025-v1,附件2,光伏发电实际功率,134,AJ,2025-05-13,35,5:50,5:50,NR9,flag,nan,nan,daylight jump > 20%
clean-2025-v1,附件2,光伏发电实际功率,134,AK,2025-05-13,36,6:00,6:00,NR9,flag,nan,nan,daylight jump > 20%
clean-2025-v1,附件2,光伏发电实际功率,134,AM,2025-05-13,38,6:20,6:20,NR9,flag,nan,nan,daylight jump > 20%
clean-2025-v1,附件2,光伏发电实际功率,134,DF,2025-05-13,109,18:10,18:10,NR9,flag,nan,nan,daylight jump > 20%
clean-2025-v1,附件2,光伏发电实际功率,134,DG,2025-05-13,110,18:20,18:20,NR9,flag,nan,nan,daylight jump > 20%
clean-2025-v1,附件2,光伏发电实际功率,134,DH,2025-05-13,111,18:30,18:30,NR9,flag,nan,nan,daylight jump > 20%
clean-2025-v1,附件2,光伏发电实际功率,135,AH,2025-05-14,33,5:30,5:30,NR9,flag,nan,nan,daylight jump > 20%
clean-2025-v1,附件2,光伏发电实际功率,135,AI,2025-05-14,34,5:40,5:40,NR9,flag,nan,nan,daylight jump > 20%
clean-2025-v1,附件2,光伏发电实际功率,135,AJ,2025-05-14,35,5:50,5:50,NR9,flag,nan,nan,daylight jump > 20%
clean-2025-v1,附件2,光伏发电实际功率,135,AK,2025-05-14,36,6:00,6:00,NR9,flag,nan,nan,daylight jump > 20%
clean-2025-v1,附件2,光伏发电实际功率,135,AL,2025-05-14,37,6:10,6:10,NR9,flag,nan,nan,daylight jump > 20%
clean-2025-v1,附件2,光伏发电实际功率,135,DF,2025-05-14,109,18:10,18:10,NR9,flag,nan,nan,daylight jump > 20%
clean-2025-v1,附件2,光伏发电实际功率,135,DG,2025-05-14,110,18:20,18:20,NR9,flag,nan,nan,daylight jump > 20%
clean-2025-v1,附件2,光伏发电实际功率,135,DH,2025-05-14,111,18:30,18:30,NR9,flag,nan,nan,daylight jump > 20%
clean-2025-v1,附件2,光伏发电实际功率,135,DI,2025-05-14,112,18:40,18:40,NR9,flag,nan,nan,daylight jump > 20%
clean-2025-v1,附件2,光伏发电实际功率,136,AH,2025-05-15,33,5:30,5:30,NR9,flag,nan,nan,daylight jump > 20%
clean-2025-v1,附件2,光伏发电实际功率,136,AI,2025-05-15,34,5:40,5:40,NR9,flag,nan,nan,daylight jump > 20%
clean-2025-v1,附件2,光伏发电实际功率,136,AJ,2025-05-15,35,5:50,5:50,NR9,flag,nan,nan,daylight jump > 20%
clean-2025-v1,附件2,光伏发电实际功率,136,AK,2025-05-15,36,6:00,6:00,NR9,flag,nan,nan,daylight jump > 20%
clean-2025-v1,附件2,光伏发电实际功率,136,AL,2025-05-15,37,6:10,6:10,NR9,flag,nan,nan,daylight jump > 20%
clean-2025-v1,附件2,光伏发电实际功率,136,DD,2025-05-15,107,17:50,17:50,NR9,flag,nan,nan,daylight jump > 20%
clean-2025-v1,附件2,光伏发电实际功率,136,DF,2025-05-15,109,18:10,18:10,NR9,flag,nan,nan,daylight jump > 20%
clean-2025-v1,附件2,光伏发电实际功率,136,DG,2025-05-15,110,18:20,18:20,NR9,flag,nan,nan,daylight jump > 20%
clean-2025-v1,附件2,光伏发电实际功率,136,DH,2025-05-15,111,18:30,18:30,NR9,flag,nan,nan,daylight jump > 20%
clean-2025-v1,附件2,光伏发电实际功率,136,DI,2025-05-15,112,18:40,18:40,NR9,flag,nan,nan,daylight jump > 20%
clean-2025-v1,附件2,光伏发电实际功率,137,AH,2025-05-16,33,5:30,5:30,NR9,flag,nan,nan,daylight jump > 20%
clean-2025-v1,附件2,光伏发电实际功率,137,AI,2025-05-16,34,5:40,5:40,NR9,flag,nan,nan,daylight jump > 20%
clean-2025-v1,附件2,光伏发电实际功率,137,AJ,2025-05-16,35,5:50,5:50,NR9,flag,nan,nan,daylight jump > 20%
clean-2025-v1,附件2,光伏发电实际功率,137,AK,2025-05-16,36,6:00,6:00,NR9,flag,nan,nan,daylight jump > 20%
clean-2025-v1,附件2,光伏发电实际功率,137,DF,2025-05-16,109,18:10,18:10,NR9,flag,nan,nan,daylight jump > 20%
clean-2025-v1,附件2,光伏发电实际功率,137,DG,2025-05-16,110,18:20,18:20,NR9,flag,nan,nan,daylight jump > 20%
clean-2025-v1,附件2,光伏发电实际功率,137,DH,2025-05-16,111,18:30,18:30,NR9,flag,nan,nan,daylight jump > 20%
clean-2025-v1,附件2,光伏发电实际功率,137,DI,2025-05-16,112,18:40,18:40,NR9,flag,nan,nan,daylight jump > 20%
clean-2025-v1,附件2,光伏发电实际功率,138,AH,2025-05-17,33,5:30,5:30,NR9,flag,nan,nan,daylight jump > 20%
clean-2025-v1,附件2,光伏发电实际功率,138,AI,2025-05-17,34,5:40,5:40,NR9,flag,nan,nan,daylight jump > 20%
clean-2025-v1,附件2,光伏发电实际功率,138,AJ,2025-05-17,35,5:50,5:50,NR9,flag,nan,nan,daylight jump > 20%
clean-2025-v1,附件2,光伏发电实际功率,138,AK,2025-05-17,36,6:00,6:00,NR9,flag,nan,nan,daylight jump > 20%
clean-2025-v1,附件2,光伏发电实际功率,138,AL,2025-05-17,37,6:10,6:10,NR9,flag,nan,nan,daylight jump > 20%
clean-2025-v1,附件2,光伏发电实际功率,138,DF,2025-05-17,109,18:10,18:10,NR9,flag,nan,nan,daylight jump > 20%
clean-2025-v1,附件2,光伏发电实际功率,138,DG,2025-05-17,110,18:20,18:20,NR9,flag,nan,nan,daylight jump > 20%
clean-2025-v1,附件2,光伏发电实际功率,138,DH,2025-05-17,111,18:30,18:30,NR9,flag,nan,nan,daylight jump > 20%
clean-2025-v1,附件2,光伏发电实际功率,138,DI,2025-05-17,112,18:40,18:40,NR9,flag,nan,nan,daylight jump > 20%
clean-2025-v1,附件2,光伏发电实际功率,139,AH,2025-05-18,33,5:30,5:30,NR9,flag,nan,nan,daylight jump > 20%
clean-2025-v1,附件2,光伏发电实际功率,139,AI,2025-05-18,34,5:40,5:40,NR9,flag,nan,nan,daylight jump > 20%
clean-2025-v1,附件2,光伏发电实际功率,139,AJ,2025-05-18,35,5:50,5:50,NR9,flag,nan,nan,daylight jump > 20%
clean-2025-v1,附件2,光伏发电实际功率,139,AK,2025-05-18,36,6:00,6:00,NR9,flag,nan,nan,daylight jump > 20%
clean-2025-v1,附件2,光伏发电实际功率,139,AL,2025-05-18,37,6:10,6:10,NR9,flag,nan,nan,daylight jump > 20%
clean-2025-v1,附件2,光伏发电实际功率,139,DE,2025-05-18,108,18:00,18:00,NR9,flag,nan,nan,daylight jump > 20%
clean-2025-v1,附件2,光伏发电实际功率,139,DF,2025-05-18,109,18:10,18:10,NR9,flag,nan,nan,daylight jump > 20%
clean-2025-v1,附件2,光伏发电实际功率,139,DG,2025-05-18,110,18:20,18:20,NR9,flag,nan,nan,daylight jump > 20%
clean-2025-v1,附件2,光伏发电实际功率,139,DH,2025-05-18,111,18:30,18:30,NR9,flag,nan,nan,daylight jump > 20%
clean-2025-v1,附件2,光伏发电实际功率,139,DI,2025-05-18,112,18:40,18:40,NR9,flag,nan,nan,daylight jump > 20%
clean-2025-v1,附件2,光伏发电实际功率,140,AH,2025-05-19,33,5:30,5:30,NR9,flag,nan,nan,daylight jump > 20%
clean-2025-v1,附件2,光伏发电实际功率,140,AI,2025-05-19,34,5:40,5:40,NR9,flag,nan,nan,daylight jump > 20%
clean-2025-v1,附件2,光伏发电实际功率,140,AJ,2025-05-19,35,5:50,5:50,NR9,flag,nan,nan,daylight jump > 20%
clean-2025-v1,附件2,光伏发电实际功率,140,AK,2025-05-19,36,6:00,6:00,NR9,flag,nan,nan,daylight jump > 20%
clean-2025-v1,附件2,光伏发电实际功率,140,AL,2025-05-19,37,6:10,6:10,NR9,flag,nan,nan,daylight jump > 20%
clean-2025-v1,附件2,光伏发电实际功率,140,DF,2025-05-19,109,18:10,18:10,NR9,flag,nan,nan,daylight jump > 20%
clean-2025-v1,附件2,光伏发电实际功率,140,DG,2025-05-19,110,18:20,18:20,NR9,flag,nan,nan,daylight jump > 20%
clean-2025-v1,附件2,光伏发电实际功率,140,DH,2025-05-19,111,18:30,18:30,NR9,flag,nan,nan,daylight jump > 20%
clean-2025-v1,附件2,光伏发电实际功率,140,DI,2025-05-19,112,18:40,18:40,NR9,flag,nan,nan,daylight jump > 20%
clean-2025-v1,附件2,光伏发电实际功率,141,AH,2025-05-20,33,5:30,5:30,NR9,flag,nan,nan,daylight jump > 20%
clean-2025-v1,附件2,光伏发电实际功率,141,AI,2025-05-20,34,5:40,5:40,NR9,flag,nan,nan,daylight jump > 20%
clean-2025-v1,附件2,光伏发电实际功率,141,AJ,2025-05-20,35,5:50,5:50,NR9,flag,nan,nan,daylight jump > 20%
clean-2025-v1,附件2,光伏发电实际功率,141,AK,2025-05-20,36,6:00,6:00,NR9,flag,nan,nan,daylight jump > 20%
clean-2025-v1,附件2,光伏发电实际功率,141,DE,2025-05-20,108,18:00,18:00,NR9,flag,nan,nan,daylight jump > 20%
clean-2025-v1,附件2,光伏发电实际功率,141,DF,2025-05-20,109,18:10,18:10,NR9,flag,nan,nan,daylight jump > 20%
clean-2025-v1,附件2,光伏发电实际功率,141,DG,2025-05-20,110,18:20,18:20,NR9,flag,nan,nan,daylight jump > 20%
clean-2025-v1,附件2,光伏发电实际功率,141,DH,2025-05-20,111,18:30,18:30,NR9,flag,nan,nan,daylight jump > 20%
clean-2025-v1,附件2,光伏发电实际功率,141,DI,2025-05-20,112,18:40,18:40,NR9,flag,nan,nan,daylight jump > 20%
clean-2025-v1,附件2,光伏发电实际功率,142,AH,2025-05-21,33,5:30,5:30,NR9,flag,nan,nan,daylight jump > 20%
clean-2025-v1,附件2,光伏发电实际功率,142,AI,2025-05-21,34,5:40,5:40,NR9,flag,nan,nan,daylight jump > 20%
clean-2025-v1,附件2,光伏发电实际功率,142,AJ,2025-05-21,35,5:50,5:50,NR9,flag,nan,nan,daylight jump > 20%
clean-2025-v1,附件2,光伏发电实际功率,142,AK,2025-05-21,36,6:00,6:00,NR9,flag,nan,nan,daylight jump > 20%
clean-2025-v1,附件2,光伏发电实际功率,142,DF,2025-05-21,109,18:10,18:10,NR9,flag,nan,nan,daylight jump > 20%
clean-2025-v1,附件2,光伏发电实际功率,142,DG,2025-05-21,110,18:20,18:20,NR9,flag,nan,nan,daylight jump > 20%
clean-2025-v1,附件2,光伏发电实际功率,142,DH,2025-05-21,111,18:30,18:30,NR9,flag,nan,nan,daylight jump > 20%
clean-2025-v1,附件2,光伏发电实际功率,142,DI,2025-05-21,112,18:40,18:40,NR9,flag,nan,nan,daylight jump > 20%
clean-2025-v1,附件2,光伏发电实际功率,143,AH,2025-05-22,33,5:30,5:30,NR9,flag,nan,nan,daylight jump > 20%
clean-2025-v1,附件2,光伏发电实际功率,143,AI,2025-05-22,34,5:40,5:40,NR9,flag,nan,nan,daylight jump > 20%
clean-2025-v1,附件2,光伏发电实际功率,143,AJ,2025-05-22,35,5:50,5:50,NR9,flag,nan,nan,daylight jump > 20%
clean-2025-v1,附件2,光伏发电实际功率,143,AK,2025-05-22,36,6:00,6:00,NR9,flag,nan,nan,daylight jump > 20%
clean-2025-v1,附件2,光伏发电实际功率,143,AL,2025-05-22,37,6:10,6:10,NR9,flag,nan,nan,daylight jump > 20%
clean-2025-v1,附件2,光伏发电实际功率,143,DE,2025-05-22,108,18:00,18:00,NR9,flag,nan,nan,daylight jump > 20%
clean-2025-v1,附件2,光伏发电实际功率,143,DF,2025-05-22,109,18:10,18:10,NR9,flag,nan,nan,daylight jump > 20%
clean-2025-v1,附件2,光伏发电实际功率,143,DG,2025-05-22,110,18:20,18:20,NR9,flag,nan,nan,daylight jump > 20%
clean-2025-v1,附件2,光伏发电实际功率,143,DH,2025-05-22,111,18:30,18:30,NR9,flag,nan,nan,daylight jump > 20%
clean-2025-v1,附件2,光伏发电实际功率,143,DI,2025-05-22,112,18:40,18:40,NR9,flag,nan,nan,daylight jump > 20%
clean-2025-v1,附件2,光伏发电实际功率,144,AH,2025-05-23,33,5:30,5:30,NR9,flag,nan,nan,daylight jump > 20%
clean-2025-v1,附件2,光伏发电实际功率,144,AI,2025-05-23,34,5:40,5:40,NR9,flag,nan,nan,daylight jump > 20%
clean-2025-v1,附件2,光伏发电实际功率,144,AJ,2025-05-23,35,5:50,5:50,NR9,flag,nan,nan,daylight jump > 20%
clean-2025-v1,附件2,光伏发电实际功率,144,AK,2025-05-23,36,6:00,6:00,NR9,flag,nan,nan,daylight jump > 20%
clean-2025-v1,附件2,光伏发电实际功率,144,AL,2025-05-23,37,6:10,6:10,NR9,flag,nan,nan,daylight jump > 20%
clean-2025-v1,附件2,光伏发电实际功率,144,DF,2025-05-23,109,18:10,18:10,NR9,flag,nan,nan,daylight jump > 20%
clean-2025-v1,附件2,光伏发电实际功率,144,DG,2025-05-23,110,18:20,18:20,NR9,flag,nan,nan,daylight jump > 20%
clean-2025-v1,附件2,光伏发电实际功率,144,DH,2025-05-23,111,18:30,18:30,NR9,flag,nan,nan,daylight jump > 20%
clean-2025-v1,附件2,光伏发电实际功率,144,DI,2025-05-23,112,18:40,18:40,NR9,flag,nan,nan,daylight jump > 20%
clean-2025-v1,附件2,光伏发电实际功率,145,AH,2025-05-24,33,5:30,5:30,NR9,flag,nan,nan,daylight jump > 20%
clean-2025-v1,附件2,光伏发电实际功率,145,AI,2025-05-24,34,5:40,5:40,NR9,flag,nan,nan,daylight jump > 20%
clean-2025-v1,附件2,光伏发电实际功率,145,AJ,2025-05-24,35,5:50,5:50,NR9,flag,nan,nan,daylight jump > 20%
clean-2025-v1,附件2,光伏发电实际功率,145,DE,2025-05-24,108,18:00,18:00,NR9,flag,nan,nan,daylight jump > 20%
clean-2025-v1,附件2,光伏发电实际功率,145,DF,2025-05-24,109,18:10,18:10,NR9,flag,nan,nan,daylight jump > 20%
clean-2025-v1,附件2,光伏发电实际功率,145,DG,2025-05-24,110,18:20,18:20,NR9,flag,nan,nan,daylight jump > 20%
clean-2025-v1,附件2,光伏发电实际功率,145,DH,2025-05-24,111,18:30,18:30,NR9,flag,nan,nan,daylight jump > 20%
clean-2025-v1,附件2,光伏发电实际功率,145,DI,2025-05-24,112,18:40,18:40,NR9,flag,nan,nan,daylight jump > 20%
clean-2025-v1,附件2,光伏发电实际功率,146,AH,2025-05-25,33,5:30,5:30,NR9,flag,nan,nan,daylight jump > 20%
clean-2025-v1,附件2,光伏发电实际功率,146,AI,2025-05-25,34,5:40,5:40,NR9,flag,nan,nan,daylight jump > 20%
clean-2025-v1,附件2,光伏发电实际功率,146,AJ,2025-05-25,35,5:50,5:50,NR9,flag,nan,nan,daylight jump > 20%
clean-2025-v1,附件2,光伏发电实际功率,146,AK,2025-05-25,36,6:00,6:00,NR9,flag,nan,nan,daylight jump > 20%
clean-2025-v1,附件2,光伏发电实际功率,146,DF,2025-05-25,109,18:10,18:10,NR9,flag,nan,nan,daylight jump > 20%
clean-2025-v1,附件2,光伏发电实际功率,146,DG,2025-05-25,110,18:20,18:20,NR9,flag,nan,nan,daylight jump > 20%
clean-2025-v1,附件2,光伏发电实际功率,146,DH,2025-05-25,111,18:30,18:30,NR9,flag,nan,nan,daylight jump > 20%
clean-2025-v1,附件2,光伏发电实际功率,146,DI,2025-05-25,112,18:40,18:40,NR9,flag,nan,nan,daylight jump > 20%
clean-2025-v1,附件2,光伏发电实际功率,147,AH,2025-05-26,33,5:30,5:30,NR9,flag,nan,nan,daylight jump > 20%
clean-2025-v1,附件2,光伏发电实际功率,147,AI,2025-05-26,34,5:40,5:40,NR9,flag,nan,nan,daylight jump > 20%
clean-2025-v1,附件2,光伏发电实际功率,147,AJ,2025-05-26,35,5:50,5:50,NR9,flag,nan,nan,daylight jump > 20%
clean-2025-v1,附件2,光伏发电实际功率,147,AK,2025-05-26,36,6:00,6:00,NR9,flag,nan,nan,daylight jump > 20%
clean-2025-v1,附件2,光伏发电实际功率,147,AL,2025-05-26,37,6:10,6:10,NR9,flag,nan,nan,daylight jump > 20%
clean-2025-v1,附件2,光伏发电实际功率,147,DE,2025-05-26,108,18:00,18:00,NR9,flag,nan,nan,daylight jump > 20%
clean-2025-v1,附件2,光伏发电实际功率,147,DF,2025-05-26,109,18:10,18:10,NR9,flag,nan,nan,daylight jump > 20%
clean-2025-v1,附件2,光伏发电实际功率,147,DG,2025-05-26,110,18:20,18:20,NR9,flag,nan,nan,daylight jump > 20%
clean-2025-v1,附件2,光伏发电实际功率,147,DH,2025-05-26,111,18:30,18:30,NR9,flag,nan,nan,daylight jump > 20%
clean-2025-v1,附件2,光伏发电实际功率,147,DI,2025-05-26,112,18:40,18:40,NR9,flag,nan,nan,daylight jump > 20%
clean-2025-v1,附件2,光伏发电实际功率,148,AH,2025-05-27,33,5:30,5:30,NR9,flag,nan,nan,daylight jump > 20%
clean-2025-v1,附件2,光伏发电实际功率,148,AI,2025-05-27,34,5:40,5:40,NR9,flag,nan,nan,daylight jump > 20%
clean-2025-v1,附件2,光伏发电实际功率,148,AJ,2025-05-27,35,5:50,5:50,NR9,flag,nan,nan,daylight jump > 20%
clean-2025-v1,附件2,光伏发电实际功率,148,AK,2025-05-27,36,6:00,6:00,NR9,flag,nan,nan,daylight jump > 20%
clean-2025-v1,附件2,光伏发电实际功率,148,AL,2025-05-27,37,6:10,6:10,NR9,flag,nan,nan,daylight jump > 20%
clean-2025-v1,附件2,光伏发电实际功率,148,DG,2025-05-27,110,18:20,18:20,NR9,flag,nan,nan,daylight jump > 20%
clean-2025-v1,附件2,光伏发电实际功率,148,DH,2025-05-27,111,18:30,18:30,NR9,flag,nan,nan,daylight jump > 20%
clean-2025-v1,附件2,光伏发电实际功率,148,DI,2025-05-27,112,18:40,18:40,NR9,flag,nan,nan,daylight jump > 20%
clean-2025-v1,附件2,光伏发电实际功率,149,AH,2025-05-28,33,5:30,5:30,NR9,flag,nan,nan,daylight jump > 20%
clean-2025-v1,附件2,光伏发电实际功率,149,AI,2025-05-28,34,5:40,5:40,NR9,flag,nan,nan,daylight jump > 20%
clean-2025-v1,附件2,光伏发电实际功率,149,AJ,2025-05-28,35,5:50,5:50,NR9,flag,nan,nan,daylight jump > 20%
clean-2025-v1,附件2,光伏发电实际功率,149,AK,2025-05-28,36,6:00,6:00,NR9,flag,nan,nan,daylight jump > 20%
clean-2025-v1,附件2,光伏发电实际功率,149,DF,2025-05-28,109,18:10,18:10,NR9,flag,nan,nan,daylight jump > 20%
clean-2025-v1,附件2,光伏发电实际功率,149,DG,2025-05-28,110,18:20,18:20,NR9,flag,nan,nan,daylight jump > 20%
clean-2025-v1,附件2,光伏发电实际功率,149,DH,2025-05-28,111,18:30,18:30,NR9,flag,nan,nan,daylight jump > 20%
clean-2025-v1,附件2,光伏发电实际功率,149,DI,2025-05-28,112,18:40,18:40,NR9,flag,nan,nan,daylight jump > 20%
clean-2025-v1,附件2,光伏发电实际功率,150,AH,2025-05-29,33,5:30,5:30,NR9,flag,nan,nan,daylight jump > 20%
clean-2025-v1,附件2,光伏发电实际功率,150,AI,2025-05-29,34,5:40,5:40,NR9,flag,nan,nan,daylight jump > 20%
clean-2025-v1,附件2,光伏发电实际功率,150,AJ,2025-05-29,35,5:50,5:50,NR9,flag,nan,nan,daylight jump > 20%
clean-2025-v1,附件2,光伏发电实际功率,150,AK,2025-05-29,36,6:00,6:00,NR9,flag,nan,nan,daylight jump > 20%
clean-2025-v1,附件2,光伏发电实际功率,150,DF,2025-05-29,109,18:10,18:10,NR9,flag,nan,nan,daylight jump > 20%
clean-2025-v1,附件2,光伏发电实际功率,150,DG,2025-05-29,110,18:20,18:20,NR9,flag,nan,nan,daylight jump > 20%
clean-2025-v1,附件2,光伏发电实际功率,150,DH,2025-05-29,111,18:30,18:30,NR9,flag,nan,nan,daylight jump > 20%
clean-2025-v1,附件2,光伏发电实际功率,150,DI,2025-05-29,112,18:40,18:40,NR9,flag,nan,nan,daylight jump > 20%
clean-2025-v1,附件2,光伏发电实际功率,150,DJ,2025-05-29,113,18:50,18:50,NR9,flag,nan,nan,daylight jump > 20%
clean-2025-v1,附件2,光伏发电实际功率,151,AG,2025-05-30,32,5:20,5:20,NR9,flag,nan,nan,daylight jump > 20%
clean-2025-v1,附件2,光伏发电实际功率,151,AH,2025-05-30,33,5:30,5:30,NR9,flag,nan,nan,daylight jump > 20%
clean-2025-v1,附件2,光伏发电实际功率,151,AI,2025-05-30,34,5:40,5:40,NR9,flag,nan,nan,daylight jump > 20%
clean-2025-v1,附件2,光伏发电实际功率,151,AJ,2025-05-30,35,5:50,5:50,NR9,flag,nan,nan,daylight jump > 20%
clean-2025-v1,附件2,光伏发电实际功率,151,DF,2025-05-30,109,18:10,18:10,NR9,flag,nan,nan,daylight jump > 20%
clean-2025-v1,附件2,光伏发电实际功率,151,DG,2025-05-30,110,18:20,18:20,NR9,flag,nan,nan,daylight jump > 20%
clean-2025-v1,附件2,光伏发电实际功率,151,DH,2025-05-30,111,18:30,18:30,NR9,flag,nan,nan,daylight jump > 20%
clean-2025-v1,附件2,光伏发电实际功率,151,DI,2025-05-30,112,18:40,18:40,NR9,flag,nan,nan,daylight jump > 20%
clean-2025-v1,附件2,光伏发电实际功率,152,AG,2025-05-31,32,5:20,5:20,NR9,flag,nan,nan,daylight jump > 20%
clean-2025-v1,附件2,光伏发电实际功率,152,AH,2025-05-31,33,5:30,5:30,NR9,flag,nan,nan,daylight jump > 20%
clean-2025-v1,附件2,光伏发电实际功率,152,AI,2025-05-31,34,5:40,5:40,NR9,flag,nan,nan,daylight jump > 20%
clean-2025-v1,附件2,光伏发电实际功率,152,AJ,2025-05-31,35,5:50,5:50,NR9,flag,nan,nan,daylight jump > 20%
clean-2025-v1,附件2,光伏发电实际功率,152,AK,2025-05-31,36,6:00,6:00,NR9,flag,nan,nan,daylight jump > 20%
clean-2025-v1,附件2,光伏发电实际功率,152,DF,2025-05-31,109,18:10,18:10,NR9,flag,nan,nan,daylight jump > 20%
clean-2025-v1,附件2,光伏发电实际功率,152,DG,2025-05-31,110,18:20,18:20,NR9,flag,nan,nan,daylight jump > 20%
clean-2025-v1,附件2,光伏发电实际功率,152,DH,2025-05-31,111,18:30,18:30,NR9,flag,nan,nan,daylight jump > 20%
clean-2025-v1,附件2,光伏发电实际功率,152,DI,2025-05-31,112,18:40,18:40,NR9,flag,nan,nan,daylight jump > 20%
clean-2025-v1,附件2,光伏发电实际功率,152,DJ,2025-05-31,113,18:50,18:50,NR9,flag,nan,nan,daylight jump > 20%
clean-2025-v1,附件2,光伏发电实际功率,153,AG,2025-06-01,32,5:20,5:20,NR9,flag,nan,nan,daylight jump > 20%
clean-2025-v1,附件2,光伏发电实际功率,153,AH,2025-06-01,33,5:30,5:30,NR9,flag,nan,nan,daylight jump > 20%
clean-2025-v1,附件2,光伏发电实际功率,153,AI,2025-06-01,34,5:40,5:40,NR9,flag,nan,nan,daylight jump > 20%
clean-2025-v1,附件2,光伏发电实际功率,153,AJ,2025-06-01,35,5:50,5:50,NR9,flag,nan,nan,daylight jump > 20%
clean-2025-v1,附件2,光伏发电实际功率,153,AK,2025-06-01,36,6:00,6:00,NR9,flag,nan,nan,daylight jump > 20%
clean-2025-v1,附件2,光伏发电实际功率,153,DG,2025-06-01,110,18:20,18:20,NR9,flag,nan,nan,daylight jump > 20%
clean-2025-v1,附件2,光伏发电实际功率,153,DH,2025-06-01,111,18:30,18:30,NR9,flag,nan,nan,daylight jump > 20%
clean-2025-v1,附件2,光伏发电实际功率,153,DI,2025-06-01,112,18:40,18:40,NR9,flag,nan,nan,daylight jump > 20%
clean-2025-v1,附件2,光伏发电实际功率,153,DJ,2025-06-01,113,18:50,18:50,NR9,flag,nan,nan,daylight jump > 20%
clean-2025-v1,附件2,光伏发电实际功率,154,AH,2025-06-02,33,5:30,5:30,NR9,flag,nan,nan,daylight jump > 20%
clean-2025-v1,附件2,光伏发电实际功率,154,AI,2025-06-02,34,5:40,5:40,NR9,flag,nan,nan,daylight jump > 20%
clean-2025-v1,附件2,光伏发电实际功率,154,AJ,2025-06-02,35,5:50,5:50,NR9,flag,nan,nan,daylight jump > 20%
clean-2025-v1,附件2,光伏发电实际功率,154,DF,2025-06-02,109,18:10,18:10,NR9,flag,nan,nan,daylight jump > 20%
clean-2025-v1,附件2,光伏发电实际功率,154,DG,2025-06-02,110,18:20,18:20,NR9,flag,nan,nan,daylight jump > 20%
clean-2025-v1,附件2,光伏发电实际功率,154,DH,2025-06-02,111,18:30,18:30,NR9,flag,nan,nan,daylight jump > 20%
clean-2025-v1,附件2,光伏发电实际功率,154,DI,2025-06-02,112,18:40,18:40,NR9,flag,nan,nan,daylight jump > 20%
clean-2025-v1,附件2,光伏发电实际功率,155,AH,2025-06-03,33,5:30,5:30,NR9,flag,nan,nan,daylight jump > 20%
clean-2025-v1,附件2,光伏发电实际功率,155,AI,2025-06-03,34,5:40,5:40,NR9,flag,nan,nan,daylight jump > 20%
clean-2025-v1,附件2,光伏发电实际功率,155,AJ,2025-06-03,35,5:50,5:50,NR9,flag,nan,nan,daylight jump > 20%
clean-2025-v1,附件2,光伏发电实际功率,155,AK,2025-06-03,36,6:00,6:00,NR9,flag,nan,nan,daylight jump > 20%
clean-2025-v1,附件2,光伏发电实际功率,155,AL,2025-06-03,37,6:10,6:10,NR9,flag,nan,nan,daylight jump > 20%
clean-2025-v1,附件2,光伏发电实际功率,155,DE,2025-06-03,108,18:00,18:00,NR9,flag,nan,nan,daylight jump > 20%
clean-2025-v1,附件2,光伏发电实际功率,155,DF,2025-06-03,109,18:10,18:10,NR9,flag,nan,nan,daylight jump > 20%
clean-2025-v1,附件2,光伏发电实际功率,155,DG,2025-06-03,110,18:20,18:20,NR9,flag,nan,nan,daylight jump > 20%
clean-2025-v1,附件2,光伏发电实际功率,155,DH,2025-06-03,111,18:30,18:30,NR9,flag,nan,nan,daylight jump > 20%
clean-2025-v1,附件2,光伏发电实际功率,155,DI,2025-06-03,112,18:40,18:40,NR9,flag,nan,nan,daylight jump > 20%
clean-2025-v1,附件2,光伏发电实际功率,156,AG,2025-06-04,32,5:20,5:20,NR9,flag,nan,nan,daylight jump > 20%
clean-2025-v1,附件2,光伏发电实际功率,156,AH,2025-06-04,33,5:30,5:30,NR9,flag,nan,nan,daylight jump > 20%
clean-2025-v1,附件2,光伏发电实际功率,156,AI,2025-06-04,34,5:40,5:40,NR9,flag,nan,nan,daylight jump > 20%
clean-2025-v1,附件2,光伏发电实际功率,156,AJ,2025-06-04,35,5:50,5:50,NR9,flag,nan,nan,daylight jump > 20%
clean-2025-v1,附件2,光伏发电实际功率,156,AK,2025-06-04,36,6:00,6:00,NR9,flag,nan,nan,daylight jump > 20%
clean-2025-v1,附件2,光伏发电实际功率,156,DG,2025-06-04,110,18:20,18:20,NR9,flag,nan,nan,daylight jump > 20%
clean-2025-v1,附件2,光伏发电实际功率,156,DH,2025-06-04,111,18:30,18:30,NR9,flag,nan,nan,daylight jump > 20%
clean-2025-v1,附件2,光伏发电实际功率,156,DI,2025-06-04,112,18:40,18:40,NR9,flag,nan,nan,daylight jump > 20%
clean-2025-v1,附件2,光伏发电实际功率,156,DJ,2025-06-04,113,18:50,18:50,NR9,flag,nan,nan,daylight jump > 20%
clean-2025-v1,附件2,光伏发电实际功率,157,AG,2025-06-05,32,5:20,5:20,NR9,flag,nan,nan,daylight jump > 20%
clean-2025-v1,附件2,光伏发电实际功率,157,AH,2025-06-05,33,5:30,5:30,NR9,flag,nan,nan,daylight jump > 20%
clean-2025-v1,附件2,光伏发电实际功率,157,AI,2025-06-05,34,5:40,5:40,NR9,flag,nan,nan,daylight jump > 20%
clean-2025-v1,附件2,光伏发电实际功率,157,AJ,2025-06-05,35,5:50,5:50,NR9,flag,nan,nan,daylight jump > 20%
clean-2025-v1,附件2,光伏发电实际功率,157,AK,2025-06-05,36,6:00,6:00,NR9,flag,nan,nan,daylight jump > 20%
clean-2025-v1,附件2,光伏发电实际功率,157,DF,2025-06-05,109,18:10,18:10,NR9,flag,nan,nan,daylight jump > 20%
clean-2025-v1,附件2,光伏发电实际功率,157,DG,2025-06-05,110,18:20,18:20,NR9,flag,nan,nan,daylight jump > 20%
clean-2025-v1,附件2,光伏发电实际功率,157,DH,2025-06-05,111,18:30,18:30,NR9,flag,nan,nan,daylight jump > 20%
clean-2025-v1,附件2,光伏发电实际功率,157,DI,2025-06-05,112,18:40,18:40,NR9,flag,nan,nan,daylight jump > 20%
clean-2025-v1,附件2,光伏发电实际功率,157,DJ,2025-06-05,113,18:50,18:50,NR9,flag,nan,nan,daylight jump > 20%
clean-2025-v1,附件2,光伏发电实际功率,158,AG,2025-06-06,32,5:20,5:20,NR9,flag,nan,nan,daylight jump > 20%
clean-2025-v1,附件2,光伏发电实际功率,158,AH,2025-06-06,33,5:30,5:30,NR9,flag,nan,nan,daylight jump > 20%
clean-2025-v1,附件2,光伏发电实际功率,158,AI,2025-06-06,34,5:40,5:40,NR9,flag,nan,nan,daylight jump > 20%
clean-2025-v1,附件2,光伏发电实际功率,158,AJ,2025-06-06,35,5:50,5:50,NR9,flag,nan,nan,daylight jump > 20%
clean-2025-v1,附件2,光伏发电实际功率,158,AK,2025-06-06,36,6:00,6:00,NR9,flag,nan,nan,daylight jump > 20%
clean-2025-v1,附件2,光伏发电实际功率,158,DF,2025-06-06,109,18:10,18:10,NR9,flag,nan,nan,daylight jump > 20%
clean-2025-v1,附件2,光伏发电实际功率,158,DG,2025-06-06,110,18:20,18:20,NR9,flag,nan,nan,daylight jump > 20%
clean-2025-v1,附件2,光伏发电实际功率,158,DH,2025-06-06,111,18:30,18:30,NR9,flag,nan,nan,daylight jump > 20%
clean-2025-v1,附件2,光伏发电实际功率,158,DI,2025-06-06,112,18:40,18:40,NR9,flag,nan,nan,daylight jump > 20%
clean-2025-v1,附件2,光伏发电实际功率,158,DJ,2025-06-06,113,18:50,18:50,NR9,flag,nan,nan,daylight jump > 20%
clean-2025-v1,附件2,光伏发电实际功率,159,AG,2025-06-07,32,5:20,5:20,NR9,flag,nan,nan,daylight jump > 20%
clean-2025-v1,附件2,光伏发电实际功率,159,AH,2025-06-07,33,5:30,5:30,NR9,flag,nan,nan,daylight jump > 20%
clean-2025-v1,附件2,光伏发电实际功率,159,AI,2025-06-07,34,5:40,5:40,NR9,flag,nan,nan,daylight jump > 20%
clean-2025-v1,附件2,光伏发电实际功率,159,AJ,2025-06-07,35,5:50,5:50,NR9,flag,nan,nan,daylight jump > 20%
clean-2025-v1,附件2,光伏发电实际功率,159,AK,2025-06-07,36,6:00,6:00,NR9,flag,nan,nan,daylight jump > 20%
clean-2025-v1,附件2,光伏发电实际功率,159,AL,2025-06-07,37,6:10,6:10,NR9,flag,nan,nan,daylight jump > 20%
clean-2025-v1,附件2,光伏发电实际功率,159,DE,2025-06-07,108,18:00,18:00,NR9,flag,nan,nan,daylight jump > 20%
clean-2025-v1,附件2,光伏发电实际功率,159,DF,2025-06-07,109,18:10,18:10,NR9,flag,nan,nan,daylight jump > 20%
clean-2025-v1,附件2,光伏发电实际功率,159,DG,2025-06-07,110,18:20,18:20,NR9,flag,nan,nan,daylight jump > 20%
clean-2025-v1,附件2,光伏发电实际功率,159,DH,2025-06-07,111,18:30,18:30,NR9,flag,nan,nan,daylight jump > 20%
clean-2025-v1,附件2,光伏发电实际功率,159,DI,2025-06-07,112,18:40,18:40,NR9,flag,nan,nan,daylight jump > 20%
clean-2025-v1,附件2,光伏发电实际功率,159,DJ,2025-06-07,113,18:50,18:50,NR9,flag,nan,nan,daylight jump > 20%
clean-2025-v1,附件2,光伏发电实际功率,160,AG,2025-06-08,32,5:20,5:20,NR9,flag,nan,nan,daylight jump > 20%
clean-2025-v1,附件2,光伏发电实际功率,160,AH,2025-06-08,33,5:30,5:30,NR9,flag,nan,nan,daylight jump > 20%
clean-2025-v1,附件2,光伏发电实际功率,160,AI,2025-06-08,34,5:40,5:40,NR9,flag,nan,nan,daylight jump > 20%
clean-2025-v1,附件2,光伏发电实际功率,160,AJ,2025-06-08,35,5:50,5:50,NR9,flag,nan,nan,daylight jump > 20%
clean-2025-v1,附件2,光伏发电实际功率,160,AK,2025-06-08,36,6:00,6:00,NR9,flag,nan,nan,daylight jump > 20%
clean-2025-v1,附件2,光伏发电实际功率,160,DF,2025-06-08,109,18:10,18:10,NR9,flag,nan,nan,daylight jump > 20%
clean-2025-v1,附件2,光伏发电实际功率,160,DG,2025-06-08,110,18:20,18:20,NR9,flag,nan,nan,daylight jump > 20%
clean-2025-v1,附件2,光伏发电实际功率,160,DH,2025-06-08,111,18:30,18:30,NR9,flag,nan,nan,daylight jump > 20%
clean-2025-v1,附件2,光伏发电实际功率,160,DI,2025-06-08,112,18:40,18:40,NR9,flag,nan,nan,daylight jump > 20%
clean-2025-v1,附件2,光伏发电实际功率,160,DJ,2025-06-08,113,18:50,18:50,NR9,flag,nan,nan,daylight jump > 20%
clean-2025-v1,附件2,光伏发电实际功率,161,AG,2025-06-09,32,5:20,5:20,NR9,flag,nan,nan,daylight jump > 20%
clean-2025-v1,附件2,光伏发电实际功率,161,AH,2025-06-09,33,5:30,5:30,NR9,flag,nan,nan,daylight jump > 20%
clean-2025-v1,附件2,光伏发电实际功率,161,AI,2025-06-09,34,5:40,5:40,NR9,flag,nan,nan,daylight jump > 20%
clean-2025-v1,附件2,光伏发电实际功率,161,AJ,2025-06-09,35,5:50,5:50,NR9,flag,nan,nan,daylight jump > 20%
clean-2025-v1,附件2,光伏发电实际功率,161,AK,2025-06-09,36,6:00,6:00,NR9,flag,nan,nan,daylight jump > 20%
clean-2025-v1,附件2,光伏发电实际功率,161,DF,2025-06-09,109,18:10,18:10,NR9,flag,nan,nan,daylight jump > 20%
clean-2025-v1,附件2,光伏发电实际功率,161,DG,2025-06-09,110,18:20,18:20,NR9,flag,nan,nan,daylight jump > 20%
clean-2025-v1,附件2,光伏发电实际功率,161,DH,2025-06-09,111,18:30,18:30,NR9,flag,nan,nan,daylight jump > 20%
clean-2025-v1,附件2,光伏发电实际功率,161,DI,2025-06-09,112,18:40,18:40,NR9,flag,nan,nan,daylight jump > 20%
clean-2025-v1,附件2,光伏发电实际功率,161,DJ,2025-06-09,113,18:50,18:50,NR9,flag,nan,nan,daylight jump > 20%
clean-2025-v1,附件2,光伏发电实际功率,162,AG,2025-06-10,32,5:20,5:20,NR9,flag,nan,nan,daylight jump > 20%
clean-2025-v1,附件2,光伏发电实际功率,162,AH,2025-06-10,33,5:30,5:30,NR9,flag,nan,nan,daylight jump > 20%
clean-2025-v1,附件2,光伏发电实际功率,162,AI,2025-06-10,34,5:40,5:40,NR9,flag,nan,nan,daylight jump > 20%
clean-2025-v1,附件2,光伏发电实际功率,162,AJ,2025-06-10,35,5:50,5:50,NR9,flag,nan,nan,daylight jump > 20%
clean-2025-v1,附件2,光伏发电实际功率,162,AK,2025-06-10,36,6:00,6:00,NR9,flag,nan,nan,daylight jump > 20%
clean-2025-v1,附件2,光伏发电实际功率,162,DF,2025-06-10,109,18:10,18:10,NR9,flag,nan,nan,daylight jump > 20%
clean-2025-v1,附件2,光伏发电实际功率,162,DG,2025-06-10,110,18:20,18:20,NR9,flag,nan,nan,daylight jump > 20%
clean-2025-v1,附件2,光伏发电实际功率,162,DH,2025-06-10,111,18:30,18:30,NR9,flag,nan,nan,daylight jump > 20%
clean-2025-v1,附件2,光伏发电实际功率,162,DI,2025-06-10,112,18:40,18:40,NR9,flag,nan,nan,daylight jump > 20%
clean-2025-v1,附件2,光伏发电实际功率,162,DJ,2025-06-10,113,18:50,18:50,NR9,flag,nan,nan,daylight jump > 20%
clean-2025-v1,附件2,光伏发电实际功率,163,AG,2025-06-11,32,5:20,5:20,NR9,flag,nan,nan,daylight jump > 20%
clean-2025-v1,附件2,光伏发电实际功率,163,AH,2025-06-11,33,5:30,5:30,NR9,flag,nan,nan,daylight jump > 20%
clean-2025-v1,附件2,光伏发电实际功率,163,AI,2025-06-11,34,5:40,5:40,NR9,flag,nan,nan,daylight jump > 20%
clean-2025-v1,附件2,光伏发电实际功率,163,DG,2025-06-11,110,18:20,18:20,NR9,flag,nan,nan,daylight jump > 20%
clean-2025-v1,附件2,光伏发电实际功率,163,DH,2025-06-11,111,18:30,18:30,NR9,flag,nan,nan,daylight jump > 20%
clean-2025-v1,附件2,光伏发电实际功率,163,DI,2025-06-11,112,18:40,18:40,NR9,flag,nan,nan,daylight jump > 20%
clean-2025-v1,附件2,光伏发电实际功率,163,DJ,2025-06-11,113,18:50,18:50,NR9,flag,nan,nan,daylight jump > 20%
clean-2025-v1,附件2,光伏发电实际功率,164,AG,2025-06-12,32,5:20,5:20,NR9,flag,nan,nan,daylight jump > 20%
clean-2025-v1,附件2,光伏发电实际功率,164,AH,2025-06-12,33,5:30,5:30,NR9,flag,nan,nan,daylight jump > 20%
clean-2025-v1,附件2,光伏发电实际功率,164,AI,2025-06-12,34,5:40,5:40,NR9,flag,nan,nan,daylight jump > 20%
clean-2025-v1,附件2,光伏发电实际功率,164,AJ,2025-06-12,35,5:50,5:50,NR9,flag,nan,nan,daylight jump > 20%
clean-2025-v1,附件2,光伏发电实际功率,164,AK,2025-06-12,36,6:00,6:00,NR9,flag,nan,nan,daylight jump > 20%
clean-2025-v1,附件2,光伏发电实际功率,164,DF,2025-06-12,109,18:10,18:10,NR9,flag,nan,nan,daylight jump > 20%
clean-2025-v1,附件2,光伏发电实际功率,164,DG,2025-06-12,110,18:20,18:20,NR9,flag,nan,nan,daylight jump > 20%
clean-2025-v1,附件2,光伏发电实际功率,164,DH,2025-06-12,111,18:30,18:30,NR9,flag,nan,nan,daylight jump > 20%
clean-2025-v1,附件2,光伏发电实际功率,164,DI,2025-06-12,112,18:40,18:40,NR9,flag,nan,nan,daylight jump > 20%
clean-2025-v1,附件2,光伏发电实际功率,164,DJ,2025-06-12,113,18:50,18:50,NR9,flag,nan,nan,daylight jump > 20%
clean-2025-v1,附件2,光伏发电实际功率,165,AG,2025-06-13,32,5:20,5:20,NR9,flag,nan,nan,daylight jump > 20%
clean-2025-v1,附件2,光伏发电实际功率,165,AH,2025-06-13,33,5:30,5:30,NR9,flag,nan,nan,daylight jump > 20%
clean-2025-v1,附件2,光伏发电实际功率,165,AI,2025-06-13,34,5:40,5:40,NR9,flag,nan,nan,daylight jump > 20%
clean-2025-v1,附件2,光伏发电实际功率,165,AJ,2025-06-13,35,5:50,5:50,NR9,flag,nan,nan,daylight jump > 20%
clean-2025-v1,附件2,光伏发电实际功率,165,AK,2025-06-13,36,6:00,6:00,NR9,flag,nan,nan,daylight jump > 20%
clean-2025-v1,附件2,光伏发电实际功率,165,DG,2025-06-13,110,18:20,18:20,NR9,flag,nan,nan,daylight jump > 20%
clean-2025-v1,附件2,光伏发电实际功率,165,DH,2025-06-13,111,18:30,18:30,NR9,flag,nan,nan,daylight jump > 20%
clean-2025-v1,附件2,光伏发电实际功率,165,DI,2025-06-13,112,18:40,18:40,NR9,flag,nan,nan,daylight jump > 20%
clean-2025-v1,附件2,光伏发电实际功率,165,DJ,2025-06-13,113,18:50,18:50,NR9,flag,nan,nan,daylight jump > 20%
clean-2025-v1,附件2,光伏发电实际功率,166,AG,2025-06-14,32,5:20,5:20,NR9,flag,nan,nan,daylight jump > 20%
clean-2025-v1,附件2,光伏发电实际功率,166,AH,2025-06-14,33,5:30,5:30,NR9,flag,nan,nan,daylight jump > 20%
clean-2025-v1,附件2,光伏发电实际功率,166,AI,2025-06-14,34,5:40,5:40,NR9,flag,nan,nan,daylight jump > 20%
clean-2025-v1,附件2,光伏发电实际功率,166,AJ,2025-06-14,35,5:50,5:50,NR9,flag,nan,nan,daylight jump > 20%
clean-2025-v1,附件2,光伏发电实际功率,166,DH,2025-06-14,111,18:30,18:30,NR9,flag,nan,nan,daylight jump > 20%
clean-2025-v1,附件2,光伏发电实际功率,166,DI,2025-06-14,112,18:40,18:40,NR9,flag,nan,nan,daylight jump > 20%
clean-2025-v1,附件2,光伏发电实际功率,166,DJ,2025-06-14,113,18:50,18:50,NR9,flag,nan,nan,daylight jump > 20%
clean-2025-v1,附件2,光伏发电实际功率,167,AG,2025-06-15,32,5:20,5:20,NR9,flag,nan,nan,daylight jump > 20%
clean-2025-v1,附件2,光伏发电实际功率,167,AH,2025-06-15,33,5:30,5:30,NR9,flag,nan,nan,daylight jump > 20%
clean-2025-v1,附件2,光伏发电实际功率,167,AI,2025-06-15,34,5:40,5:40,NR9,flag,nan,nan,daylight jump > 20%
clean-2025-v1,附件2,光伏发电实际功率,167,AJ,2025-06-15,35,5:50,5:50,NR9,flag,nan,nan,daylight jump > 20%
clean-2025-v1,附件2,光伏发电实际功率,167,DG,2025-06-15,110,18:20,18:20,NR9,flag,nan,nan,daylight jump > 20%
clean-2025-v1,附件2,光伏发电实际功率,167,DH,2025-06-15,111,18:30,18:30,NR9,flag,nan,nan,daylight jump > 20%
clean-2025-v1,附件2,光伏发电实际功率,167,DI,2025-06-15,112,18:40,18:40,NR9,flag,nan,nan,daylight jump > 20%
clean-2025-v1,附件2,光伏发电实际功率,167,DJ,2025-06-15,113,18:50,18:50,NR9,flag,nan,nan,daylight jump > 20%
clean-2025-v1,附件2,光伏发电实际功率,168,AG,2025-06-16,32,5:20,5:20,NR9,flag,nan,nan,daylight jump > 20%
clean-2025-v1,附件2,光伏发电实际功率,168,AH,2025-06-16,33,5:30,5:30,NR9,flag,nan,nan,daylight jump > 20%
clean-2025-v1,附件2,光伏发电实际功率,168,AI,2025-06-16,34,5:40,5:40,NR9,flag,nan,nan,daylight jump > 20%
clean-2025-v1,附件2,光伏发电实际功率,168,AJ,2025-06-16,35,5:50,5:50,NR9,flag,nan,nan,daylight jump > 20%
clean-2025-v1,附件2,光伏发电实际功率,168,AK,2025-06-16,36,6:00,6:00,NR9,flag,nan,nan,daylight jump > 20%
clean-2025-v1,附件2,光伏发电实际功率,168,AL,2025-06-16,37,6:10,6:10,NR9,flag,nan,nan,daylight jump > 20%
clean-2025-v1,附件2,光伏发电实际功率,168,DF,2025-06-16,109,18:10,18:10,NR9,flag,nan,nan,daylight jump > 20%
clean-2025-v1,附件2,光伏发电实际功率,168,DG,2025-06-16,110,18:20,18:20,NR9,flag,nan,nan,daylight jump > 20%
clean-2025-v1,附件2,光伏发电实际功率,168,DH,2025-06-16,111,18:30,18:30,NR9,flag,nan,nan,daylight jump > 20%
clean-2025-v1,附件2,光伏发电实际功率,168,DI,2025-06-16,112,18:40,18:40,NR9,flag,nan,nan,daylight jump > 20%
clean-2025-v1,附件2,光伏发电实际功率,168,DJ,2025-06-16,113,18:50,18:50,NR9,flag,nan,nan,daylight jump > 20%
clean-2025-v1,附件2,光伏发电实际功率,169,AG,2025-06-17,32,5:20,5:20,NR9,flag,nan,nan,daylight jump > 20%
clean-2025-v1,附件2,光伏发电实际功率,169,AH,2025-06-17,33,5:30,5:30,NR9,flag,nan,nan,daylight jump > 20%
clean-2025-v1,附件2,光伏发电实际功率,169,AI,2025-06-17,34,5:40,5:40,NR9,flag,nan,nan,daylight jump > 20%
clean-2025-v1,附件2,光伏发电实际功率,169,AJ,2025-06-17,35,5:50,5:50,NR9,flag,nan,nan,daylight jump > 20%
clean-2025-v1,附件2,光伏发电实际功率,169,AK,2025-06-17,36,6:00,6:00,NR9,flag,nan,nan,daylight jump > 20%
clean-2025-v1,附件2,光伏发电实际功率,169,DE,2025-06-17,108,18:00,18:00,NR9,flag,nan,nan,daylight jump > 20%
clean-2025-v1,附件2,光伏发电实际功率,169,DG,2025-06-17,110,18:20,18:20,NR9,flag,nan,nan,daylight jump > 20%
clean-2025-v1,附件2,光伏发电实际功率,169,DH,2025-06-17,111,18:30,18:30,NR9,flag,nan,nan,daylight jump > 20%
clean-2025-v1,附件2,光伏发电实际功率,169,DI,2025-06-17,112,18:40,18:40,NR9,flag,nan,nan,daylight jump > 20%
clean-2025-v1,附件2,光伏发电实际功率,169,DJ,2025-06-17,113,18:50,18:50,NR9,flag,nan,nan,daylight jump > 20%
clean-2025-v1,附件2,光伏发电实际功率,170,AG,2025-06-18,32,5:20,5:20,NR9,flag,nan,nan,daylight jump > 20%
clean-2025-v1,附件2,光伏发电实际功率,170,AH,2025-06-18,33,5:30,5:30,NR9,flag,nan,nan,daylight jump > 20%
clean-2025-v1,附件2,光伏发电实际功率,170,AI,2025-06-18,34,5:40,5:40,NR9,flag,nan,nan,daylight jump > 20%
clean-2025-v1,附件2,光伏发电实际功率,170,AJ,2025-06-18,35,5:50,5:50,NR9,flag,nan,nan,daylight jump > 20%
clean-2025-v1,附件2,光伏发电实际功率,170,DG,2025-06-18,110,18:20,18:20,NR9,flag,nan,nan,daylight jump > 20%
clean-2025-v1,附件2,光伏发电实际功率,170,DH,2025-06-18,111,18:30,18:30,NR9,flag,nan,nan,daylight jump > 20%
clean-2025-v1,附件2,光伏发电实际功率,170,DI,2025-06-18,112,18:40,18:40,NR9,flag,nan,nan,daylight jump > 20%
clean-2025-v1,附件2,光伏发电实际功率,170,DJ,2025-06-18,113,18:50,18:50,NR9,flag,nan,nan,daylight jump > 20%
clean-2025-v1,附件2,光伏发电实际功率,171,AG,2025-06-19,32,5:20,5:20,NR9,flag,nan,nan,daylight jump > 20%
clean-2025-v1,附件2,光伏发电实际功率,171,AH,2025-06-19,33,5:30,5:30,NR9,flag,nan,nan,daylight jump > 20%
clean-2025-v1,附件2,光伏发电实际功率,171,AI,2025-06-19,34,5:40,5:40,NR9,flag,nan,nan,daylight jump > 20%
clean-2025-v1,附件2,光伏发电实际功率,171,DG,2025-06-19,110,18:20,18:20,NR9,flag,nan,nan,daylight jump > 20%
clean-2025-v1,附件2,光伏发电实际功率,171,DH,2025-06-19,111,18:30,18:30,NR9,flag,nan,nan,daylight jump > 20%
clean-2025-v1,附件2,光伏发电实际功率,171,DI,2025-06-19,112,18:40,18:40,NR9,flag,nan,nan,daylight jump > 20%
clean-2025-v1,附件2,光伏发电实际功率,171,DJ,2025-06-19,113,18:50,18:50,NR9,flag,nan,nan,daylight jump > 20%
clean-2025-v1,附件2,光伏发电实际功率,172,AG,2025-06-20,32,5:20,5:20,NR9,flag,nan,nan,daylight jump > 20%
clean-2025-v1,附件2,光伏发电实际功率,172,AH,2025-06-20,33,5:30,5:30,NR9,flag,nan,nan,daylight jump > 20%
clean-2025-v1,附件2,光伏发电实际功率,172,AI,2025-06-20,34,5:40,5:40,NR9,flag,nan,nan,daylight jump > 20%
clean-2025-v1,附件2,光伏发电实际功率,172,AJ,2025-06-20,35,5:50,5:50,NR9,flag,nan,nan,daylight jump > 20%
clean-2025-v1,附件2,光伏发电实际功率,172,DG,2025-06-20,110,18:20,18:20,NR9,flag,nan,nan,daylight jump > 20%
clean-2025-v1,附件2,光伏发电实际功率,172,DH,2025-06-20,111,18:30,18:30,NR9,flag,nan,nan,daylight jump > 20%
clean-2025-v1,附件2,光伏发电实际功率,172,DI,2025-06-20,112,18:40,18:40,NR9,flag,nan,nan,daylight jump > 20%
clean-2025-v1,附件2,光伏发电实际功率,172,DJ,2025-06-20,113,18:50,18:50,NR9,flag,nan,nan,daylight jump > 20%
clean-2025-v1,附件2,光伏发电实际功率,173,AG,2025-06-21,32,5:20,5:20,NR9,flag,nan,nan,daylight jump > 20%
clean-2025-v1,附件2,光伏发电实际功率,173,AH,2025-06-21,33,5:30,5:30,NR9,flag,nan,nan,daylight jump > 20%
clean-2025-v1,附件2,光伏发电实际功率,173,AI,2025-06-21,34,5:40,5:40,NR9,flag,nan,nan,daylight jump > 20%
clean-2025-v1,附件2,光伏发电实际功率,173,AJ,2025-06-21,35,5:50,5:50,NR9,flag,nan,nan,daylight jump > 20%
clean-2025-v1,附件2,光伏发电实际功率,173,AL,2025-06-21,37,6:10,6:10,NR9,flag,nan,nan,daylight jump > 20%
clean-2025-v1,附件2,光伏发电实际功率,173,AM,2025-06-21,38,6:20,6:20,NR9,flag,nan,nan,daylight jump > 20%
clean-2025-v1,附件2,光伏发电实际功率,173,DE,2025-06-21,108,18:00,18:00,NR9,flag,nan,nan,daylight jump > 20%
clean-2025-v1,附件2,光伏发电实际功率,173,DG,2025-06-21,110,18:20,18:20,NR9,flag,nan,nan,daylight jump > 20%
clean-2025-v1,附件2,光伏发电实际功率,173,DH,2025-06-21,111,18:30,18:30,NR9,flag,nan,nan,daylight jump > 20%
clean-2025-v1,附件2,光伏发电实际功率,173,DI,2025-06-21,112,18:40,18:40,NR9,flag,nan,nan,daylight jump > 20%
clean-2025-v1,附件2,光伏发电实际功率,173,DJ,2025-06-21,113,18:50,18:50,NR9,flag,nan,nan,daylight jump > 20%
clean-2025-v1,附件2,光伏发电实际功率,174,AG,2025-06-22,32,5:20,5:20,NR9,flag,nan,nan,daylight jump > 20%
clean-2025-v1,附件2,光伏发电实际功率,174,AH,2025-06-22,33,5:30,5:30,NR9,flag,nan,nan,daylight jump > 20%
clean-2025-v1,附件2,光伏发电实际功率,174,AI,2025-06-22,34,5:40,5:40,NR9,flag,nan,nan,daylight jump > 20%
clean-2025-v1,附件2,光伏发电实际功率,174,AJ,2025-06-22,35,5:50,5:50,NR9,flag,nan,nan,daylight jump > 20%
clean-2025-v1,附件2,光伏发电实际功率,174,AK,2025-06-22,36,6:00,6:00,NR9,flag,nan,nan,daylight jump > 20%
clean-2025-v1,附件2,光伏发电实际功率,174,DG,2025-06-22,110,18:20,18:20,NR9,flag,nan,nan,daylight jump > 20%
clean-2025-v1,附件2,光伏发电实际功率,174,DH,2025-06-22,111,18:30,18:30,NR9,flag,nan,nan,daylight jump > 20%
clean-2025-v1,附件2,光伏发电实际功率,174,DI,2025-06-22,112,18:40,18:40,NR9,flag,nan,nan,daylight jump > 20%
clean-2025-v1,附件2,光伏发电实际功率,174,DJ,2025-06-22,113,18:50,18:50,NR9,flag,nan,nan,daylight jump > 20%
clean-2025-v1,附件2,光伏发电实际功率,175,AG,2025-06-23,32,5:20,5:20,NR9,flag,nan,nan,daylight jump > 20%
clean-2025-v1,附件2,光伏发电实际功率,175,AH,2025-06-23,33,5:30,5:30,NR9,flag,nan,nan,daylight jump > 20%
clean-2025-v1,附件2,光伏发电实际功率,175,AI,2025-06-23,34,5:40,5:40,NR9,flag,nan,nan,daylight jump > 20%
clean-2025-v1,附件2,光伏发电实际功率,175,AJ,2025-06-23,35,5:50,5:50,NR9,flag,nan,nan,daylight jump > 20%
clean-2025-v1,附件2,光伏发电实际功率,175,DG,2025-06-23,110,18:20,18:20,NR9,flag,nan,nan,daylight jump > 20%
clean-2025-v1,附件2,光伏发电实际功率,175,DH,2025-06-23,111,18:30,18:30,NR9,flag,nan,nan,daylight jump > 20%
clean-2025-v1,附件2,光伏发电实际功率,175,DI,2025-06-23,112,18:40,18:40,NR9,flag,nan,nan,daylight jump > 20%
clean-2025-v1,附件2,光伏发电实际功率,175,DJ,2025-06-23,113,18:50,18:50,NR9,flag,nan,nan,daylight jump > 20%
clean-2025-v1,附件2,光伏发电实际功率,176,AG,2025-06-24,32,5:20,5:20,NR9,flag,nan,nan,daylight jump > 20%
clean-2025-v1,附件2,光伏发电实际功率,176,AH,2025-06-24,33,5:30,5:30,NR9,flag,nan,nan,daylight jump > 20%
clean-2025-v1,附件2,光伏发电实际功率,176,AI,2025-06-24,34,5:40,5:40,NR9,flag,nan,nan,daylight jump > 20%
clean-2025-v1,附件2,光伏发电实际功率,176,AJ,2025-06-24,35,5:50,5:50,NR9,flag,nan,nan,daylight jump > 20%
clean-2025-v1,附件2,光伏发电实际功率,176,AK,2025-06-24,36,6:00,6:00,NR9,flag,nan,nan,daylight jump > 20%
clean-2025-v1,附件2,光伏发电实际功率,176,DF,2025-06-24,109,18:10,18:10,NR9,flag,nan,nan,daylight jump > 20%
clean-2025-v1,附件2,光伏发电实际功率,176,DG,2025-06-24,110,18:20,18:20,NR9,flag,nan,nan,daylight jump > 20%
clean-2025-v1,附件2,光伏发电实际功率,176,DH,2025-06-24,111,18:30,18:30,NR9,flag,nan,nan,daylight jump > 20%
clean-2025-v1,附件2,光伏发电实际功率,176,DI,2025-06-24,112,18:40,18:40,NR9,flag,nan,nan,daylight jump > 20%
clean-2025-v1,附件2,光伏发电实际功率,176,DJ,2025-06-24,113,18:50,18:50,NR9,flag,nan,nan,daylight jump > 20%
clean-2025-v1,附件2,光伏发电实际功率,177,AG,2025-06-25,32,5:20,5:20,NR9,flag,nan,nan,daylight jump > 20%
clean-2025-v1,附件2,光伏发电实际功率,177,AH,2025-06-25,33,5:30,5:30,NR9,flag,nan,nan,daylight jump > 20%
clean-2025-v1,附件2,光伏发电实际功率,177,AI,2025-06-25,34,5:40,5:40,NR9,flag,nan,nan,daylight jump > 20%
clean-2025-v1,附件2,光伏发电实际功率,177,AJ,2025-06-25,35,5:50,5:50,NR9,flag,nan,nan,daylight jump > 20%
clean-2025-v1,附件2,光伏发电实际功率,177,AQ,2025-06-25,42,7:00,7:00,NR9,flag,nan,nan,daylight jump > 20%
clean-2025-v1,附件2,光伏发电实际功率,177,DF,2025-06-25,109,18:10,18:10,NR9,flag,nan,nan,daylight jump > 20%
clean-2025-v1,附件2,光伏发电实际功率,177,DG,2025-06-25,110,18:20,18:20,NR9,flag,nan,nan,daylight jump > 20%
clean-2025-v1,附件2,光伏发电实际功率,177,DH,2025-06-25,111,18:30,18:30,NR9,flag,nan,nan,daylight jump > 20%
clean-2025-v1,附件2,光伏发电实际功率,177,DI,2025-06-25,112,18:40,18:40,NR9,flag,nan,nan,daylight jump > 20%
clean-2025-v1,附件2,光伏发电实际功率,177,DJ,2025-06-25,113,18:50,18:50,NR9,flag,nan,nan,daylight jump > 20%
clean-2025-v1,附件2,光伏发电实际功率,178,AG,2025-06-26,32,5:20,5:20,NR9,flag,nan,nan,daylight jump > 20%
clean-2025-v1,附件2,光伏发电实际功率,178,AH,2025-06-26,33,5:30,5:30,NR9,flag,nan,nan,daylight jump > 20%
clean-2025-v1,附件2,光伏发电实际功率,178,AI,2025-06-26,34,5:40,5:40,NR9,flag,nan,nan,daylight jump > 20%
clean-2025-v1,附件2,光伏发电实际功率,178,AJ,2025-06-26,35,5:50,5:50,NR9,flag,nan,nan,daylight jump > 20%
clean-2025-v1,附件2,光伏发电实际功率,178,DF,2025-06-26,109,18:10,18:10,NR9,flag,nan,nan,daylight jump > 20%
clean-2025-v1,附件2,光伏发电实际功率,178,DG,2025-06-26,110,18:20,18:20,NR9,flag,nan,nan,daylight jump > 20%
clean-2025-v1,附件2,光伏发电实际功率,178,DH,2025-06-26,111,18:30,18:30,NR9,flag,nan,nan,daylight jump > 20%
clean-2025-v1,附件2,光伏发电实际功率,178,DI,2025-06-26,112,18:40,18:40,NR9,flag,nan,nan,daylight jump > 20%
clean-2025-v1,附件2,光伏发电实际功率,178,DJ,2025-06-26,113,18:50,18:50,NR9,flag,nan,nan,daylight jump > 20%
clean-2025-v1,附件2,光伏发电实际功率,179,AG,2025-06-27,32,5:20,5:20,NR9,flag,nan,nan,daylight jump > 20%
clean-2025-v1,附件2,光伏发电实际功率,179,AH,2025-06-27,33,5:30,5:30,NR9,flag,nan,nan,daylight jump > 20%
clean-2025-v1,附件2,光伏发电实际功率,179,AI,2025-06-27,34,5:40,5:40,NR9,flag,nan,nan,daylight jump > 20%
clean-2025-v1,附件2,光伏发电实际功率,179,AJ,2025-06-27,35,5:50,5:50,NR9,flag,nan,nan,daylight jump > 20%
clean-2025-v1,附件2,光伏发电实际功率,179,DG,2025-06-27,110,18:20,18:20,NR9,flag,nan,nan,daylight jump > 20%
clean-2025-v1,附件2,光伏发电实际功率,179,DH,2025-06-27,111,18:30,18:30,NR9,flag,nan,nan,daylight jump > 20%
clean-2025-v1,附件2,光伏发电实际功率,179,DI,2025-06-27,112,18:40,18:40,NR9,flag,nan,nan,daylight jump > 20%
clean-2025-v1,附件2,光伏发电实际功率,179,DJ,2025-06-27,113,18:50,18:50,NR9,flag,nan,nan,daylight jump > 20%
clean-2025-v1,附件2,光伏发电实际功率,180,AG,2025-06-28,32,5:20,5:20,NR9,flag,nan,nan,daylight jump > 20%
clean-2025-v1,附件2,光伏发电实际功率,180,AH,2025-06-28,33,5:30,5:30,NR9,flag,nan,nan,daylight jump > 20%
clean-2025-v1,附件2,光伏发电实际功率,180,AI,2025-06-28,34,5:40,5:40,NR9,flag,nan,nan,daylight jump > 20%
clean-2025-v1,附件2,光伏发电实际功率,180,AJ,2025-06-28,35,5:50,5:50,NR9,flag,nan,nan,daylight jump > 20%
clean-2025-v1,附件2,光伏发电实际功率,180,DG,2025-06-28,110,18:20,18:20,NR9,flag,nan,nan,daylight jump > 20%
clean-2025-v1,附件2,光伏发电实际功率,180,DH,2025-06-28,111,18:30,18:30,NR9,flag,nan,nan,daylight jump > 20%
clean-2025-v1,附件2,光伏发电实际功率,180,DI,2025-06-28,112,18:40,18:40,NR9,flag,nan,nan,daylight jump > 20%
clean-2025-v1,附件2,光伏发电实际功率,180,DJ,2025-06-28,113,18:50,18:50,NR9,flag,nan,nan,daylight jump > 20%
clean-2025-v1,附件2,光伏发电实际功率,181,AG,2025-06-29,32,5:20,5:20,NR9,flag,nan,nan,daylight jump > 20%
clean-2025-v1,附件2,光伏发电实际功率,181,AH,2025-06-29,33,5:30,5:30,NR9,flag,nan,nan,daylight jump > 20%
clean-2025-v1,附件2,光伏发电实际功率,181,AI,2025-06-29,34,5:40,5:40,NR9,flag,nan,nan,daylight jump > 20%
clean-2025-v1,附件2,光伏发电实际功率,181,AJ,2025-06-29,35,5:50,5:50,NR9,flag,nan,nan,daylight jump > 20%
clean-2025-v1,附件2,光伏发电实际功率,181,DD,2025-06-29,107,17:50,17:50,NR9,flag,nan,nan,daylight jump > 20%
clean-2025-v1,附件2,光伏发电实际功率,181,DH,2025-06-29,111,18:30,18:30,NR9,flag,nan,nan,daylight jump > 20%
clean-2025-v1,附件2,光伏发电实际功率,181,DI,2025-06-29,112,18:40,18:40,NR9,flag,nan,nan,daylight jump > 20%
clean-2025-v1,附件2,光伏发电实际功率,181,DJ,2025-06-29,113,18:50,18:50,NR9,flag,nan,nan,daylight jump > 20%
clean-2025-v1,附件2,光伏发电实际功率,182,AG,2025-06-30,32,5:20,5:20,NR9,flag,nan,nan,daylight jump > 20%
clean-2025-v1,附件2,光伏发电实际功率,182,AH,2025-06-30,33,5:30,5:30,NR9,flag,nan,nan,daylight jump > 20%
clean-2025-v1,附件2,光伏发电实际功率,182,AI,2025-06-30,34,5:40,5:40,NR9,flag,nan,nan,daylight jump > 20%
clean-2025-v1,附件2,光伏发电实际功率,182,AJ,2025-06-30,35,5:50,5:50,NR9,flag,nan,nan,daylight jump > 20%
clean-2025-v1,附件2,光伏发电实际功率,182,DF,2025-06-30,109,18:10,18:10,NR9,flag,nan,nan,daylight jump > 20%
clean-2025-v1,附件2,光伏发电实际功率,182,DG,2025-06-30,110,18:20,18:20,NR9,flag,nan,nan,daylight jump > 20%
clean-2025-v1,附件2,光伏发电实际功率,182,DH,2025-06-30,111,18:30,18:30,NR9,flag,nan,nan,daylight jump > 20%
clean-2025-v1,附件2,光伏发电实际功率,182,DI,2025-06-30,112,18:40,18:40,NR9,flag,nan,nan,daylight jump > 20%
clean-2025-v1,附件2,光伏发电实际功率,182,DJ,2025-06-30,113,18:50,18:50,NR9,flag,nan,nan,daylight jump > 20%
clean-2025-v1,附件2,光伏发电实际功率,183,AG,2025-07-01,32,5:20,5:20,NR9,flag,nan,nan,daylight jump > 20%
clean-2025-v1,附件2,光伏发电实际功率,183,AH,2025-07-01,33,5:30,5:30,NR9,flag,nan,nan,daylight jump > 20%
clean-2025-v1,附件2,光伏发电实际功率,183,AI,2025-07-01,34,5:40,5:40,NR9,flag,nan,nan,daylight jump > 20%
clean-2025-v1,附件2,光伏发电实际功率,183,AJ,2025-07-01,35,5:50,5:50,NR9,flag,nan,nan,daylight jump > 20%
clean-2025-v1,附件2,光伏发电实际功率,183,DG,2025-07-01,110,18:20,18:20,NR9,flag,nan,nan,daylight jump > 20%
clean-2025-v1,附件2,光伏发电实际功率,183,DH,2025-07-01,111,18:30,18:30,NR9,flag,nan,nan,daylight jump > 20%
clean-2025-v1,附件2,光伏发电实际功率,183,DI,2025-07-01,112,18:40,18:40,NR9,flag,nan,nan,daylight jump > 20%
clean-2025-v1,附件2,光伏发电实际功率,183,DJ,2025-07-01,113,18:50,18:50,NR9,flag,nan,nan,daylight jump > 20%
clean-2025-v1,附件2,光伏发电实际功率,184,AG,2025-07-02,32,5:20,5:20,NR9,flag,nan,nan,daylight jump > 20%
clean-2025-v1,附件2,光伏发电实际功率,184,AH,2025-07-02,33,5:30,5:30,NR9,flag,nan,nan,daylight jump > 20%
clean-2025-v1,附件2,光伏发电实际功率,184,AI,2025-07-02,34,5:40,5:40,NR9,flag,nan,nan,daylight jump > 20%
clean-2025-v1,附件2,光伏发电实际功率,184,AJ,2025-07-02,35,5:50,5:50,NR9,flag,nan,nan,daylight jump > 20%
clean-2025-v1,附件2,光伏发电实际功率,184,AK,2025-07-02,36,6:00,6:00,NR9,flag,nan,nan,daylight jump > 20%
clean-2025-v1,附件2,光伏发电实际功率,184,DG,2025-07-02,110,18:20,18:20,NR9,flag,nan,nan,daylight jump > 20%
clean-2025-v1,附件2,光伏发电实际功率,184,DH,2025-07-02,111,18:30,18:30,NR9,flag,nan,nan,daylight jump > 20%
clean-2025-v1,附件2,光伏发电实际功率,184,DI,2025-07-02,112,18:40,18:40,NR9,flag,nan,nan,daylight jump > 20%
clean-2025-v1,附件2,光伏发电实际功率,184,DJ,2025-07-02,113,18:50,18:50,NR9,flag,nan,nan,daylight jump > 20%
clean-2025-v1,附件2,光伏发电实际功率,185,AG,2025-07-03,32,5:20,5:20,NR9,flag,nan,nan,daylight jump > 20%
clean-2025-v1,附件2,光伏发电实际功率,185,AH,2025-07-03,33,5:30,5:30,NR9,flag,nan,nan,daylight jump > 20%
clean-2025-v1,附件2,光伏发电实际功率,185,AI,2025-07-03,34,5:40,5:40,NR9,flag,nan,nan,daylight jump > 20%
clean-2025-v1,附件2,光伏发电实际功率,185,AJ,2025-07-03,35,5:50,5:50,NR9,flag,nan,nan,daylight jump > 20%
clean-2025-v1,附件2,光伏发电实际功率,185,AK,2025-07-03,36,6:00,6:00,NR9,flag,nan,nan,daylight jump > 20%
clean-2025-v1,附件2,光伏发电实际功率,185,DG,2025-07-03,110,18:20,18:20,NR9,flag,nan,nan,daylight jump > 20%
clean-2025-v1,附件2,光伏发电实际功率,185,DH,2025-07-03,111,18:30,18:30,NR9,flag,nan,nan,daylight jump > 20%
clean-2025-v1,附件2,光伏发电实际功率,185,DI,2025-07-03,112,18:40,18:40,NR9,flag,nan,nan,daylight jump > 20%
clean-2025-v1,附件2,光伏发电实际功率,185,DJ,2025-07-03,113,18:50,18:50,NR9,flag,nan,nan,daylight jump > 20%
clean-2025-v1,附件2,光伏发电实际功率,186,AG,2025-07-04,32,5:20,5:20,NR9,flag,nan,nan,daylight jump > 20%
clean-2025-v1,附件2,光伏发电实际功率,186,AH,2025-07-04,33,5:30,5:30,NR9,flag,nan,nan,daylight jump > 20%
clean-2025-v1,附件2,光伏发电实际功率,186,AI,2025-07-04,34,5:40,5:40,NR9,flag,nan,nan,daylight jump > 20%
clean-2025-v1,附件2,光伏发电实际功率,186,AJ,2025-07-04,35,5:50,5:50,NR9,flag,nan,nan,daylight jump > 20%
clean-2025-v1,附件2,光伏发电实际功率,186,AK,2025-07-04,36,6:00,6:00,NR9,flag,nan,nan,daylight jump > 20%
clean-2025-v1,附件2,光伏发电实际功率,186,DF,2025-07-04,109,18:10,18:10,NR9,flag,nan,nan,daylight jump > 20%
clean-2025-v1,附件2,光伏发电实际功率,186,DG,2025-07-04,110,18:20,18:20,NR9,flag,nan,nan,daylight jump > 20%
clean-2025-v1,附件2,光伏发电实际功率,186,DH,2025-07-04,111,18:30,18:30,NR9,flag,nan,nan,daylight jump > 20%
clean-2025-v1,附件2,光伏发电实际功率,186,DI,2025-07-04,112,18:40,18:40,NR9,flag,nan,nan,daylight jump > 20%
clean-2025-v1,附件2,光伏发电实际功率,186,DJ,2025-07-04,113,18:50,18:50,NR9,flag,nan,nan,daylight jump > 20%
clean-2025-v1,附件2,光伏发电实际功率,187,AG,2025-07-05,32,5:20,5:20,NR9,flag,nan,nan,daylight jump > 20%
clean-2025-v1,附件2,光伏发电实际功率,187,AH,2025-07-05,33,5:30,5:30,NR9,flag,nan,nan,daylight jump > 20%
clean-2025-v1,附件2,光伏发电实际功率,187,AI,2025-07-05,34,5:40,5:40,NR9,flag,nan,nan,daylight jump > 20%
clean-2025-v1,附件2,光伏发电实际功率,187,AL,2025-07-05,37,6:10,6:10,NR9,flag,nan,nan,daylight jump > 20%
clean-2025-v1,附件2,光伏发电实际功率,187,DF,2025-07-05,109,18:10,18:10,NR9,flag,nan,nan,daylight jump > 20%
clean-2025-v1,附件2,光伏发电实际功率,187,DG,2025-07-05,110,18:20,18:20,NR9,flag,nan,nan,daylight jump > 20%
clean-2025-v1,附件2,光伏发电实际功率,187,DH,2025-07-05,111,18:30,18:30,NR9,flag,nan,nan,daylight jump > 20%
clean-2025-v1,附件2,光伏发电实际功率,187,DI,2025-07-05,112,18:40,18:40,NR9,flag,nan,nan,daylight jump > 20%
clean-2025-v1,附件2,光伏发电实际功率,187,DJ,2025-07-05,113,18:50,18:50,NR9,flag,nan,nan,daylight jump > 20%
clean-2025-v1,附件2,光伏发电实际功率,188,AG,2025-07-06,32,5:20,5:20,NR9,flag,nan,nan,daylight jump > 20%
clean-2025-v1,附件2,光伏发电实际功率,188,AH,2025-07-06,33,5:30,5:30,NR9,flag,nan,nan,daylight jump > 20%
clean-2025-v1,附件2,光伏发电实际功率,188,AI,2025-07-06,34,5:40,5:40,NR9,flag,nan,nan,daylight jump > 20%
clean-2025-v1,附件2,光伏发电实际功率,188,AJ,2025-07-06,35,5:50,5:50,NR9,flag,nan,nan,daylight jump > 20%
clean-2025-v1,附件2,光伏发电实际功率,188,DF,2025-07-06,109,18:10,18:10,NR9,flag,nan,nan,daylight jump > 20%
clean-2025-v1,附件2,光伏发电实际功率,188,DG,2025-07-06,110,18:20,18:20,NR9,flag,nan,nan,daylight jump > 20%
clean-2025-v1,附件2,光伏发电实际功率,188,DH,2025-07-06,111,18:30,18:30,NR9,flag,nan,nan,daylight jump > 20%
clean-2025-v1,附件2,光伏发电实际功率,188,DI,2025-07-06,112,18:40,18:40,NR9,flag,nan,nan,daylight jump > 20%
clean-2025-v1,附件2,光伏发电实际功率,188,DJ,2025-07-06,113,18:50,18:50,NR9,flag,nan,nan,daylight jump > 20%
clean-2025-v1,附件2,光伏发电实际功率,189,AG,2025-07-07,32,5:20,5:20,NR9,flag,nan,nan,daylight jump > 20%
clean-2025-v1,附件2,光伏发电实际功率,189,AH,2025-07-07,33,5:30,5:30,NR9,flag,nan,nan,daylight jump > 20%
clean-2025-v1,附件2,光伏发电实际功率,189,AI,2025-07-07,34,5:40,5:40,NR9,flag,nan,nan,daylight jump > 20%
clean-2025-v1,附件2,光伏发电实际功率,189,AJ,2025-07-07,35,5:50,5:50,NR9,flag,nan,nan,daylight jump > 20%
clean-2025-v1,附件2,光伏发电实际功率,189,AK,2025-07-07,36,6:00,6:00,NR9,flag,nan,nan,daylight jump > 20%
clean-2025-v1,附件2,光伏发电实际功率,189,DG,2025-07-07,110,18:20,18:20,NR9,flag,nan,nan,daylight jump > 20%
clean-2025-v1,附件2,光伏发电实际功率,189,DH,2025-07-07,111,18:30,18:30,NR9,flag,nan,nan,daylight jump > 20%
clean-2025-v1,附件2,光伏发电实际功率,189,DI,2025-07-07,112,18:40,18:40,NR9,flag,nan,nan,daylight jump > 20%
clean-2025-v1,附件2,光伏发电实际功率,189,DJ,2025-07-07,113,18:50,18:50,NR9,flag,nan,nan,daylight jump > 20%
clean-2025-v1,附件2,光伏发电实际功率,190,AH,2025-07-08,33,5:30,5:30,NR9,flag,nan,nan,daylight jump > 20%
clean-2025-v1,附件2,光伏发电实际功率,190,AI,2025-07-08,34,5:40,5:40,NR9,flag,nan,nan,daylight jump > 20%
clean-2025-v1,附件2,光伏发电实际功率,190,AJ,2025-07-08,35,5:50,5:50,NR9,flag,nan,nan,daylight jump > 20%
clean-2025-v1,附件2,光伏发电实际功率,190,AK,2025-07-08,36,6:00,6:00,NR9,flag,nan,nan,daylight jump > 20%
clean-2025-v1,附件2,光伏发电实际功率,190,DD,2025-07-08,107,17:50,17:50,NR9,flag,nan,nan,daylight jump > 20%
clean-2025-v1,附件2,光伏发电实际功率,190,DE,2025-07-08,108,18:00,18:00,NR9,flag,nan,nan,daylight jump > 20%
clean-2025-v1,附件2,光伏发电实际功率,190,DH,2025-07-08,111,18:30,18:30,NR9,flag,nan,nan,daylight jump > 20%
clean-2025-v1,附件2,光伏发电实际功率,190,DI,2025-07-08,112,18:40,18:40,NR9,flag,nan,nan,daylight jump > 20%
clean-2025-v1,附件2,光伏发电实际功率,190,DJ,2025-07-08,113,18:50,18:50,NR9,flag,nan,nan,daylight jump > 20%
clean-2025-v1,附件2,光伏发电实际功率,191,AG,2025-07-09,32,5:20,5:20,NR9,flag,nan,nan,daylight jump > 20%
clean-2025-v1,附件2,光伏发电实际功率,191,AH,2025-07-09,33,5:30,5:30,NR9,flag,nan,nan,daylight jump > 20%
clean-2025-v1,附件2,光伏发电实际功率,191,AI,2025-07-09,34,5:40,5:40,NR9,flag,nan,nan,daylight jump > 20%
clean-2025-v1,附件2,光伏发电实际功率,191,AJ,2025-07-09,35,5:50,5:50,NR9,flag,nan,nan,daylight jump > 20%
clean-2025-v1,附件2,光伏发电实际功率,191,AK,2025-07-09,36,6:00,6:00,NR9,flag,nan,nan,daylight jump > 20%
clean-2025-v1,附件2,光伏发电实际功率,191,DG,2025-07-09,110,18:20,18:20,NR9,flag,nan,nan,daylight jump > 20%
clean-2025-v1,附件2,光伏发电实际功率,191,DH,2025-07-09,111,18:30,18:30,NR9,flag,nan,nan,daylight jump > 20%
clean-2025-v1,附件2,光伏发电实际功率,191,DI,2025-07-09,112,18:40,18:40,NR9,flag,nan,nan,daylight jump > 20%
clean-2025-v1,附件2,光伏发电实际功率,191,DJ,2025-07-09,113,18:50,18:50,NR9,flag,nan,nan,daylight jump > 20%
clean-2025-v1,附件2,光伏发电实际功率,192,AG,2025-07-10,32,5:20,5:20,NR9,flag,nan,nan,daylight jump > 20%
clean-2025-v1,附件2,光伏发电实际功率,192,AH,2025-07-10,33,5:30,5:30,NR9,flag,nan,nan,daylight jump > 20%
clean-2025-v1,附件2,光伏发电实际功率,192,AI,2025-07-10,34,5:40,5:40,NR9,flag,nan,nan,daylight jump > 20%
clean-2025-v1,附件2,光伏发电实际功率,192,AJ,2025-07-10,35,5:50,5:50,NR9,flag,nan,nan,daylight jump > 20%
clean-2025-v1,附件2,光伏发电实际功率,192,AK,2025-07-10,36,6:00,6:00,NR9,flag,nan,nan,daylight jump > 20%
clean-2025-v1,附件2,光伏发电实际功率,192,DG,2025-07-10,110,18:20,18:20,NR9,flag,nan,nan,daylight jump > 20%
clean-2025-v1,附件2,光伏发电实际功率,192,DH,2025-07-10,111,18:30,18:30,NR9,flag,nan,nan,daylight jump > 20%
clean-2025-v1,附件2,光伏发电实际功率,192,DI,2025-07-10,112,18:40,18:40,NR9,flag,nan,nan,daylight jump > 20%
clean-2025-v1,附件2,光伏发电实际功率,192,DJ,2025-07-10,113,18:50,18:50,NR9,flag,nan,nan,daylight jump > 20%
clean-2025-v1,附件2,光伏发电实际功率,193,AG,2025-07-11,32,5:20,5:20,NR9,flag,nan,nan,daylight jump > 20%
clean-2025-v1,附件2,光伏发电实际功率,193,AH,2025-07-11,33,5:30,5:30,NR9,flag,nan,nan,daylight jump > 20%
clean-2025-v1,附件2,光伏发电实际功率,193,AI,2025-07-11,34,5:40,5:40,NR9,flag,nan,nan,daylight jump > 20%
clean-2025-v1,附件2,光伏发电实际功率,193,AJ,2025-07-11,35,5:50,5:50,NR9,flag,nan,nan,daylight jump > 20%
clean-2025-v1,附件2,光伏发电实际功率,193,AK,2025-07-11,36,6:00,6:00,NR9,flag,nan,nan,daylight jump > 20%
clean-2025-v1,附件2,光伏发电实际功率,193,DE,2025-07-11,108,18:00,18:00,NR9,flag,nan,nan,daylight jump > 20%
clean-2025-v1,附件2,光伏发电实际功率,193,DF,2025-07-11,109,18:10,18:10,NR9,flag,nan,nan,daylight jump > 20%
clean-2025-v1,附件2,光伏发电实际功率,193,DG,2025-07-11,110,18:20,18:20,NR9,flag,nan,nan,daylight jump > 20%
clean-2025-v1,附件2,光伏发电实际功率,193,DH,2025-07-11,111,18:30,18:30,NR9,flag,nan,nan,daylight jump > 20%
clean-2025-v1,附件2,光伏发电实际功率,193,DI,2025-07-11,112,18:40,18:40,NR9,flag,nan,nan,daylight jump > 20%
clean-2025-v1,附件2,光伏发电实际功率,193,DJ,2025-07-11,113,18:50,18:50,NR9,flag,nan,nan,daylight jump > 20%
clean-2025-v1,附件2,光伏发电实际功率,194,AG,2025-07-12,32,5:20,5:20,NR9,flag,nan,nan,daylight jump > 20%
clean-2025-v1,附件2,光伏发电实际功率,194,AH,2025-07-12,33,5:30,5:30,NR9,flag,nan,nan,daylight jump > 20%
clean-2025-v1,附件2,光伏发电实际功率,194,AI,2025-07-12,34,5:40,5:40,NR9,flag,nan,nan,daylight jump > 20%
clean-2025-v1,附件2,光伏发电实际功率,194,AJ,2025-07-12,35,5:50,5:50,NR9,flag,nan,nan,daylight jump > 20%
clean-2025-v1,附件2,光伏发电实际功率,194,DF,2025-07-12,109,18:10,18:10,NR9,flag,nan,nan,daylight jump > 20%
clean-2025-v1,附件2,光伏发电实际功率,194,DG,2025-07-12,110,18:20,18:20,NR9,flag,nan,nan,daylight jump > 20%
clean-2025-v1,附件2,光伏发电实际功率,194,DH,2025-07-12,111,18:30,18:30,NR9,flag,nan,nan,daylight jump > 20%
clean-2025-v1,附件2,光伏发电实际功率,194,DI,2025-07-12,112,18:40,18:40,NR9,flag,nan,nan,daylight jump > 20%
clean-2025-v1,附件2,光伏发电实际功率,194,DJ,2025-07-12,113,18:50,18:50,NR9,flag,nan,nan,daylight jump > 20%
clean-2025-v1,附件2,光伏发电实际功率,195,AG,2025-07-13,32,5:20,5:20,NR9,flag,nan,nan,daylight jump > 20%
clean-2025-v1,附件2,光伏发电实际功率,195,AH,2025-07-13,33,5:30,5:30,NR9,flag,nan,nan,daylight jump > 20%
clean-2025-v1,附件2,光伏发电实际功率,195,AI,2025-07-13,34,5:40,5:40,NR9,flag,nan,nan,daylight jump > 20%
clean-2025-v1,附件2,光伏发电实际功率,195,AJ,2025-07-13,35,5:50,5:50,NR9,flag,nan,nan,daylight jump > 20%
clean-2025-v1,附件2,光伏发电实际功率,195,AK,2025-07-13,36,6:00,6:00,NR9,flag,nan,nan,daylight jump > 20%
clean-2025-v1,附件2,光伏发电实际功率,195,DE,2025-07-13,108,18:00,18:00,NR9,flag,nan,nan,daylight jump > 20%
clean-2025-v1,附件2,光伏发电实际功率,195,DF,2025-07-13,109,18:10,18:10,NR9,flag,nan,nan,daylight jump > 20%
clean-2025-v1,附件2,光伏发电实际功率,195,DG,2025-07-13,110,18:20,18:20,NR9,flag,nan,nan,daylight jump > 20%
clean-2025-v1,附件2,光伏发电实际功率,195,DH,2025-07-13,111,18:30,18:30,NR9,flag,nan,nan,daylight jump > 20%
clean-2025-v1,附件2,光伏发电实际功率,195,DI,2025-07-13,112,18:40,18:40,NR9,flag,nan,nan,daylight jump > 20%
clean-2025-v1,附件2,光伏发电实际功率,196,AG,2025-07-14,32,5:20,5:20,NR9,flag,nan,nan,daylight jump > 20%
clean-2025-v1,附件2,光伏发电实际功率,196,AH,2025-07-14,33,5:30,5:30,NR9,flag,nan,nan,daylight jump > 20%
clean-2025-v1,附件2,光伏发电实际功率,196,AI,2025-07-14,34,5:40,5:40,NR9,flag,nan,nan,daylight jump > 20%
clean-2025-v1,附件2,光伏发电实际功率,196,AJ,2025-07-14,35,5:50,5:50,NR9,flag,nan,nan,daylight jump > 20%
clean-2025-v1,附件2,光伏发电实际功率,196,AK,2025-07-14,36,6:00,6:00,NR9,flag,nan,nan,daylight jump > 20%
clean-2025-v1,附件2,光伏发电实际功率,196,DE,2025-07-14,108,18:00,18:00,NR9,flag,nan,nan,daylight jump > 20%
clean-2025-v1,附件2,光伏发电实际功率,196,DF,2025-07-14,109,18:10,18:10,NR9,flag,nan,nan,daylight jump > 20%
clean-2025-v1,附件2,光伏发电实际功率,196,DG,2025-07-14,110,18:20,18:20,NR9,flag,nan,nan,daylight jump > 20%
clean-2025-v1,附件2,光伏发电实际功率,196,DH,2025-07-14,111,18:30,18:30,NR9,flag,nan,nan,daylight jump > 20%
clean-2025-v1,附件2,光伏发电实际功率,196,DI,2025-07-14,112,18:40,18:40,NR9,flag,nan,nan,daylight jump > 20%
clean-2025-v1,附件2,光伏发电实际功率,197,AH,2025-07-15,33,5:30,5:30,NR9,flag,nan,nan,daylight jump > 20%
clean-2025-v1,附件2,光伏发电实际功率,197,AI,2025-07-15,34,5:40,5:40,NR9,flag,nan,nan,daylight jump > 20%
clean-2025-v1,附件2,光伏发电实际功率,197,AJ,2025-07-15,35,5:50,5:50,NR9,flag,nan,nan,daylight jump > 20%
clean-2025-v1,附件2,光伏发电实际功率,197,AK,2025-07-15,36,6:00,6:00,NR9,flag,nan,nan,daylight jump > 20%
clean-2025-v1,附件2,光伏发电实际功率,197,DF,2025-07-15,109,18:10,18:10,NR9,flag,nan,nan,daylight jump > 20%
clean-2025-v1,附件2,光伏发电实际功率,197,DG,2025-07-15,110,18:20,18:20,NR9,flag,nan,nan,daylight jump > 20%
clean-2025-v1,附件2,光伏发电实际功率,197,DH,2025-07-15,111,18:30,18:30,NR9,flag,nan,nan,daylight jump > 20%
clean-2025-v1,附件2,光伏发电实际功率,197,DI,2025-07-15,112,18:40,18:40,NR9,flag,nan,nan,daylight jump > 20%
clean-2025-v1,附件2,光伏发电实际功率,198,AH,2025-07-16,33,5:30,5:30,NR9,flag,nan,nan,daylight jump > 20%
clean-2025-v1,附件2,光伏发电实际功率,198,AI,2025-07-16,34,5:40,5:40,NR9,flag,nan,nan,daylight jump > 20%
clean-2025-v1,附件2,光伏发电实际功率,198,AJ,2025-07-16,35,5:50,5:50,NR9,flag,nan,nan,daylight jump > 20%
clean-2025-v1,附件2,光伏发电实际功率,198,AK,2025-07-16,36,6:00,6:00,NR9,flag,nan,nan,daylight jump > 20%
clean-2025-v1,附件2,光伏发电实际功率,198,DF,2025-07-16,109,18:10,18:10,NR9,flag,nan,nan,daylight jump > 20%
clean-2025-v1,附件2,光伏发电实际功率,198,DG,2025-07-16,110,18:20,18:20,NR9,flag,nan,nan,daylight jump > 20%
clean-2025-v1,附件2,光伏发电实际功率,198,DH,2025-07-16,111,18:30,18:30,NR9,flag,nan,nan,daylight jump > 20%
clean-2025-v1,附件2,光伏发电实际功率,198,DI,2025-07-16,112,18:40,18:40,NR9,flag,nan,nan,daylight jump > 20%
clean-2025-v1,附件2,光伏发电实际功率,199,AH,2025-07-17,33,5:30,5:30,NR9,flag,nan,nan,daylight jump > 20%
clean-2025-v1,附件2,光伏发电实际功率,199,AI,2025-07-17,34,5:40,5:40,NR9,flag,nan,nan,daylight jump > 20%
clean-2025-v1,附件2,光伏发电实际功率,199,AJ,2025-07-17,35,5:50,5:50,NR9,flag,nan,nan,daylight jump > 20%
clean-2025-v1,附件2,光伏发电实际功率,199,AK,2025-07-17,36,6:00,6:00,NR9,flag,nan,nan,daylight jump > 20%
clean-2025-v1,附件2,光伏发电实际功率,199,DF,2025-07-17,109,18:10,18:10,NR9,flag,nan,nan,daylight jump > 20%
clean-2025-v1,附件2,光伏发电实际功率,199,DG,2025-07-17,110,18:20,18:20,NR9,flag,nan,nan,daylight jump > 20%
clean-2025-v1,附件2,光伏发电实际功率,199,DH,2025-07-17,111,18:30,18:30,NR9,flag,nan,nan,daylight jump > 20%
clean-2025-v1,附件2,光伏发电实际功率,199,DI,2025-07-17,112,18:40,18:40,NR9,flag,nan,nan,daylight jump > 20%
clean-2025-v1,附件2,光伏发电实际功率,200,AH,2025-07-18,33,5:30,5:30,NR9,flag,nan,nan,daylight jump > 20%
clean-2025-v1,附件2,光伏发电实际功率,200,AI,2025-07-18,34,5:40,5:40,NR9,flag,nan,nan,daylight jump > 20%
clean-2025-v1,附件2,光伏发电实际功率,200,AJ,2025-07-18,35,5:50,5:50,NR9,flag,nan,nan,daylight jump > 20%
clean-2025-v1,附件2,光伏发电实际功率,200,AK,2025-07-18,36,6:00,6:00,NR9,flag,nan,nan,daylight jump > 20%
clean-2025-v1,附件2,光伏发电实际功率,200,DG,2025-07-18,110,18:20,18:20,NR9,flag,nan,nan,daylight jump > 20%
clean-2025-v1,附件2,光伏发电实际功率,200,DH,2025-07-18,111,18:30,18:30,NR9,flag,nan,nan,daylight jump > 20%
clean-2025-v1,附件2,光伏发电实际功率,200,DI,2025-07-18,112,18:40,18:40,NR9,flag,nan,nan,daylight jump > 20%
clean-2025-v1,附件2,光伏发电实际功率,201,AH,2025-07-19,33,5:30,5:30,NR9,flag,nan,nan,daylight jump > 20%
clean-2025-v1,附件2,光伏发电实际功率,201,AI,2025-07-19,34,5:40,5:40,NR9,flag,nan,nan,daylight jump > 20%
clean-2025-v1,附件2,光伏发电实际功率,201,AJ,2025-07-19,35,5:50,5:50,NR9,flag,nan,nan,daylight jump > 20%
clean-2025-v1,附件2,光伏发电实际功率,201,AK,2025-07-19,36,6:00,6:00,NR9,flag,nan,nan,daylight jump > 20%
clean-2025-v1,附件2,光伏发电实际功率,201,AL,2025-07-19,37,6:10,6:10,NR9,flag,nan,nan,daylight jump > 20%
clean-2025-v1,附件2,光伏发电实际功率,201,AM,2025-07-19,38,6:20,6:20,NR9,flag,nan,nan,daylight jump > 20%
clean-2025-v1,附件2,光伏发电实际功率,201,DD,2025-07-19,107,17:50,17:50,NR9,flag,nan,nan,daylight jump > 20%
clean-2025-v1,附件2,光伏发电实际功率,201,DE,2025-07-19,108,18:00,18:00,NR9,flag,nan,nan,daylight jump > 20%
clean-2025-v1,附件2,光伏发电实际功率,201,DF,2025-07-19,109,18:10,18:10,NR9,flag,nan,nan,daylight jump > 20%
clean-2025-v1,附件2,光伏发电实际功率,201,DG,2025-07-19,110,18:20,18:20,NR9,flag,nan,nan,daylight jump > 20%
clean-2025-v1,附件2,光伏发电实际功率,201,DH,2025-07-19,111,18:30,18:30,NR9,flag,nan,nan,daylight jump > 20%
clean-2025-v1,附件2,光伏发电实际功率,201,DI,2025-07-19,112,18:40,18:40,NR9,flag,nan,nan,daylight jump > 20%
clean-2025-v1,附件2,光伏发电实际功率,202,AH,2025-07-20,33,5:30,5:30,NR9,flag,nan,nan,daylight jump > 20%
clean-2025-v1,附件2,光伏发电实际功率,202,AI,2025-07-20,34,5:40,5:40,NR9,flag,nan,nan,daylight jump > 20%
clean-2025-v1,附件2,光伏发电实际功率,202,AJ,2025-07-20,35,5:50,5:50,NR9,flag,nan,nan,daylight jump > 20%
clean-2025-v1,附件2,光伏发电实际功率,202,AK,2025-07-20,36,6:00,6:00,NR9,flag,nan,nan,daylight jump > 20%
clean-2025-v1,附件2,光伏发电实际功率,202,DE,2025-07-20,108,18:00,18:00,NR9,flag,nan,nan,daylight jump > 20%
clean-2025-v1,附件2,光伏发电实际功率,202,DF,2025-07-20,109,18:10,18:10,NR9,flag,nan,nan,daylight jump > 20%
clean-2025-v1,附件2,光伏发电实际功率,202,DG,2025-07-20,110,18:20,18:20,NR9,flag,nan,nan,daylight jump > 20%
clean-2025-v1,附件2,光伏发电实际功率,202,DH,2025-07-20,111,18:30,18:30,NR9,flag,nan,nan,daylight jump > 20%
clean-2025-v1,附件2,光伏发电实际功率,202,DI,2025-07-20,112,18:40,18:40,NR9,flag,nan,nan,daylight jump > 20%
clean-2025-v1,附件2,光伏发电实际功率,203,AH,2025-07-21,33,5:30,5:30,NR9,flag,nan,nan,daylight jump > 20%
clean-2025-v1,附件2,光伏发电实际功率,203,AI,2025-07-21,34,5:40,5:40,NR9,flag,nan,nan,daylight jump > 20%
clean-2025-v1,附件2,光伏发电实际功率,203,AJ,2025-07-21,35,5:50,5:50,NR9,flag,nan,nan,daylight jump > 20%
clean-2025-v1,附件2,光伏发电实际功率,203,AK,2025-07-21,36,6:00,6:00,NR9,flag,nan,nan,daylight jump > 20%
clean-2025-v1,附件2,光伏发电实际功率,203,DF,2025-07-21,109,18:10,18:10,NR9,flag,nan,nan,daylight jump > 20%
clean-2025-v1,附件2,光伏发电实际功率,203,DG,2025-07-21,110,18:20,18:20,NR9,flag,nan,nan,daylight jump > 20%
clean-2025-v1,附件2,光伏发电实际功率,203,DH,2025-07-21,111,18:30,18:30,NR9,flag,nan,nan,daylight jump > 20%
clean-2025-v1,附件2,光伏发电实际功率,203,DI,2025-07-21,112,18:40,18:40,NR9,flag,nan,nan,daylight jump > 20%
clean-2025-v1,附件2,光伏发电实际功率,204,AH,2025-07-22,33,5:30,5:30,NR9,flag,nan,nan,daylight jump > 20%
clean-2025-v1,附件2,光伏发电实际功率,204,AI,2025-07-22,34,5:40,5:40,NR9,flag,nan,nan,daylight jump > 20%
clean-2025-v1,附件2,光伏发电实际功率,204,AJ,2025-07-22,35,5:50,5:50,NR9,flag,nan,nan,daylight jump > 20%
clean-2025-v1,附件2,光伏发电实际功率,204,AK,2025-07-22,36,6:00,6:00,NR9,flag,nan,nan,daylight jump > 20%
clean-2025-v1,附件2,光伏发电实际功率,204,DF,2025-07-22,109,18:10,18:10,NR9,flag,nan,nan,daylight jump > 20%
clean-2025-v1,附件2,光伏发电实际功率,204,DG,2025-07-22,110,18:20,18:20,NR9,flag,nan,nan,daylight jump > 20%
clean-2025-v1,附件2,光伏发电实际功率,204,DH,2025-07-22,111,18:30,18:30,NR9,flag,nan,nan,daylight jump > 20%
clean-2025-v1,附件2,光伏发电实际功率,204,DI,2025-07-22,112,18:40,18:40,NR9,flag,nan,nan,daylight jump > 20%
clean-2025-v1,附件2,光伏发电实际功率,205,AH,2025-07-23,33,5:30,5:30,NR9,flag,nan,nan,daylight jump > 20%
clean-2025-v1,附件2,光伏发电实际功率,205,AI,2025-07-23,34,5:40,5:40,NR9,flag,nan,nan,daylight jump > 20%
clean-2025-v1,附件2,光伏发电实际功率,205,AJ,2025-07-23,35,5:50,5:50,NR9,flag,nan,nan,daylight jump > 20%
clean-2025-v1,附件2,光伏发电实际功率,205,AK,2025-07-23,36,6:00,6:00,NR9,flag,nan,nan,daylight jump > 20%
clean-2025-v1,附件2,光伏发电实际功率,205,AL,2025-07-23,37,6:10,6:10,NR9,flag,nan,nan,daylight jump > 20%
clean-2025-v1,附件2,光伏发电实际功率,205,DG,2025-07-23,110,18:20,18:20,NR9,flag,nan,nan,daylight jump > 20%
clean-2025-v1,附件2,光伏发电实际功率,205,DH,2025-07-23,111,18:30,18:30,NR9,flag,nan,nan,daylight jump > 20%
clean-2025-v1,附件2,光伏发电实际功率,205,DI,2025-07-23,112,18:40,18:40,NR9,flag,nan,nan,daylight jump > 20%
clean-2025-v1,附件2,光伏发电实际功率,206,AH,2025-07-24,33,5:30,5:30,NR9,flag,nan,nan,daylight jump > 20%
clean-2025-v1,附件2,光伏发电实际功率,206,AI,2025-07-24,34,5:40,5:40,NR9,flag,nan,nan,daylight jump > 20%
clean-2025-v1,附件2,光伏发电实际功率,206,AJ,2025-07-24,35,5:50,5:50,NR9,flag,nan,nan,daylight jump > 20%
clean-2025-v1,附件2,光伏发电实际功率,206,AK,2025-07-24,36,6:00,6:00,NR9,flag,nan,nan,daylight jump > 20%
clean-2025-v1,附件2,光伏发电实际功率,206,DF,2025-07-24,109,18:10,18:10,NR9,flag,nan,nan,daylight jump > 20%
clean-2025-v1,附件2,光伏发电实际功率,206,DG,2025-07-24,110,18:20,18:20,NR9,flag,nan,nan,daylight jump > 20%
clean-2025-v1,附件2,光伏发电实际功率,206,DH,2025-07-24,111,18:30,18:30,NR9,flag,nan,nan,daylight jump > 20%
clean-2025-v1,附件2,光伏发电实际功率,206,DI,2025-07-24,112,18:40,18:40,NR9,flag,nan,nan,daylight jump > 20%
clean-2025-v1,附件2,光伏发电实际功率,207,AH,2025-07-25,33,5:30,5:30,NR9,flag,nan,nan,daylight jump > 20%
clean-2025-v1,附件2,光伏发电实际功率,207,AI,2025-07-25,34,5:40,5:40,NR9,flag,nan,nan,daylight jump > 20%
clean-2025-v1,附件2,光伏发电实际功率,207,AJ,2025-07-25,35,5:50,5:50,NR9,flag,nan,nan,daylight jump > 20%
clean-2025-v1,附件2,光伏发电实际功率,207,AK,2025-07-25,36,6:00,6:00,NR9,flag,nan,nan,daylight jump > 20%
clean-2025-v1,附件2,光伏发电实际功率,207,DE,2025-07-25,108,18:00,18:00,NR9,flag,nan,nan,daylight jump > 20%
clean-2025-v1,附件2,光伏发电实际功率,207,DF,2025-07-25,109,18:10,18:10,NR9,flag,nan,nan,daylight jump > 20%
clean-2025-v1,附件2,光伏发电实际功率,207,DG,2025-07-25,110,18:20,18:20,NR9,flag,nan,nan,daylight jump > 20%
clean-2025-v1,附件2,光伏发电实际功率,207,DH,2025-07-25,111,18:30,18:30,NR9,flag,nan,nan,daylight jump > 20%
clean-2025-v1,附件2,光伏发电实际功率,207,DI,2025-07-25,112,18:40,18:40,NR9,flag,nan,nan,daylight jump > 20%
clean-2025-v1,附件2,光伏发电实际功率,208,AH,2025-07-26,33,5:30,5:30,NR9,flag,nan,nan,daylight jump > 20%
clean-2025-v1,附件2,光伏发电实际功率,208,AI,2025-07-26,34,5:40,5:40,NR9,flag,nan,nan,daylight jump > 20%
clean-2025-v1,附件2,光伏发电实际功率,208,AJ,2025-07-26,35,5:50,5:50,NR9,flag,nan,nan,daylight jump > 20%
clean-2025-v1,附件2,光伏发电实际功率,208,AK,2025-07-26,36,6:00,6:00,NR9,flag,nan,nan,daylight jump > 20%
clean-2025-v1,附件2,光伏发电实际功率,208,AM,2025-07-26,38,6:20,6:20,NR9,flag,nan,nan,daylight jump > 20%
clean-2025-v1,附件2,光伏发电实际功率,208,DE,2025-07-26,108,18:00,18:00,NR9,flag,nan,nan,daylight jump > 20%
clean-2025-v1,附件2,光伏发电实际功率,208,DF,2025-07-26,109,18:10,18:10,NR9,flag,nan,nan,daylight jump > 20%
clean-2025-v1,附件2,光伏发电实际功率,208,DG,2025-07-26,110,18:20,18:20,NR9,flag,nan,nan,daylight jump > 20%
clean-2025-v1,附件2,光伏发电实际功率,208,DH,2025-07-26,111,18:30,18:30,NR9,flag,nan,nan,daylight jump > 20%
clean-2025-v1,附件2,光伏发电实际功率,208,DI,2025-07-26,112,18:40,18:40,NR9,flag,nan,nan,daylight jump > 20%
clean-2025-v1,附件2,光伏发电实际功率,209,AH,2025-07-27,33,5:30,5:30,NR9,flag,nan,nan,daylight jump > 20%
clean-2025-v1,附件2,光伏发电实际功率,209,AI,2025-07-27,34,5:40,5:40,NR9,flag,nan,nan,daylight jump > 20%
clean-2025-v1,附件2,光伏发电实际功率,209,AJ,2025-07-27,35,5:50,5:50,NR9,flag,nan,nan,daylight jump > 20%
clean-2025-v1,附件2,光伏发电实际功率,209,AK,2025-07-27,36,6:00,6:00,NR9,flag,nan,nan,daylight jump > 20%
clean-2025-v1,附件2,光伏发电实际功率,209,AL,2025-07-27,37,6:10,6:10,NR9,flag,nan,nan,daylight jump > 20%
clean-2025-v1,附件2,光伏发电实际功率,209,DE,2025-07-27,108,18:00,18:00,NR9,flag,nan,nan,daylight jump > 20%
clean-2025-v1,附件2,光伏发电实际功率,209,DF,2025-07-27,109,18:10,18:10,NR9,flag,nan,nan,daylight jump > 20%
clean-2025-v1,附件2,光伏发电实际功率,209,DG,2025-07-27,110,18:20,18:20,NR9,flag,nan,nan,daylight jump > 20%
clean-2025-v1,附件2,光伏发电实际功率,209,DH,2025-07-27,111,18:30,18:30,NR9,flag,nan,nan,daylight jump > 20%
clean-2025-v1,附件2,光伏发电实际功率,209,DI,2025-07-27,112,18:40,18:40,NR9,flag,nan,nan,daylight jump > 20%
clean-2025-v1,附件2,光伏发电实际功率,210,AH,2025-07-28,33,5:30,5:30,NR9,flag,nan,nan,daylight jump > 20%
clean-2025-v1,附件2,光伏发电实际功率,210,AI,2025-07-28,34,5:40,5:40,NR9,flag,nan,nan,daylight jump > 20%
clean-2025-v1,附件2,光伏发电实际功率,210,AJ,2025-07-28,35,5:50,5:50,NR9,flag,nan,nan,daylight jump > 20%
clean-2025-v1,附件2,光伏发电实际功率,210,AK,2025-07-28,36,6:00,6:00,NR9,flag,nan,nan,daylight jump > 20%
clean-2025-v1,附件2,光伏发电实际功率,210,AL,2025-07-28,37,6:10,6:10,NR9,flag,nan,nan,daylight jump > 20%
clean-2025-v1,附件2,光伏发电实际功率,210,DF,2025-07-28,109,18:10,18:10,NR9,flag,nan,nan,daylight jump > 20%
clean-2025-v1,附件2,光伏发电实际功率,210,DG,2025-07-28,110,18:20,18:20,NR9,flag,nan,nan,daylight jump > 20%
clean-2025-v1,附件2,光伏发电实际功率,210,DH,2025-07-28,111,18:30,18:30,NR9,flag,nan,nan,daylight jump > 20%
clean-2025-v1,附件2,光伏发电实际功率,210,DI,2025-07-28,112,18:40,18:40,NR9,flag,nan,nan,daylight jump > 20%
clean-2025-v1,附件2,光伏发电实际功率,211,AH,2025-07-29,33,5:30,5:30,NR9,flag,nan,nan,daylight jump > 20%
clean-2025-v1,附件2,光伏发电实际功率,211,AI,2025-07-29,34,5:40,5:40,NR9,flag,nan,nan,daylight jump > 20%
clean-2025-v1,附件2,光伏发电实际功率,211,AJ,2025-07-29,35,5:50,5:50,NR9,flag,nan,nan,daylight jump > 20%
clean-2025-v1,附件2,光伏发电实际功率,211,AK,2025-07-29,36,6:00,6:00,NR9,flag,nan,nan,daylight jump > 20%
clean-2025-v1,附件2,光伏发电实际功率,211,DE,2025-07-29,108,18:00,18:00,NR9,flag,nan,nan,daylight jump > 20%
clean-2025-v1,附件2,光伏发电实际功率,211,DF,2025-07-29,109,18:10,18:10,NR9,flag,nan,nan,daylight jump > 20%
clean-2025-v1,附件2,光伏发电实际功率,211,DG,2025-07-29,110,18:20,18:20,NR9,flag,nan,nan,daylight jump > 20%
clean-2025-v1,附件2,光伏发电实际功率,211,DH,2025-07-29,111,18:30,18:30,NR9,flag,nan,nan,daylight jump > 20%
clean-2025-v1,附件2,光伏发电实际功率,211,DI,2025-07-29,112,18:40,18:40,NR9,flag,nan,nan,daylight jump > 20%
clean-2025-v1,附件2,光伏发电实际功率,212,AI,2025-07-30,34,5:40,5:40,NR9,flag,nan,nan,daylight jump > 20%
clean-2025-v1,附件2,光伏发电实际功率,212,AJ,2025-07-30,35,5:50,5:50,NR9,flag,nan,nan,daylight jump > 20%
clean-2025-v1,附件2,光伏发电实际功率,212,AK,2025-07-30,36,6:00,6:00,NR9,flag,nan,nan,daylight jump > 20%
clean-2025-v1,附件2,光伏发电实际功率,212,DF,2025-07-30,109,18:10,18:10,NR9,flag,nan,nan,daylight jump > 20%
clean-2025-v1,附件2,光伏发电实际功率,212,DG,2025-07-30,110,18:20,18:20,NR9,flag,nan,nan,daylight jump > 20%
clean-2025-v1,附件2,光伏发电实际功率,212,DH,2025-07-30,111,18:30,18:30,NR9,flag,nan,nan,daylight jump > 20%
clean-2025-v1,附件2,光伏发电实际功率,213,AI,2025-07-31,34,5:40,5:40,NR9,flag,nan,nan,daylight jump > 20%
clean-2025-v1,附件2,光伏发电实际功率,213,AJ,2025-07-31,35,5:50,5:50,NR9,flag,nan,nan,daylight jump > 20%
clean-2025-v1,附件2,光伏发电实际功率,213,AK,2025-07-31,36,6:00,6:00,NR9,flag,nan,nan,daylight jump > 20%
clean-2025-v1,附件2,光伏发电实际功率,213,AL,2025-07-31,37,6:10,6:10,NR9,flag,nan,nan,daylight jump > 20%
clean-2025-v1,附件2,光伏发电实际功率,213,DF,2025-07-31,109,18:10,18:10,NR9,flag,nan,nan,daylight jump > 20%
clean-2025-v1,附件2,光伏发电实际功率,213,DG,2025-07-31,110,18:20,18:20,NR9,flag,nan,nan,daylight jump > 20%
clean-2025-v1,附件2,光伏发电实际功率,213,DH,2025-07-31,111,18:30,18:30,NR9,flag,nan,nan,daylight jump > 20%
clean-2025-v1,附件2,光伏发电实际功率,214,AI,2025-08-01,34,5:40,5:40,NR9,flag,nan,nan,daylight jump > 20%
clean-2025-v1,附件2,光伏发电实际功率,214,AJ,2025-08-01,35,5:50,5:50,NR9,flag,nan,nan,daylight jump > 20%
clean-2025-v1,附件2,光伏发电实际功率,214,AK,2025-08-01,36,6:00,6:00,NR9,flag,nan,nan,daylight jump > 20%
clean-2025-v1,附件2,光伏发电实际功率,214,AL,2025-08-01,37,6:10,6:10,NR9,flag,nan,nan,daylight jump > 20%
clean-2025-v1,附件2,光伏发电实际功率,214,DE,2025-08-01,108,18:00,18:00,NR9,flag,nan,nan,daylight jump > 20%
clean-2025-v1,附件2,光伏发电实际功率,214,DF,2025-08-01,109,18:10,18:10,NR9,flag,nan,nan,daylight jump > 20%
clean-2025-v1,附件2,光伏发电实际功率,214,DG,2025-08-01,110,18:20,18:20,NR9,flag,nan,nan,daylight jump > 20%
clean-2025-v1,附件2,光伏发电实际功率,214,DH,2025-08-01,111,18:30,18:30,NR9,flag,nan,nan,daylight jump > 20%
clean-2025-v1,附件2,光伏发电实际功率,215,AI,2025-08-02,34,5:40,5:40,NR9,flag,nan,nan,daylight jump > 20%
clean-2025-v1,附件2,光伏发电实际功率,215,AJ,2025-08-02,35,5:50,5:50,NR9,flag,nan,nan,daylight jump > 20%
clean-2025-v1,附件2,光伏发电实际功率,215,AK,2025-08-02,36,6:00,6:00,NR9,flag,nan,nan,daylight jump > 20%
clean-2025-v1,附件2,光伏发电实际功率,215,AL,2025-08-02,37,6:10,6:10,NR9,flag,nan,nan,daylight jump > 20%
clean-2025-v1,附件2,光伏发电实际功率,215,DC,2025-08-02,106,17:40,17:40,NR9,flag,nan,nan,daylight jump > 20%
clean-2025-v1,附件2,光伏发电实际功率,215,DD,2025-08-02,107,17:50,17:50,NR9,flag,nan,nan,daylight jump > 20%
clean-2025-v1,附件2,光伏发电实际功率,215,DF,2025-08-02,109,18:10,18:10,NR9,flag,nan,nan,daylight jump > 20%
clean-2025-v1,附件2,光伏发电实际功率,215,DG,2025-08-02,110,18:20,18:20,NR9,flag,nan,nan,daylight jump > 20%
clean-2025-v1,附件2,光伏发电实际功率,215,DH,2025-08-02,111,18:30,18:30,NR9,flag,nan,nan,daylight jump > 20%
clean-2025-v1,附件2,光伏发电实际功率,216,AI,2025-08-03,34,5:40,5:40,NR9,flag,nan,nan,daylight jump > 20%
clean-2025-v1,附件2,光伏发电实际功率,216,AJ,2025-08-03,35,5:50,5:50,NR9,flag,nan,nan,daylight jump > 20%
clean-2025-v1,附件2,光伏发电实际功率,216,AK,2025-08-03,36,6:00,6:00,NR9,flag,nan,nan,daylight jump > 20%
clean-2025-v1,附件2,光伏发电实际功率,216,DD,2025-08-03,107,17:50,17:50,NR9,flag,nan,nan,daylight jump > 20%
clean-2025-v1,附件2,光伏发电实际功率,216,DE,2025-08-03,108,18:00,18:00,NR9,flag,nan,nan,daylight jump > 20%
clean-2025-v1,附件2,光伏发电实际功率,216,DF,2025-08-03,109,18:10,18:10,NR9,flag,nan,nan,daylight jump > 20%
clean-2025-v1,附件2,光伏发电实际功率,216,DG,2025-08-03,110,18:20,18:20,NR9,flag,nan,nan,daylight jump > 20%
clean-2025-v1,附件2,光伏发电实际功率,216,DH,2025-08-03,111,18:30,18:30,NR9,flag,nan,nan,daylight jump > 20%
clean-2025-v1,附件2,光伏发电实际功率,217,AI,2025-08-04,34,5:40,5:40,NR9,flag,nan,nan,daylight jump > 20%
clean-2025-v1,附件2,光伏发电实际功率,217,AJ,2025-08-04,35,5:50,5:50,NR9,flag,nan,nan,daylight jump > 20%
clean-2025-v1,附件2,光伏发电实际功率,217,AK,2025-08-04,36,6:00,6:00,NR9,flag,nan,nan,daylight jump > 20%
clean-2025-v1,附件2,光伏发电实际功率,217,AL,2025-08-04,37,6:10,6:10,NR9,flag,nan,nan,daylight jump > 20%
clean-2025-v1,附件2,光伏发电实际功率,217,DE,2025-08-04,108,18:00,18:00,NR9,flag,nan,nan,daylight jump > 20%
clean-2025-v1,附件2,光伏发电实际功率,217,DF,2025-08-04,109,18:10,18:10,NR9,flag,nan,nan,daylight jump > 20%
clean-2025-v1,附件2,光伏发电实际功率,217,DG,2025-08-04,110,18:20,18:20,NR9,flag,nan,nan,daylight jump > 20%
clean-2025-v1,附件2,光伏发电实际功率,217,DH,2025-08-04,111,18:30,18:30,NR9,flag,nan,nan,daylight jump > 20%
clean-2025-v1,附件2,光伏发电实际功率,218,AI,2025-08-05,34,5:40,5:40,NR9,flag,nan,nan,daylight jump > 20%
clean-2025-v1,附件2,光伏发电实际功率,218,AJ,2025-08-05,35,5:50,5:50,NR9,flag,nan,nan,daylight jump > 20%
clean-2025-v1,附件2,光伏发电实际功率,218,AK,2025-08-05,36,6:00,6:00,NR9,flag,nan,nan,daylight jump > 20%
clean-2025-v1,附件2,光伏发电实际功率,218,AL,2025-08-05,37,6:10,6:10,NR9,flag,nan,nan,daylight jump > 20%
clean-2025-v1,附件2,光伏发电实际功率,218,DD,2025-08-05,107,17:50,17:50,NR9,flag,nan,nan,daylight jump > 20%
clean-2025-v1,附件2,光伏发电实际功率,218,DE,2025-08-05,108,18:00,18:00,NR9,flag,nan,nan,daylight jump > 20%
clean-2025-v1,附件2,光伏发电实际功率,218,DF,2025-08-05,109,18:10,18:10,NR9,flag,nan,nan,daylight jump > 20%
clean-2025-v1,附件2,光伏发电实际功率,218,DG,2025-08-05,110,18:20,18:20,NR9,flag,nan,nan,daylight jump > 20%
clean-2025-v1,附件2,光伏发电实际功率,218,DH,2025-08-05,111,18:30,18:30,NR9,flag,nan,nan,daylight jump > 20%
clean-2025-v1,附件2,光伏发电实际功率,219,AI,2025-08-06,34,5:40,5:40,NR9,flag,nan,nan,daylight jump > 20%
clean-2025-v1,附件2,光伏发电实际功率,219,AJ,2025-08-06,35,5:50,5:50,NR9,flag,nan,nan,daylight jump > 20%
clean-2025-v1,附件2,光伏发电实际功率,219,AK,2025-08-06,36,6:00,6:00,NR9,flag,nan,nan,daylight jump > 20%
clean-2025-v1,附件2,光伏发电实际功率,219,AL,2025-08-06,37,6:10,6:10,NR9,flag,nan,nan,daylight jump > 20%
clean-2025-v1,附件2,光伏发电实际功率,219,AM,2025-08-06,38,6:20,6:20,NR9,flag,nan,nan,daylight jump > 20%
clean-2025-v1,附件2,光伏发电实际功率,219,DE,2025-08-06,108,18:00,18:00,NR9,flag,nan,nan,daylight jump > 20%
clean-2025-v1,附件2,光伏发电实际功率,219,DF,2025-08-06,109,18:10,18:10,NR9,flag,nan,nan,daylight jump > 20%
clean-2025-v1,附件2,光伏发电实际功率,219,DG,2025-08-06,110,18:20,18:20,NR9,flag,nan,nan,daylight jump > 20%
clean-2025-v1,附件2,光伏发电实际功率,219,DH,2025-08-06,111,18:30,18:30,NR9,flag,nan,nan,daylight jump > 20%
clean-2025-v1,附件2,光伏发电实际功率,220,AI,2025-08-07,34,5:40,5:40,NR9,flag,nan,nan,daylight jump > 20%
clean-2025-v1,附件2,光伏发电实际功率,220,AJ,2025-08-07,35,5:50,5:50,NR9,flag,nan,nan,daylight jump > 20%
clean-2025-v1,附件2,光伏发电实际功率,220,AK,2025-08-07,36,6:00,6:00,NR9,flag,nan,nan,daylight jump > 20%
clean-2025-v1,附件2,光伏发电实际功率,220,AL,2025-08-07,37,6:10,6:10,NR9,flag,nan,nan,daylight jump > 20%
clean-2025-v1,附件2,光伏发电实际功率,220,DE,2025-08-07,108,18:00,18:00,NR9,flag,nan,nan,daylight jump > 20%
clean-2025-v1,附件2,光伏发电实际功率,220,DF,2025-08-07,109,18:10,18:10,NR9,flag,nan,nan,daylight jump > 20%
clean-2025-v1,附件2,光伏发电实际功率,220,DG,2025-08-07,110,18:20,18:20,NR9,flag,nan,nan,daylight jump > 20%
clean-2025-v1,附件2,光伏发电实际功率,220,DH,2025-08-07,111,18:30,18:30,NR9,flag,nan,nan,daylight jump > 20%
clean-2025-v1,附件2,光伏发电实际功率,221,AI,2025-08-08,34,5:40,5:40,NR9,flag,nan,nan,daylight jump > 20%
clean-2025-v1,附件2,光伏发电实际功率,221,AJ,2025-08-08,35,5:50,5:50,NR9,flag,nan,nan,daylight jump > 20%
clean-2025-v1,附件2,光伏发电实际功率,221,AK,2025-08-08,36,6:00,6:00,NR9,flag,nan,nan,daylight jump > 20%
clean-2025-v1,附件2,光伏发电实际功率,221,AL,2025-08-08,37,6:10,6:10,NR9,flag,nan,nan,daylight jump > 20%
clean-2025-v1,附件2,光伏发电实际功率,221,DE,2025-08-08,108,18:00,18:00,NR9,flag,nan,nan,daylight jump > 20%
clean-2025-v1,附件2,光伏发电实际功率,221,DF,2025-08-08,109,18:10,18:10,NR9,flag,nan,nan,daylight jump > 20%
clean-2025-v1,附件2,光伏发电实际功率,221,DG,2025-08-08,110,18:20,18:20,NR9,flag,nan,nan,daylight jump > 20%
clean-2025-v1,附件2,光伏发电实际功率,221,DH,2025-08-08,111,18:30,18:30,NR9,flag,nan,nan,daylight jump > 20%
clean-2025-v1,附件2,光伏发电实际功率,222,AI,2025-08-09,34,5:40,5:40,NR9,flag,nan,nan,daylight jump > 20%
clean-2025-v1,附件2,光伏发电实际功率,222,AJ,2025-08-09,35,5:50,5:50,NR9,flag,nan,nan,daylight jump > 20%
clean-2025-v1,附件2,光伏发电实际功率,222,AK,2025-08-09,36,6:00,6:00,NR9,flag,nan,nan,daylight jump > 20%
clean-2025-v1,附件2,光伏发电实际功率,222,AL,2025-08-09,37,6:10,6:10,NR9,flag,nan,nan,daylight jump > 20%
clean-2025-v1,附件2,光伏发电实际功率,222,DD,2025-08-09,107,17:50,17:50,NR9,flag,nan,nan,daylight jump > 20%
clean-2025-v1,附件2,光伏发电实际功率,222,DE,2025-08-09,108,18:00,18:00,NR9,flag,nan,nan,daylight jump > 20%
clean-2025-v1,附件2,光伏发电实际功率,222,DF,2025-08-09,109,18:10,18:10,NR9,flag,nan,nan,daylight jump > 20%
clean-2025-v1,附件2,光伏发电实际功率,222,DG,2025-08-09,110,18:20,18:20,NR9,flag,nan,nan,daylight jump > 20%
clean-2025-v1,附件2,光伏发电实际功率,222,DH,2025-08-09,111,18:30,18:30,NR9,flag,nan,nan,daylight jump > 20%
clean-2025-v1,附件2,光伏发电实际功率,223,AI,2025-08-10,34,5:40,5:40,NR9,flag,nan,nan,daylight jump > 20%
clean-2025-v1,附件2,光伏发电实际功率,223,AJ,2025-08-10,35,5:50,5:50,NR9,flag,nan,nan,daylight jump > 20%
clean-2025-v1,附件2,光伏发电实际功率,223,AK,2025-08-10,36,6:00,6:00,NR9,flag,nan,nan,daylight jump > 20%
clean-2025-v1,附件2,光伏发电实际功率,223,AL,2025-08-10,37,6:10,6:10,NR9,flag,nan,nan,daylight jump > 20%
clean-2025-v1,附件2,光伏发电实际功率,223,DE,2025-08-10,108,18:00,18:00,NR9,flag,nan,nan,daylight jump > 20%
clean-2025-v1,附件2,光伏发电实际功率,223,DF,2025-08-10,109,18:10,18:10,NR9,flag,nan,nan,daylight jump > 20%
clean-2025-v1,附件2,光伏发电实际功率,223,DG,2025-08-10,110,18:20,18:20,NR9,flag,nan,nan,daylight jump > 20%
clean-2025-v1,附件2,光伏发电实际功率,223,DH,2025-08-10,111,18:30,18:30,NR9,flag,nan,nan,daylight jump > 20%
clean-2025-v1,附件2,光伏发电实际功率,224,AI,2025-08-11,34,5:40,5:40,NR9,flag,nan,nan,daylight jump > 20%
clean-2025-v1,附件2,光伏发电实际功率,224,AJ,2025-08-11,35,5:50,5:50,NR9,flag,nan,nan,daylight jump > 20%
clean-2025-v1,附件2,光伏发电实际功率,224,AK,2025-08-11,36,6:00,6:00,NR9,flag,nan,nan,daylight jump > 20%
clean-2025-v1,附件2,光伏发电实际功率,224,AL,2025-08-11,37,6:10,6:10,NR9,flag,nan,nan,daylight jump > 20%
clean-2025-v1,附件2,光伏发电实际功率,224,AM,2025-08-11,38,6:20,6:20,NR9,flag,nan,nan,daylight jump > 20%
clean-2025-v1,附件2,光伏发电实际功率,224,DD,2025-08-11,107,17:50,17:50,NR9,flag,nan,nan,daylight jump > 20%
clean-2025-v1,附件2,光伏发电实际功率,224,DE,2025-08-11,108,18:00,18:00,NR9,flag,nan,nan,daylight jump > 20%
clean-2025-v1,附件2,光伏发电实际功率,224,DF,2025-08-11,109,18:10,18:10,NR9,flag,nan,nan,daylight jump > 20%
clean-2025-v1,附件2,光伏发电实际功率,224,DG,2025-08-11,110,18:20,18:20,NR9,flag,nan,nan,daylight jump > 20%
clean-2025-v1,附件2,光伏发电实际功率,224,DH,2025-08-11,111,18:30,18:30,NR9,flag,nan,nan,daylight jump > 20%
clean-2025-v1,附件2,光伏发电实际功率,225,AI,2025-08-12,34,5:40,5:40,NR9,flag,nan,nan,daylight jump > 20%
clean-2025-v1,附件2,光伏发电实际功率,225,AJ,2025-08-12,35,5:50,5:50,NR9,flag,nan,nan,daylight jump > 20%
clean-2025-v1,附件2,光伏发电实际功率,225,AK,2025-08-12,36,6:00,6:00,NR9,flag,nan,nan,daylight jump > 20%
clean-2025-v1,附件2,光伏发电实际功率,225,AL,2025-08-12,37,6:10,6:10,NR9,flag,nan,nan,daylight jump > 20%
clean-2025-v1,附件2,光伏发电实际功率,225,AM,2025-08-12,38,6:20,6:20,NR9,flag,nan,nan,daylight jump > 20%
clean-2025-v1,附件2,光伏发电实际功率,225,DD,2025-08-12,107,17:50,17:50,NR9,flag,nan,nan,daylight jump > 20%
clean-2025-v1,附件2,光伏发电实际功率,225,DE,2025-08-12,108,18:00,18:00,NR9,flag,nan,nan,daylight jump > 20%
clean-2025-v1,附件2,光伏发电实际功率,225,DF,2025-08-12,109,18:10,18:10,NR9,flag,nan,nan,daylight jump > 20%
clean-2025-v1,附件2,光伏发电实际功率,225,DG,2025-08-12,110,18:20,18:20,NR9,flag,nan,nan,daylight jump > 20%
clean-2025-v1,附件2,光伏发电实际功率,225,DH,2025-08-12,111,18:30,18:30,NR9,flag,nan,nan,daylight jump > 20%
clean-2025-v1,附件2,光伏发电实际功率,226,AI,2025-08-13,34,5:40,5:40,NR9,flag,nan,nan,daylight jump > 20%
clean-2025-v1,附件2,光伏发电实际功率,226,AJ,2025-08-13,35,5:50,5:50,NR9,flag,nan,nan,daylight jump > 20%
clean-2025-v1,附件2,光伏发电实际功率,226,AK,2025-08-13,36,6:00,6:00,NR9,flag,nan,nan,daylight jump > 20%
clean-2025-v1,附件2,光伏发电实际功率,226,AL,2025-08-13,37,6:10,6:10,NR9,flag,nan,nan,daylight jump > 20%
clean-2025-v1,附件2,光伏发电实际功率,226,AM,2025-08-13,38,6:20,6:20,NR9,flag,nan,nan,daylight jump > 20%
clean-2025-v1,附件2,光伏发电实际功率,226,DD,2025-08-13,107,17:50,17:50,NR9,flag,nan,nan,daylight jump > 20%
clean-2025-v1,附件2,光伏发电实际功率,226,DE,2025-08-13,108,18:00,18:00,NR9,flag,nan,nan,daylight jump > 20%
clean-2025-v1,附件2,光伏发电实际功率,226,DF,2025-08-13,109,18:10,18:10,NR9,flag,nan,nan,daylight jump > 20%
clean-2025-v1,附件2,光伏发电实际功率,226,DG,2025-08-13,110,18:20,18:20,NR9,flag,nan,nan,daylight jump > 20%
clean-2025-v1,附件2,光伏发电实际功率,226,DH,2025-08-13,111,18:30,18:30,NR9,flag,nan,nan,daylight jump > 20%
clean-2025-v1,附件2,光伏发电实际功率,227,AJ,2025-08-14,35,5:50,5:50,NR9,flag,nan,nan,daylight jump > 20%
clean-2025-v1,附件2,光伏发电实际功率,227,AK,2025-08-14,36,6:00,6:00,NR9,flag,nan,nan,daylight jump > 20%
clean-2025-v1,附件2,光伏发电实际功率,227,AL,2025-08-14,37,6:10,6:10,NR9,flag,nan,nan,daylight jump > 20%
clean-2025-v1,附件2,光伏发电实际功率,227,AM,2025-08-14,38,6:20,6:20,NR9,flag,nan,nan,daylight jump > 20%
clean-2025-v1,附件2,光伏发电实际功率,227,DD,2025-08-14,107,17:50,17:50,NR9,flag,nan,nan,daylight jump > 20%
clean-2025-v1,附件2,光伏发电实际功率,227,DE,2025-08-14,108,18:00,18:00,NR9,flag,nan,nan,daylight jump > 20%
clean-2025-v1,附件2,光伏发电实际功率,227,DF,2025-08-14,109,18:10,18:10,NR9,flag,nan,nan,daylight jump > 20%
clean-2025-v1,附件2,光伏发电实际功率,227,DG,2025-08-14,110,18:20,18:20,NR9,flag,nan,nan,daylight jump > 20%
clean-2025-v1,附件2,光伏发电实际功率,228,AJ,2025-08-15,35,5:50,5:50,NR9,flag,nan,nan,daylight jump > 20%
clean-2025-v1,附件2,光伏发电实际功率,228,AK,2025-08-15,36,6:00,6:00,NR9,flag,nan,nan,daylight jump > 20%
clean-2025-v1,附件2,光伏发电实际功率,228,AL,2025-08-15,37,6:10,6:10,NR9,flag,nan,nan,daylight jump > 20%
clean-2025-v1,附件2,光伏发电实际功率,228,AM,2025-08-15,38,6:20,6:20,NR9,flag,nan,nan,daylight jump > 20%
clean-2025-v1,附件2,光伏发电实际功率,228,DC,2025-08-15,106,17:40,17:40,NR9,flag,nan,nan,daylight jump > 20%
clean-2025-v1,附件2,光伏发电实际功率,228,DD,2025-08-15,107,17:50,17:50,NR9,flag,nan,nan,daylight jump > 20%
clean-2025-v1,附件2,光伏发电实际功率,228,DE,2025-08-15,108,18:00,18:00,NR9,flag,nan,nan,daylight jump > 20%
clean-2025-v1,附件2,光伏发电实际功率,228,DF,2025-08-15,109,18:10,18:10,NR9,flag,nan,nan,daylight jump > 20%
clean-2025-v1,附件2,光伏发电实际功率,228,DG,2025-08-15,110,18:20,18:20,NR9,flag,nan,nan,daylight jump > 20%
clean-2025-v1,附件2,光伏发电实际功率,229,AJ,2025-08-16,35,5:50,5:50,NR9,flag,nan,nan,daylight jump > 20%
clean-2025-v1,附件2,光伏发电实际功率,229,AK,2025-08-16,36,6:00,6:00,NR9,flag,nan,nan,daylight jump > 20%
clean-2025-v1,附件2,光伏发电实际功率,229,AL,2025-08-16,37,6:10,6:10,NR9,flag,nan,nan,daylight jump > 20%
clean-2025-v1,附件2,光伏发电实际功率,229,AM,2025-08-16,38,6:20,6:20,NR9,flag,nan,nan,daylight jump > 20%
clean-2025-v1,附件2,光伏发电实际功率,229,DD,2025-08-16,107,17:50,17:50,NR9,flag,nan,nan,daylight jump > 20%
clean-2025-v1,附件2,光伏发电实际功率,229,DE,2025-08-16,108,18:00,18:00,NR9,flag,nan,nan,daylight jump > 20%
clean-2025-v1,附件2,光伏发电实际功率,229,DF,2025-08-16,109,18:10,18:10,NR9,flag,nan,nan,daylight jump > 20%
clean-2025-v1,附件2,光伏发电实际功率,229,DG,2025-08-16,110,18:20,18:20,NR9,flag,nan,nan,daylight jump > 20%
clean-2025-v1,附件2,光伏发电实际功率,230,AJ,2025-08-17,35,5:50,5:50,NR9,flag,nan,nan,daylight jump > 20%
clean-2025-v1,附件2,光伏发电实际功率,230,AK,2025-08-17,36,6:00,6:00,NR9,flag,nan,nan,daylight jump > 20%
clean-2025-v1,附件2,光伏发电实际功率,230,AL,2025-08-17,37,6:10,6:10,NR9,flag,nan,nan,daylight jump > 20%
clean-2025-v1,附件2,光伏发电实际功率,230,AM,2025-08-17,38,6:20,6:20,NR9,flag,nan,nan,daylight jump > 20%
clean-2025-v1,附件2,光伏发电实际功率,230,DC,2025-08-17,106,17:40,17:40,NR9,flag,nan,nan,daylight jump > 20%
clean-2025-v1,附件2,光伏发电实际功率,230,DD,2025-08-17,107,17:50,17:50,NR9,flag,nan,nan,daylight jump > 20%
clean-2025-v1,附件2,光伏发电实际功率,230,DE,2025-08-17,108,18:00,18:00,NR9,flag,nan,nan,daylight jump > 20%
clean-2025-v1,附件2,光伏发电实际功率,230,DF,2025-08-17,109,18:10,18:10,NR9,flag,nan,nan,daylight jump > 20%
clean-2025-v1,附件2,光伏发电实际功率,230,DG,2025-08-17,110,18:20,18:20,NR9,flag,nan,nan,daylight jump > 20%
clean-2025-v1,附件2,光伏发电实际功率,231,AJ,2025-08-18,35,5:50,5:50,NR9,flag,nan,nan,daylight jump > 20%
clean-2025-v1,附件2,光伏发电实际功率,231,AK,2025-08-18,36,6:00,6:00,NR9,flag,nan,nan,daylight jump > 20%
clean-2025-v1,附件2,光伏发电实际功率,231,AL,2025-08-18,37,6:10,6:10,NR9,flag,nan,nan,daylight jump > 20%
clean-2025-v1,附件2,光伏发电实际功率,231,AM,2025-08-18,38,6:20,6:20,NR9,flag,nan,nan,daylight jump > 20%
clean-2025-v1,附件2,光伏发电实际功率,231,DD,2025-08-18,107,17:50,17:50,NR9,flag,nan,nan,daylight jump > 20%
clean-2025-v1,附件2,光伏发电实际功率,231,DE,2025-08-18,108,18:00,18:00,NR9,flag,nan,nan,daylight jump > 20%
clean-2025-v1,附件2,光伏发电实际功率,231,DF,2025-08-18,109,18:10,18:10,NR9,flag,nan,nan,daylight jump > 20%
clean-2025-v1,附件2,光伏发电实际功率,231,DG,2025-08-18,110,18:20,18:20,NR9,flag,nan,nan,daylight jump > 20%
clean-2025-v1,附件2,光伏发电实际功率,232,AJ,2025-08-19,35,5:50,5:50,NR9,flag,nan,nan,daylight jump > 20%
clean-2025-v1,附件2,光伏发电实际功率,232,AK,2025-08-19,36,6:00,6:00,NR9,flag,nan,nan,daylight jump > 20%
clean-2025-v1,附件2,光伏发电实际功率,232,AL,2025-08-19,37,6:10,6:10,NR9,flag,nan,nan,daylight jump > 20%
clean-2025-v1,附件2,光伏发电实际功率,232,DD,2025-08-19,107,17:50,17:50,NR9,flag,nan,nan,daylight jump > 20%
clean-2025-v1,附件2,光伏发电实际功率,232,DE,2025-08-19,108,18:00,18:00,NR9,flag,nan,nan,daylight jump > 20%
clean-2025-v1,附件2,光伏发电实际功率,232,DF,2025-08-19,109,18:10,18:10,NR9,flag,nan,nan,daylight jump > 20%
clean-2025-v1,附件2,光伏发电实际功率,232,DG,2025-08-19,110,18:20,18:20,NR9,flag,nan,nan,daylight jump > 20%
clean-2025-v1,附件2,光伏发电实际功率,233,AJ,2025-08-20,35,5:50,5:50,NR9,flag,nan,nan,daylight jump > 20%
clean-2025-v1,附件2,光伏发电实际功率,233,AK,2025-08-20,36,6:00,6:00,NR9,flag,nan,nan,daylight jump > 20%
clean-2025-v1,附件2,光伏发电实际功率,233,AL,2025-08-20,37,6:10,6:10,NR9,flag,nan,nan,daylight jump > 20%
clean-2025-v1,附件2,光伏发电实际功率,233,AM,2025-08-20,38,6:20,6:20,NR9,flag,nan,nan,daylight jump > 20%
clean-2025-v1,附件2,光伏发电实际功率,233,DD,2025-08-20,107,17:50,17:50,NR9,flag,nan,nan,daylight jump > 20%
clean-2025-v1,附件2,光伏发电实际功率,233,DE,2025-08-20,108,18:00,18:00,NR9,flag,nan,nan,daylight jump > 20%
clean-2025-v1,附件2,光伏发电实际功率,233,DF,2025-08-20,109,18:10,18:10,NR9,flag,nan,nan,daylight jump > 20%
clean-2025-v1,附件2,光伏发电实际功率,233,DG,2025-08-20,110,18:20,18:20,NR9,flag,nan,nan,daylight jump > 20%
clean-2025-v1,附件2,光伏发电实际功率,234,AJ,2025-08-21,35,5:50,5:50,NR9,flag,nan,nan,daylight jump > 20%
clean-2025-v1,附件2,光伏发电实际功率,234,AK,2025-08-21,36,6:00,6:00,NR9,flag,nan,nan,daylight jump > 20%
clean-2025-v1,附件2,光伏发电实际功率,234,AL,2025-08-21,37,6:10,6:10,NR9,flag,nan,nan,daylight jump > 20%
clean-2025-v1,附件2,光伏发电实际功率,234,AM,2025-08-21,38,6:20,6:20,NR9,flag,nan,nan,daylight jump > 20%
clean-2025-v1,附件2,光伏发电实际功率,234,DC,2025-08-21,106,17:40,17:40,NR9,flag,nan,nan,daylight jump > 20%
clean-2025-v1,附件2,光伏发电实际功率,234,DD,2025-08-21,107,17:50,17:50,NR9,flag,nan,nan,daylight jump > 20%
clean-2025-v1,附件2,光伏发电实际功率,234,DE,2025-08-21,108,18:00,18:00,NR9,flag,nan,nan,daylight jump > 20%
clean-2025-v1,附件2,光伏发电实际功率,234,DF,2025-08-21,109,18:10,18:10,NR9,flag,nan,nan,daylight jump > 20%
clean-2025-v1,附件2,光伏发电实际功率,234,DG,2025-08-21,110,18:20,18:20,NR9,flag,nan,nan,daylight jump > 20%
clean-2025-v1,附件2,光伏发电实际功率,235,AJ,2025-08-22,35,5:50,5:50,NR9,flag,nan,nan,daylight jump > 20%
clean-2025-v1,附件2,光伏发电实际功率,235,AK,2025-08-22,36,6:00,6:00,NR9,flag,nan,nan,daylight jump > 20%
clean-2025-v1,附件2,光伏发电实际功率,235,AL,2025-08-22,37,6:10,6:10,NR9,flag,nan,nan,daylight jump > 20%
clean-2025-v1,附件2,光伏发电实际功率,235,AM,2025-08-22,38,6:20,6:20,NR9,flag,nan,nan,daylight jump > 20%
clean-2025-v1,附件2,光伏发电实际功率,235,AN,2025-08-22,39,6:30,6:30,NR9,flag,nan,nan,daylight jump > 20%
clean-2025-v1,附件2,光伏发电实际功率,235,DD,2025-08-22,107,17:50,17:50,NR9,flag,nan,nan,daylight jump > 20%
clean-2025-v1,附件2,光伏发电实际功率,235,DE,2025-08-22,108,18:00,18:00,NR9,flag,nan,nan,daylight jump > 20%
clean-2025-v1,附件2,光伏发电实际功率,235,DF,2025-08-22,109,18:10,18:10,NR9,flag,nan,nan,daylight jump > 20%
clean-2025-v1,附件2,光伏发电实际功率,235,DG,2025-08-22,110,18:20,18:20,NR9,flag,nan,nan,daylight jump > 20%
clean-2025-v1,附件2,光伏发电实际功率,236,AJ,2025-08-23,35,5:50,5:50,NR9,flag,nan,nan,daylight jump > 20%
clean-2025-v1,附件2,光伏发电实际功率,236,AK,2025-08-23,36,6:00,6:00,NR9,flag,nan,nan,daylight jump > 20%
clean-2025-v1,附件2,光伏发电实际功率,236,AL,2025-08-23,37,6:10,6:10,NR9,flag,nan,nan,daylight jump > 20%
clean-2025-v1,附件2,光伏发电实际功率,236,AM,2025-08-23,38,6:20,6:20,NR9,flag,nan,nan,daylight jump > 20%
clean-2025-v1,附件2,光伏发电实际功率,236,DD,2025-08-23,107,17:50,17:50,NR9,flag,nan,nan,daylight jump > 20%
clean-2025-v1,附件2,光伏发电实际功率,236,DE,2025-08-23,108,18:00,18:00,NR9,flag,nan,nan,daylight jump > 20%
clean-2025-v1,附件2,光伏发电实际功率,236,DF,2025-08-23,109,18:10,18:10,NR9,flag,nan,nan,daylight jump > 20%
clean-2025-v1,附件2,光伏发电实际功率,236,DG,2025-08-23,110,18:20,18:20,NR9,flag,nan,nan,daylight jump > 20%
clean-2025-v1,附件2,光伏发电实际功率,237,AJ,2025-08-24,35,5:50,5:50,NR9,flag,nan,nan,daylight jump > 20%
clean-2025-v1,附件2,光伏发电实际功率,237,AK,2025-08-24,36,6:00,6:00,NR9,flag,nan,nan,daylight jump > 20%
clean-2025-v1,附件2,光伏发电实际功率,237,AL,2025-08-24,37,6:10,6:10,NR9,flag,nan,nan,daylight jump > 20%
clean-2025-v1,附件2,光伏发电实际功率,237,AM,2025-08-24,38,6:20,6:20,NR9,flag,nan,nan,daylight jump > 20%
clean-2025-v1,附件2,光伏发电实际功率,237,AO,2025-08-24,40,6:40,6:40,NR9,flag,nan,nan,daylight jump > 20%
clean-2025-v1,附件2,光伏发电实际功率,237,DD,2025-08-24,107,17:50,17:50,NR9,flag,nan,nan,daylight jump > 20%
clean-2025-v1,附件2,光伏发电实际功率,237,DE,2025-08-24,108,18:00,18:00,NR9,flag,nan,nan,daylight jump > 20%
clean-2025-v1,附件2,光伏发电实际功率,237,DF,2025-08-24,109,18:10,18:10,NR9,flag,nan,nan,daylight jump > 20%
clean-2025-v1,附件2,光伏发电实际功率,237,DG,2025-08-24,110,18:20,18:20,NR9,flag,nan,nan,daylight jump > 20%
clean-2025-v1,附件2,光伏发电实际功率,238,AJ,2025-08-25,35,5:50,5:50,NR9,flag,nan,nan,daylight jump > 20%
clean-2025-v1,附件2,光伏发电实际功率,238,AK,2025-08-25,36,6:00,6:00,NR9,flag,nan,nan,daylight jump > 20%
clean-2025-v1,附件2,光伏发电实际功率,238,AL,2025-08-25,37,6:10,6:10,NR9,flag,nan,nan,daylight jump > 20%
clean-2025-v1,附件2,光伏发电实际功率,238,AM,2025-08-25,38,6:20,6:20,NR9,flag,nan,nan,daylight jump > 20%
clean-2025-v1,附件2,光伏发电实际功率,238,DD,2025-08-25,107,17:50,17:50,NR9,flag,nan,nan,daylight jump > 20%
clean-2025-v1,附件2,光伏发电实际功率,238,DE,2025-08-25,108,18:00,18:00,NR9,flag,nan,nan,daylight jump > 20%
clean-2025-v1,附件2,光伏发电实际功率,238,DF,2025-08-25,109,18:10,18:10,NR9,flag,nan,nan,daylight jump > 20%
clean-2025-v1,附件2,光伏发电实际功率,238,DG,2025-08-25,110,18:20,18:20,NR9,flag,nan,nan,daylight jump > 20%
clean-2025-v1,附件2,光伏发电实际功率,239,AJ,2025-08-26,35,5:50,5:50,NR9,flag,nan,nan,daylight jump > 20%
clean-2025-v1,附件2,光伏发电实际功率,239,AK,2025-08-26,36,6:00,6:00,NR9,flag,nan,nan,daylight jump > 20%
clean-2025-v1,附件2,光伏发电实际功率,239,AL,2025-08-26,37,6:10,6:10,NR9,flag,nan,nan,daylight jump > 20%
clean-2025-v1,附件2,光伏发电实际功率,239,AM,2025-08-26,38,6:20,6:20,NR9,flag,nan,nan,daylight jump > 20%
clean-2025-v1,附件2,光伏发电实际功率,239,AN,2025-08-26,39,6:30,6:30,NR9,flag,nan,nan,daylight jump > 20%
clean-2025-v1,附件2,光伏发电实际功率,239,DD,2025-08-26,107,17:50,17:50,NR9,flag,nan,nan,daylight jump > 20%
clean-2025-v1,附件2,光伏发电实际功率,239,DE,2025-08-26,108,18:00,18:00,NR9,flag,nan,nan,daylight jump > 20%
clean-2025-v1,附件2,光伏发电实际功率,239,DF,2025-08-26,109,18:10,18:10,NR9,flag,nan,nan,daylight jump > 20%
clean-2025-v1,附件2,光伏发电实际功率,240,AK,2025-08-27,36,6:00,6:00,NR9,flag,nan,nan,daylight jump > 20%
clean-2025-v1,附件2,光伏发电实际功率,240,AL,2025-08-27,37,6:10,6:10,NR9,flag,nan,nan,daylight jump > 20%
clean-2025-v1,附件2,光伏发电实际功率,240,AM,2025-08-27,38,6:20,6:20,NR9,flag,nan,nan,daylight jump > 20%
clean-2025-v1,附件2,光伏发电实际功率,240,AN,2025-08-27,39,6:30,6:30,NR9,flag,nan,nan,daylight jump > 20%
clean-2025-v1,附件2,光伏发电实际功率,240,DC,2025-08-27,106,17:40,17:40,NR9,flag,nan,nan,daylight jump > 20%
clean-2025-v1,附件2,光伏发电实际功率,240,DD,2025-08-27,107,17:50,17:50,NR9,flag,nan,nan,daylight jump > 20%
clean-2025-v1,附件2,光伏发电实际功率,240,DE,2025-08-27,108,18:00,18:00,NR9,flag,nan,nan,daylight jump > 20%
clean-2025-v1,附件2,光伏发电实际功率,240,DF,2025-08-27,109,18:10,18:10,NR9,flag,nan,nan,daylight jump > 20%
clean-2025-v1,附件2,光伏发电实际功率,241,AK,2025-08-28,36,6:00,6:00,NR9,flag,nan,nan,daylight jump > 20%
clean-2025-v1,附件2,光伏发电实际功率,241,AL,2025-08-28,37,6:10,6:10,NR9,flag,nan,nan,daylight jump > 20%
clean-2025-v1,附件2,光伏发电实际功率,241,AM,2025-08-28,38,6:20,6:20,NR9,flag,nan,nan,daylight jump > 20%
clean-2025-v1,附件2,光伏发电实际功率,241,AN,2025-08-28,39,6:30,6:30,NR9,flag,nan,nan,daylight jump > 20%
clean-2025-v1,附件2,光伏发电实际功率,241,AO,2025-08-28,40,6:40,6:40,NR9,flag,nan,nan,daylight jump > 20%
clean-2025-v1,附件2,光伏发电实际功率,241,CY,2025-08-28,102,17:00,17:00,NR9,flag,nan,nan,daylight jump > 20%
clean-2025-v1,附件2,光伏发电实际功率,241,DD,2025-08-28,107,17:50,17:50,NR9,flag,nan,nan,daylight jump > 20%
clean-2025-v1,附件2,光伏发电实际功率,241,DE,2025-08-28,108,18:00,18:00,NR9,flag,nan,nan,daylight jump > 20%
clean-2025-v1,附件2,光伏发电实际功率,241,DF,2025-08-28,109,18:10,18:10,NR9,flag,nan,nan,daylight jump > 20%
clean-2025-v1,附件2,光伏发电实际功率,242,AK,2025-08-29,36,6:00,6:00,NR9,flag,nan,nan,daylight jump > 20%
clean-2025-v1,附件2,光伏发电实际功率,242,AL,2025-08-29,37,6:10,6:10,NR9,flag,nan,nan,daylight jump > 20%
clean-2025-v1,附件2,光伏发电实际功率,242,AM,2025-08-29,38,6:20,6:20,NR9,flag,nan,nan,daylight jump > 20%
clean-2025-v1,附件2,光伏发电实际功率,242,AN,2025-08-29,39,6:30,6:30,NR9,flag,nan,nan,daylight jump > 20%
clean-2025-v1,附件2,光伏发电实际功率,242,DB,2025-08-29,105,17:30,17:30,NR9,flag,nan,nan,daylight jump > 20%
clean-2025-v1,附件2,光伏发电实际功率,242,DC,2025-08-29,106,17:40,17:40,NR9,flag,nan,nan,daylight jump > 20%
clean-2025-v1,附件2,光伏发电实际功率,242,DD,2025-08-29,107,17:50,17:50,NR9,flag,nan,nan,daylight jump > 20%
clean-2025-v1,附件2,光伏发电实际功率,242,DE,2025-08-29,108,18:00,18:00,NR9,flag,nan,nan,daylight jump > 20%
clean-2025-v1,附件2,光伏发电实际功率,242,DF,2025-08-29,109,18:10,18:10,NR9,flag,nan,nan,daylight jump > 20%
clean-2025-v1,附件2,光伏发电实际功率,243,AK,2025-08-30,36,6:00,6:00,NR9,flag,nan,nan,daylight jump > 20%
clean-2025-v1,附件2,光伏发电实际功率,243,AL,2025-08-30,37,6:10,6:10,NR9,flag,nan,nan,daylight jump > 20%
clean-2025-v1,附件2,光伏发电实际功率,243,AM,2025-08-30,38,6:20,6:20,NR9,flag,nan,nan,daylight jump > 20%
clean-2025-v1,附件2,光伏发电实际功率,243,AN,2025-08-30,39,6:30,6:30,NR9,flag,nan,nan,daylight jump > 20%
clean-2025-v1,附件2,光伏发电实际功率,243,AO,2025-08-30,40,6:40,6:40,NR9,flag,nan,nan,daylight jump > 20%
clean-2025-v1,附件2,光伏发电实际功率,243,DC,2025-08-30,106,17:40,17:40,NR9,flag,nan,nan,daylight jump > 20%
clean-2025-v1,附件2,光伏发电实际功率,243,DD,2025-08-30,107,17:50,17:50,NR9,flag,nan,nan,daylight jump > 20%
clean-2025-v1,附件2,光伏发电实际功率,243,DE,2025-08-30,108,18:00,18:00,NR9,flag,nan,nan,daylight jump > 20%
clean-2025-v1,附件2,光伏发电实际功率,243,DF,2025-08-30,109,18:10,18:10,NR9,flag,nan,nan,daylight jump > 20%
clean-2025-v1,附件2,光伏发电实际功率,244,AK,2025-08-31,36,6:00,6:00,NR9,flag,nan,nan,daylight jump > 20%
clean-2025-v1,附件2,光伏发电实际功率,244,AL,2025-08-31,37,6:10,6:10,NR9,flag,nan,nan,daylight jump > 20%
clean-2025-v1,附件2,光伏发电实际功率,244,AM,2025-08-31,38,6:20,6:20,NR9,flag,nan,nan,daylight jump > 20%
clean-2025-v1,附件2,光伏发电实际功率,244,AN,2025-08-31,39,6:30,6:30,NR9,flag,nan,nan,daylight jump > 20%
clean-2025-v1,附件2,光伏发电实际功率,244,DB,2025-08-31,105,17:30,17:30,NR9,flag,nan,nan,daylight jump > 20%
clean-2025-v1,附件2,光伏发电实际功率,244,DC,2025-08-31,106,17:40,17:40,NR9,flag,nan,nan,daylight jump > 20%
clean-2025-v1,附件2,光伏发电实际功率,244,DD,2025-08-31,107,17:50,17:50,NR9,flag,nan,nan,daylight jump > 20%
clean-2025-v1,附件2,光伏发电实际功率,244,DE,2025-08-31,108,18:00,18:00,NR9,flag,nan,nan,daylight jump > 20%
clean-2025-v1,附件2,光伏发电实际功率,244,DF,2025-08-31,109,18:10,18:10,NR9,flag,nan,nan,daylight jump > 20%
clean-2025-v1,附件2,光伏发电实际功率,245,AK,2025-09-01,36,6:00,6:00,NR9,flag,nan,nan,daylight jump > 20%
clean-2025-v1,附件2,光伏发电实际功率,245,AL,2025-09-01,37,6:10,6:10,NR9,flag,nan,nan,daylight jump > 20%
clean-2025-v1,附件2,光伏发电实际功率,245,AM,2025-09-01,38,6:20,6:20,NR9,flag,nan,nan,daylight jump > 20%
clean-2025-v1,附件2,光伏发电实际功率,245,AN,2025-09-01,39,6:30,6:30,NR9,flag,nan,nan,daylight jump > 20%
clean-2025-v1,附件2,光伏发电实际功率,245,AO,2025-09-01,40,6:40,6:40,NR9,flag,nan,nan,daylight jump > 20%
clean-2025-v1,附件2,光伏发电实际功率,245,DC,2025-09-01,106,17:40,17:40,NR9,flag,nan,nan,daylight jump > 20%
clean-2025-v1,附件2,光伏发电实际功率,245,DD,2025-09-01,107,17:50,17:50,NR9,flag,nan,nan,daylight jump > 20%
clean-2025-v1,附件2,光伏发电实际功率,245,DE,2025-09-01,108,18:00,18:00,NR9,flag,nan,nan,daylight jump > 20%
clean-2025-v1,附件2,光伏发电实际功率,245,DF,2025-09-01,109,18:10,18:10,NR9,flag,nan,nan,daylight jump > 20%
clean-2025-v1,附件2,光伏发电实际功率,246,AK,2025-09-02,36,6:00,6:00,NR9,flag,nan,nan,daylight jump > 20%
clean-2025-v1,附件2,光伏发电实际功率,246,AL,2025-09-02,37,6:10,6:10,NR9,flag,nan,nan,daylight jump > 20%
clean-2025-v1,附件2,光伏发电实际功率,246,AM,2025-09-02,38,6:20,6:20,NR9,flag,nan,nan,daylight jump > 20%
clean-2025-v1,附件2,光伏发电实际功率,246,AN,2025-09-02,39,6:30,6:30,NR9,flag,nan,nan,daylight jump > 20%
clean-2025-v1,附件2,光伏发电实际功率,246,AO,2025-09-02,40,6:40,6:40,NR9,flag,nan,nan,daylight jump > 20%
clean-2025-v1,附件2,光伏发电实际功率,246,DC,2025-09-02,106,17:40,17:40,NR9,flag,nan,nan,daylight jump > 20%
clean-2025-v1,附件2,光伏发电实际功率,246,DD,2025-09-02,107,17:50,17:50,NR9,flag,nan,nan,daylight jump > 20%
clean-2025-v1,附件2,光伏发电实际功率,246,DE,2025-09-02,108,18:00,18:00,NR9,flag,nan,nan,daylight jump > 20%
clean-2025-v1,附件2,光伏发电实际功率,246,DF,2025-09-02,109,18:10,18:10,NR9,flag,nan,nan,daylight jump > 20%
clean-2025-v1,附件2,光伏发电实际功率,247,AK,2025-09-03,36,6:00,6:00,NR9,flag,nan,nan,daylight jump > 20%
clean-2025-v1,附件2,光伏发电实际功率,247,AL,2025-09-03,37,6:10,6:10,NR9,flag,nan,nan,daylight jump > 20%
clean-2025-v1,附件2,光伏发电实际功率,247,AM,2025-09-03,38,6:20,6:20,NR9,flag,nan,nan,daylight jump > 20%
clean-2025-v1,附件2,光伏发电实际功率,247,AN,2025-09-03,39,6:30,6:30,NR9,flag,nan,nan,daylight jump > 20%
clean-2025-v1,附件2,光伏发电实际功率,247,DC,2025-09-03,106,17:40,17:40,NR9,flag,nan,nan,daylight jump > 20%
clean-2025-v1,附件2,光伏发电实际功率,247,DD,2025-09-03,107,17:50,17:50,NR9,flag,nan,nan,daylight jump > 20%
clean-2025-v1,附件2,光伏发电实际功率,247,DE,2025-09-03,108,18:00,18:00,NR9,flag,nan,nan,daylight jump > 20%
clean-2025-v1,附件2,光伏发电实际功率,248,AK,2025-09-04,36,6:00,6:00,NR9,flag,nan,nan,daylight jump > 20%
clean-2025-v1,附件2,光伏发电实际功率,248,AL,2025-09-04,37,6:10,6:10,NR9,flag,nan,nan,daylight jump > 20%
clean-2025-v1,附件2,光伏发电实际功率,248,AM,2025-09-04,38,6:20,6:20,NR9,flag,nan,nan,daylight jump > 20%
clean-2025-v1,附件2,光伏发电实际功率,248,AN,2025-09-04,39,6:30,6:30,NR9,flag,nan,nan,daylight jump > 20%
clean-2025-v1,附件2,光伏发电实际功率,248,AO,2025-09-04,40,6:40,6:40,NR9,flag,nan,nan,daylight jump > 20%
clean-2025-v1,附件2,光伏发电实际功率,248,DB,2025-09-04,105,17:30,17:30,NR9,flag,nan,nan,daylight jump > 20%
clean-2025-v1,附件2,光伏发电实际功率,248,DC,2025-09-04,106,17:40,17:40,NR9,flag,nan,nan,daylight jump > 20%
clean-2025-v1,附件2,光伏发电实际功率,248,DD,2025-09-04,107,17:50,17:50,NR9,flag,nan,nan,daylight jump > 20%
clean-2025-v1,附件2,光伏发电实际功率,248,DE,2025-09-04,108,18:00,18:00,NR9,flag,nan,nan,daylight jump > 20%
clean-2025-v1,附件2,光伏发电实际功率,249,AL,2025-09-05,37,6:10,6:10,NR9,flag,nan,nan,daylight jump > 20%
clean-2025-v1,附件2,光伏发电实际功率,249,AM,2025-09-05,38,6:20,6:20,NR9,flag,nan,nan,daylight jump > 20%
clean-2025-v1,附件2,光伏发电实际功率,249,AN,2025-09-05,39,6:30,6:30,NR9,flag,nan,nan,daylight jump > 20%
clean-2025-v1,附件2,光伏发电实际功率,249,AO,2025-09-05,40,6:40,6:40,NR9,flag,nan,nan,daylight jump > 20%
clean-2025-v1,附件2,光伏发电实际功率,249,AP,2025-09-05,41,6:50,6:50,NR9,flag,nan,nan,daylight jump > 20%
clean-2025-v1,附件2,光伏发电实际功率,249,DC,2025-09-05,106,17:40,17:40,NR9,flag,nan,nan,daylight jump > 20%
clean-2025-v1,附件2,光伏发电实际功率,249,DD,2025-09-05,107,17:50,17:50,NR9,flag,nan,nan,daylight jump > 20%
clean-2025-v1,附件2,光伏发电实际功率,249,DE,2025-09-05,108,18:00,18:00,NR9,flag,nan,nan,daylight jump > 20%
clean-2025-v1,附件2,光伏发电实际功率,250,AL,2025-09-06,37,6:10,6:10,NR9,flag,nan,nan,daylight jump > 20%
clean-2025-v1,附件2,光伏发电实际功率,250,AM,2025-09-06,38,6:20,6:20,NR9,flag,nan,nan,daylight jump > 20%
clean-2025-v1,附件2,光伏发电实际功率,250,AN,2025-09-06,39,6:30,6:30,NR9,flag,nan,nan,daylight jump > 20%
clean-2025-v1,附件2,光伏发电实际功率,250,AO,2025-09-06,40,6:40,6:40,NR9,flag,nan,nan,daylight jump > 20%
clean-2025-v1,附件2,光伏发电实际功率,250,DA,2025-09-06,104,17:20,17:20,NR9,flag,nan,nan,daylight jump > 20%
clean-2025-v1,附件2,光伏发电实际功率,250,DB,2025-09-06,105,17:30,17:30,NR9,flag,nan,nan,daylight jump > 20%
clean-2025-v1,附件2,光伏发电实际功率,250,DC,2025-09-06,106,17:40,17:40,NR9,flag,nan,nan,daylight jump > 20%
clean-2025-v1,附件2,光伏发电实际功率,250,DD,2025-09-06,107,17:50,17:50,NR9,flag,nan,nan,daylight jump > 20%
clean-2025-v1,附件2,光伏发电实际功率,250,DE,2025-09-06,108,18:00,18:00,NR9,flag,nan,nan,daylight jump > 20%
clean-2025-v1,附件2,光伏发电实际功率,251,AL,2025-09-07,37,6:10,6:10,NR9,flag,nan,nan,daylight jump > 20%
clean-2025-v1,附件2,光伏发电实际功率,251,AM,2025-09-07,38,6:20,6:20,NR9,flag,nan,nan,daylight jump > 20%
clean-2025-v1,附件2,光伏发电实际功率,251,AN,2025-09-07,39,6:30,6:30,NR9,flag,nan,nan,daylight jump > 20%
clean-2025-v1,附件2,光伏发电实际功率,251,AO,2025-09-07,40,6:40,6:40,NR9,flag,nan,nan,daylight jump > 20%
clean-2025-v1,附件2,光伏发电实际功率,251,DB,2025-09-07,105,17:30,17:30,NR9,flag,nan,nan,daylight jump > 20%
clean-2025-v1,附件2,光伏发电实际功率,251,DC,2025-09-07,106,17:40,17:40,NR9,flag,nan,nan,daylight jump > 20%
clean-2025-v1,附件2,光伏发电实际功率,251,DD,2025-09-07,107,17:50,17:50,NR9,flag,nan,nan,daylight jump > 20%
clean-2025-v1,附件2,光伏发电实际功率,251,DE,2025-09-07,108,18:00,18:00,NR9,flag,nan,nan,daylight jump > 20%
clean-2025-v1,附件2,光伏发电实际功率,252,AL,2025-09-08,37,6:10,6:10,NR9,flag,nan,nan,daylight jump > 20%
clean-2025-v1,附件2,光伏发电实际功率,252,AM,2025-09-08,38,6:20,6:20,NR9,flag,nan,nan,daylight jump > 20%
clean-2025-v1,附件2,光伏发电实际功率,252,AN,2025-09-08,39,6:30,6:30,NR9,flag,nan,nan,daylight jump > 20%
clean-2025-v1,附件2,光伏发电实际功率,252,AO,2025-09-08,40,6:40,6:40,NR9,flag,nan,nan,daylight jump > 20%
clean-2025-v1,附件2,光伏发电实际功率,252,DB,2025-09-08,105,17:30,17:30,NR9,flag,nan,nan,daylight jump > 20%
clean-2025-v1,附件2,光伏发电实际功率,252,DC,2025-09-08,106,17:40,17:40,NR9,flag,nan,nan,daylight jump > 20%
clean-2025-v1,附件2,光伏发电实际功率,252,DD,2025-09-08,107,17:50,17:50,NR9,flag,nan,nan,daylight jump > 20%
clean-2025-v1,附件2,光伏发电实际功率,252,DE,2025-09-08,108,18:00,18:00,NR9,flag,nan,nan,daylight jump > 20%
clean-2025-v1,附件2,光伏发电实际功率,253,AL,2025-09-09,37,6:10,6:10,NR9,flag,nan,nan,daylight jump > 20%
clean-2025-v1,附件2,光伏发电实际功率,253,AM,2025-09-09,38,6:20,6:20,NR9,flag,nan,nan,daylight jump > 20%
clean-2025-v1,附件2,光伏发电实际功率,253,AN,2025-09-09,39,6:30,6:30,NR9,flag,nan,nan,daylight jump > 20%
clean-2025-v1,附件2,光伏发电实际功率,253,AO,2025-09-09,40,6:40,6:40,NR9,flag,nan,nan,daylight jump > 20%
clean-2025-v1,附件2,光伏发电实际功率,253,DB,2025-09-09,105,17:30,17:30,NR9,flag,nan,nan,daylight jump > 20%
clean-2025-v1,附件2,光伏发电实际功率,253,DC,2025-09-09,106,17:40,17:40,NR9,flag,nan,nan,daylight jump > 20%
clean-2025-v1,附件2,光伏发电实际功率,253,DD,2025-09-09,107,17:50,17:50,NR9,flag,nan,nan,daylight jump > 20%
clean-2025-v1,附件2,光伏发电实际功率,253,DE,2025-09-09,108,18:00,18:00,NR9,flag,nan,nan,daylight jump > 20%
clean-2025-v1,附件2,光伏发电实际功率,254,AL,2025-09-10,37,6:10,6:10,NR9,flag,nan,nan,daylight jump > 20%
clean-2025-v1,附件2,光伏发电实际功率,254,AM,2025-09-10,38,6:20,6:20,NR9,flag,nan,nan,daylight jump > 20%
clean-2025-v1,附件2,光伏发电实际功率,254,AN,2025-09-10,39,6:30,6:30,NR9,flag,nan,nan,daylight jump > 20%
clean-2025-v1,附件2,光伏发电实际功率,254,AO,2025-09-10,40,6:40,6:40,NR9,flag,nan,nan,daylight jump > 20%
clean-2025-v1,附件2,光伏发电实际功率,254,AP,2025-09-10,41,6:50,6:50,NR9,flag,nan,nan,daylight jump > 20%
clean-2025-v1,附件2,光伏发电实际功率,254,DA,2025-09-10,104,17:20,17:20,NR9,flag,nan,nan,daylight jump > 20%
clean-2025-v1,附件2,光伏发电实际功率,254,DB,2025-09-10,105,17:30,17:30,NR9,flag,nan,nan,daylight jump > 20%
clean-2025-v1,附件2,光伏发电实际功率,254,DC,2025-09-10,106,17:40,17:40,NR9,flag,nan,nan,daylight jump > 20%
clean-2025-v1,附件2,光伏发电实际功率,254,DD,2025-09-10,107,17:50,17:50,NR9,flag,nan,nan,daylight jump > 20%
clean-2025-v1,附件2,光伏发电实际功率,254,DE,2025-09-10,108,18:00,18:00,NR9,flag,nan,nan,daylight jump > 20%
clean-2025-v1,附件2,光伏发电实际功率,255,AL,2025-09-11,37,6:10,6:10,NR9,flag,nan,nan,daylight jump > 20%
clean-2025-v1,附件2,光伏发电实际功率,255,AM,2025-09-11,38,6:20,6:20,NR9,flag,nan,nan,daylight jump > 20%
clean-2025-v1,附件2,光伏发电实际功率,255,AN,2025-09-11,39,6:30,6:30,NR9,flag,nan,nan,daylight jump > 20%
clean-2025-v1,附件2,光伏发电实际功率,255,AO,2025-09-11,40,6:40,6:40,NR9,flag,nan,nan,daylight jump > 20%
clean-2025-v1,附件2,光伏发电实际功率,255,DB,2025-09-11,105,17:30,17:30,NR9,flag,nan,nan,daylight jump > 20%
clean-2025-v1,附件2,光伏发电实际功率,255,DC,2025-09-11,106,17:40,17:40,NR9,flag,nan,nan,daylight jump > 20%
clean-2025-v1,附件2,光伏发电实际功率,255,DD,2025-09-11,107,17:50,17:50,NR9,flag,nan,nan,daylight jump > 20%
clean-2025-v1,附件2,光伏发电实际功率,255,DE,2025-09-11,108,18:00,18:00,NR9,flag,nan,nan,daylight jump > 20%
clean-2025-v1,附件2,光伏发电实际功率,256,AL,2025-09-12,37,6:10,6:10,NR9,flag,nan,nan,daylight jump > 20%
clean-2025-v1,附件2,光伏发电实际功率,256,AM,2025-09-12,38,6:20,6:20,NR9,flag,nan,nan,daylight jump > 20%
clean-2025-v1,附件2,光伏发电实际功率,256,AN,2025-09-12,39,6:30,6:30,NR9,flag,nan,nan,daylight jump > 20%
clean-2025-v1,附件2,光伏发电实际功率,256,AO,2025-09-12,40,6:40,6:40,NR9,flag,nan,nan,daylight jump > 20%
clean-2025-v1,附件2,光伏发电实际功率,256,DB,2025-09-12,105,17:30,17:30,NR9,flag,nan,nan,daylight jump > 20%
clean-2025-v1,附件2,光伏发电实际功率,256,DC,2025-09-12,106,17:40,17:40,NR9,flag,nan,nan,daylight jump > 20%
clean-2025-v1,附件2,光伏发电实际功率,256,DD,2025-09-12,107,17:50,17:50,NR9,flag,nan,nan,daylight jump > 20%
clean-2025-v1,附件2,光伏发电实际功率,256,DE,2025-09-12,108,18:00,18:00,NR9,flag,nan,nan,daylight jump > 20%
clean-2025-v1,附件2,光伏发电实际功率,257,AL,2025-09-13,37,6:10,6:10,NR9,flag,nan,nan,daylight jump > 20%
clean-2025-v1,附件2,光伏发电实际功率,257,AM,2025-09-13,38,6:20,6:20,NR9,flag,nan,nan,daylight jump > 20%
clean-2025-v1,附件2,光伏发电实际功率,257,AN,2025-09-13,39,6:30,6:30,NR9,flag,nan,nan,daylight jump > 20%
clean-2025-v1,附件2,光伏发电实际功率,257,AO,2025-09-13,40,6:40,6:40,NR9,flag,nan,nan,daylight jump > 20%
clean-2025-v1,附件2,光伏发电实际功率,257,AP,2025-09-13,41,6:50,6:50,NR9,flag,nan,nan,daylight jump > 20%
clean-2025-v1,附件2,光伏发电实际功率,257,AQ,2025-09-13,42,7:00,7:00,NR9,flag,nan,nan,daylight jump > 20%
clean-2025-v1,附件2,光伏发电实际功率,257,DC,2025-09-13,106,17:40,17:40,NR9,flag,nan,nan,daylight jump > 20%
clean-2025-v1,附件2,光伏发电实际功率,257,DD,2025-09-13,107,17:50,17:50,NR9,flag,nan,nan,daylight jump > 20%
clean-2025-v1,附件2,光伏发电实际功率,257,DE,2025-09-13,108,18:00,18:00,NR9,flag,nan,nan,daylight jump > 20%
clean-2025-v1,附件2,光伏发电实际功率,258,AL,2025-09-14,37,6:10,6:10,NR9,flag,nan,nan,daylight jump > 20%
clean-2025-v1,附件2,光伏发电实际功率,258,AM,2025-09-14,38,6:20,6:20,NR9,flag,nan,nan,daylight jump > 20%
clean-2025-v1,附件2,光伏发电实际功率,258,AN,2025-09-14,39,6:30,6:30,NR9,flag,nan,nan,daylight jump > 20%
clean-2025-v1,附件2,光伏发电实际功率,258,AO,2025-09-14,40,6:40,6:40,NR9,flag,nan,nan,daylight jump > 20%
clean-2025-v1,附件2,光伏发电实际功率,258,DB,2025-09-14,105,17:30,17:30,NR9,flag,nan,nan,daylight jump > 20%
clean-2025-v1,附件2,光伏发电实际功率,258,DC,2025-09-14,106,17:40,17:40,NR9,flag,nan,nan,daylight jump > 20%
clean-2025-v1,附件2,光伏发电实际功率,258,DD,2025-09-14,107,17:50,17:50,NR9,flag,nan,nan,daylight jump > 20%
clean-2025-v1,附件2,光伏发电实际功率,258,DE,2025-09-14,108,18:00,18:00,NR9,flag,nan,nan,daylight jump > 20%
clean-2025-v1,附件2,光伏发电实际功率,259,AL,2025-09-15,37,6:10,6:10,NR9,flag,nan,nan,daylight jump > 20%
clean-2025-v1,附件2,光伏发电实际功率,259,AM,2025-09-15,38,6:20,6:20,NR9,flag,nan,nan,daylight jump > 20%
clean-2025-v1,附件2,光伏发电实际功率,259,AN,2025-09-15,39,6:30,6:30,NR9,flag,nan,nan,daylight jump > 20%
clean-2025-v1,附件2,光伏发电实际功率,259,AO,2025-09-15,40,6:40,6:40,NR9,flag,nan,nan,daylight jump > 20%
clean-2025-v1,附件2,光伏发电实际功率,259,DA,2025-09-15,104,17:20,17:20,NR9,flag,nan,nan,daylight jump > 20%
clean-2025-v1,附件2,光伏发电实际功率,259,DB,2025-09-15,105,17:30,17:30,NR9,flag,nan,nan,daylight jump > 20%
clean-2025-v1,附件2,光伏发电实际功率,259,DC,2025-09-15,106,17:40,17:40,NR9,flag,nan,nan,daylight jump > 20%
clean-2025-v1,附件2,光伏发电实际功率,259,DD,2025-09-15,107,17:50,17:50,NR9,flag,nan,nan,daylight jump > 20%
clean-2025-v1,附件2,光伏发电实际功率,260,AL,2025-09-16,37,6:10,6:10,NR9,flag,nan,nan,daylight jump > 20%
clean-2025-v1,附件2,光伏发电实际功率,260,AM,2025-09-16,38,6:20,6:20,NR9,flag,nan,nan,daylight jump > 20%
clean-2025-v1,附件2,光伏发电实际功率,260,AN,2025-09-16,39,6:30,6:30,NR9,flag,nan,nan,daylight jump > 20%
clean-2025-v1,附件2,光伏发电实际功率,260,AO,2025-09-16,40,6:40,6:40,NR9,flag,nan,nan,daylight jump > 20%
clean-2025-v1,附件2,光伏发电实际功率,260,DA,2025-09-16,104,17:20,17:20,NR9,flag,nan,nan,daylight jump > 20%
clean-2025-v1,附件2,光伏发电实际功率,260,DB,2025-09-16,105,17:30,17:30,NR9,flag,nan,nan,daylight jump > 20%
clean-2025-v1,附件2,光伏发电实际功率,260,DC,2025-09-16,106,17:40,17:40,NR9,flag,nan,nan,daylight jump > 20%
clean-2025-v1,附件2,光伏发电实际功率,260,DD,2025-09-16,107,17:50,17:50,NR9,flag,nan,nan,daylight jump > 20%
clean-2025-v1,附件2,光伏发电实际功率,261,AM,2025-09-17,38,6:20,6:20,NR9,flag,nan,nan,daylight jump > 20%
clean-2025-v1,附件2,光伏发电实际功率,261,AN,2025-09-17,39,6:30,6:30,NR9,flag,nan,nan,daylight jump > 20%
clean-2025-v1,附件2,光伏发电实际功率,261,AO,2025-09-17,40,6:40,6:40,NR9,flag,nan,nan,daylight jump > 20%
clean-2025-v1,附件2,光伏发电实际功率,261,AP,2025-09-17,41,6:50,6:50,NR9,flag,nan,nan,daylight jump > 20%
clean-2025-v1,附件2,光伏发电实际功率,261,DA,2025-09-17,104,17:20,17:20,NR9,flag,nan,nan,daylight jump > 20%
clean-2025-v1,附件2,光伏发电实际功率,261,DB,2025-09-17,105,17:30,17:30,NR9,flag,nan,nan,daylight jump > 20%
clean-2025-v1,附件2,光伏发电实际功率,261,DC,2025-09-17,106,17:40,17:40,NR9,flag,nan,nan,daylight jump > 20%
clean-2025-v1,附件2,光伏发电实际功率,261,DD,2025-09-17,107,17:50,17:50,NR9,flag,nan,nan,daylight jump > 20%
clean-2025-v1,附件2,光伏发电实际功率,262,AM,2025-09-18,38,6:20,6:20,NR9,flag,nan,nan,daylight jump > 20%
clean-2025-v1,附件2,光伏发电实际功率,262,AN,2025-09-18,39,6:30,6:30,NR9,flag,nan,nan,daylight jump > 20%
clean-2025-v1,附件2,光伏发电实际功率,262,AO,2025-09-18,40,6:40,6:40,NR9,flag,nan,nan,daylight jump > 20%
clean-2025-v1,附件2,光伏发电实际功率,262,AP,2025-09-18,41,6:50,6:50,NR9,flag,nan,nan,daylight jump > 20%
clean-2025-v1,附件2,光伏发电实际功率,262,DA,2025-09-18,104,17:20,17:20,NR9,flag,nan,nan,daylight jump > 20%
clean-2025-v1,附件2,光伏发电实际功率,262,DB,2025-09-18,105,17:30,17:30,NR9,flag,nan,nan,daylight jump > 20%
clean-2025-v1,附件2,光伏发电实际功率,262,DC,2025-09-18,106,17:40,17:40,NR9,flag,nan,nan,daylight jump > 20%
clean-2025-v1,附件2,光伏发电实际功率,262,DD,2025-09-18,107,17:50,17:50,NR9,flag,nan,nan,daylight jump > 20%
clean-2025-v1,附件2,光伏发电实际功率,263,AM,2025-09-19,38,6:20,6:20,NR9,flag,nan,nan,daylight jump > 20%
clean-2025-v1,附件2,光伏发电实际功率,263,AN,2025-09-19,39,6:30,6:30,NR9,flag,nan,nan,daylight jump > 20%
clean-2025-v1,附件2,光伏发电实际功率,263,AO,2025-09-19,40,6:40,6:40,NR9,flag,nan,nan,daylight jump > 20%
clean-2025-v1,附件2,光伏发电实际功率,263,AP,2025-09-19,41,6:50,6:50,NR9,flag,nan,nan,daylight jump > 20%
clean-2025-v1,附件2,光伏发电实际功率,263,DA,2025-09-19,104,17:20,17:20,NR9,flag,nan,nan,daylight jump > 20%
clean-2025-v1,附件2,光伏发电实际功率,263,DB,2025-09-19,105,17:30,17:30,NR9,flag,nan,nan,daylight jump > 20%
clean-2025-v1,附件2,光伏发电实际功率,263,DC,2025-09-19,106,17:40,17:40,NR9,flag,nan,nan,daylight jump > 20%
clean-2025-v1,附件2,光伏发电实际功率,263,DD,2025-09-19,107,17:50,17:50,NR9,flag,nan,nan,daylight jump > 20%
clean-2025-v1,附件2,光伏发电实际功率,264,AM,2025-09-20,38,6:20,6:20,NR9,flag,nan,nan,daylight jump > 20%
clean-2025-v1,附件2,光伏发电实际功率,264,AN,2025-09-20,39,6:30,6:30,NR9,flag,nan,nan,daylight jump > 20%
clean-2025-v1,附件2,光伏发电实际功率,264,AO,2025-09-20,40,6:40,6:40,NR9,flag,nan,nan,daylight jump > 20%
clean-2025-v1,附件2,光伏发电实际功率,264,AP,2025-09-20,41,6:50,6:50,NR9,flag,nan,nan,daylight jump > 20%
clean-2025-v1,附件2,光伏发电实际功率,264,CZ,2025-09-20,103,17:10,17:10,NR9,flag,nan,nan,daylight jump > 20%
clean-2025-v1,附件2,光伏发电实际功率,264,DA,2025-09-20,104,17:20,17:20,NR9,flag,nan,nan,daylight jump > 20%
clean-2025-v1,附件2,光伏发电实际功率,264,DB,2025-09-20,105,17:30,17:30,NR9,flag,nan,nan,daylight jump > 20%
clean-2025-v1,附件2,光伏发电实际功率,264,DC,2025-09-20,106,17:40,17:40,NR9,flag,nan,nan,daylight jump > 20%
clean-2025-v1,附件2,光伏发电实际功率,264,DD,2025-09-20,107,17:50,17:50,NR9,flag,nan,nan,daylight jump > 20%
clean-2025-v1,附件2,光伏发电实际功率,265,AM,2025-09-21,38,6:20,6:20,NR9,flag,nan,nan,daylight jump > 20%
clean-2025-v1,附件2,光伏发电实际功率,265,AN,2025-09-21,39,6:30,6:30,NR9,flag,nan,nan,daylight jump > 20%
clean-2025-v1,附件2,光伏发电实际功率,265,AO,2025-09-21,40,6:40,6:40,NR9,flag,nan,nan,daylight jump > 20%
clean-2025-v1,附件2,光伏发电实际功率,265,AP,2025-09-21,41,6:50,6:50,NR9,flag,nan,nan,daylight jump > 20%
clean-2025-v1,附件2,光伏发电实际功率,265,AQ,2025-09-21,42,7:00,7:00,NR9,flag,nan,nan,daylight jump > 20%
clean-2025-v1,附件2,光伏发电实际功率,265,DA,2025-09-21,104,17:20,17:20,NR9,flag,nan,nan,daylight jump > 20%
clean-2025-v1,附件2,光伏发电实际功率,265,DB,2025-09-21,105,17:30,17:30,NR9,flag,nan,nan,daylight jump > 20%
clean-2025-v1,附件2,光伏发电实际功率,265,DC,2025-09-21,106,17:40,17:40,NR9,flag,nan,nan,daylight jump > 20%
clean-2025-v1,附件2,光伏发电实际功率,265,DD,2025-09-21,107,17:50,17:50,NR9,flag,nan,nan,daylight jump > 20%
clean-2025-v1,附件2,光伏发电实际功率,266,AM,2025-09-22,38,6:20,6:20,NR9,flag,nan,nan,daylight jump > 20%
clean-2025-v1,附件2,光伏发电实际功率,266,AN,2025-09-22,39,6:30,6:30,NR9,flag,nan,nan,daylight jump > 20%
clean-2025-v1,附件2,光伏发电实际功率,266,AO,2025-09-22,40,6:40,6:40,NR9,flag,nan,nan,daylight jump > 20%
clean-2025-v1,附件2,光伏发电实际功率,266,AP,2025-09-22,41,6:50,6:50,NR9,flag,nan,nan,daylight jump > 20%
clean-2025-v1,附件2,光伏发电实际功率,266,CZ,2025-09-22,103,17:10,17:10,NR9,flag,nan,nan,daylight jump > 20%
clean-2025-v1,附件2,光伏发电实际功率,266,DA,2025-09-22,104,17:20,17:20,NR9,flag,nan,nan,daylight jump > 20%
clean-2025-v1,附件2,光伏发电实际功率,266,DB,2025-09-22,105,17:30,17:30,NR9,flag,nan,nan,daylight jump > 20%
clean-2025-v1,附件2,光伏发电实际功率,266,DC,2025-09-22,106,17:40,17:40,NR9,flag,nan,nan,daylight jump > 20%
clean-2025-v1,附件2,光伏发电实际功率,266,DD,2025-09-22,107,17:50,17:50,NR9,flag,nan,nan,daylight jump > 20%
clean-2025-v1,附件2,光伏发电实际功率,267,AM,2025-09-23,38,6:20,6:20,NR9,flag,nan,nan,daylight jump > 20%
clean-2025-v1,附件2,光伏发电实际功率,267,AN,2025-09-23,39,6:30,6:30,NR9,flag,nan,nan,daylight jump > 20%
clean-2025-v1,附件2,光伏发电实际功率,267,AO,2025-09-23,40,6:40,6:40,NR9,flag,nan,nan,daylight jump > 20%
clean-2025-v1,附件2,光伏发电实际功率,267,AP,2025-09-23,41,6:50,6:50,NR9,flag,nan,nan,daylight jump > 20%
clean-2025-v1,附件2,光伏发电实际功率,267,AR,2025-09-23,43,7:10,7:10,NR9,flag,nan,nan,daylight jump > 20%
clean-2025-v1,附件2,光伏发电实际功率,267,CY,2025-09-23,102,17:00,17:00,NR9,flag,nan,nan,daylight jump > 20%
clean-2025-v1,附件2,光伏发电实际功率,267,DA,2025-09-23,104,17:20,17:20,NR9,flag,nan,nan,daylight jump > 20%
clean-2025-v1,附件2,光伏发电实际功率,267,DB,2025-09-23,105,17:30,17:30,NR9,flag,nan,nan,daylight jump > 20%
clean-2025-v1,附件2,光伏发电实际功率,267,DC,2025-09-23,106,17:40,17:40,NR9,flag,nan,nan,daylight jump > 20%
clean-2025-v1,附件2,光伏发电实际功率,267,DD,2025-09-23,107,17:50,17:50,NR9,flag,nan,nan,daylight jump > 20%
clean-2025-v1,附件2,光伏发电实际功率,268,AM,2025-09-24,38,6:20,6:20,NR9,flag,nan,nan,daylight jump > 20%
clean-2025-v1,附件2,光伏发电实际功率,268,AN,2025-09-24,39,6:30,6:30,NR9,flag,nan,nan,daylight jump > 20%
clean-2025-v1,附件2,光伏发电实际功率,268,AO,2025-09-24,40,6:40,6:40,NR9,flag,nan,nan,daylight jump > 20%
clean-2025-v1,附件2,光伏发电实际功率,268,AP,2025-09-24,41,6:50,6:50,NR9,flag,nan,nan,daylight jump > 20%
clean-2025-v1,附件2,光伏发电实际功率,268,AQ,2025-09-24,42,7:00,7:00,NR9,flag,nan,nan,daylight jump > 20%
clean-2025-v1,附件2,光伏发电实际功率,268,CZ,2025-09-24,103,17:10,17:10,NR9,flag,nan,nan,daylight jump > 20%
clean-2025-v1,附件2,光伏发电实际功率,268,DA,2025-09-24,104,17:20,17:20,NR9,flag,nan,nan,daylight jump > 20%
clean-2025-v1,附件2,光伏发电实际功率,268,DB,2025-09-24,105,17:30,17:30,NR9,flag,nan,nan,daylight jump > 20%
clean-2025-v1,附件2,光伏发电实际功率,268,DC,2025-09-24,106,17:40,17:40,NR9,flag,nan,nan,daylight jump > 20%
clean-2025-v1,附件2,光伏发电实际功率,268,DD,2025-09-24,107,17:50,17:50,NR9,flag,nan,nan,daylight jump > 20%
clean-2025-v1,附件2,光伏发电实际功率,269,AM,2025-09-25,38,6:20,6:20,NR9,flag,nan,nan,daylight jump > 20%
clean-2025-v1,附件2,光伏发电实际功率,269,AN,2025-09-25,39,6:30,6:30,NR9,flag,nan,nan,daylight jump > 20%
clean-2025-v1,附件2,光伏发电实际功率,269,AO,2025-09-25,40,6:40,6:40,NR9,flag,nan,nan,daylight jump > 20%
clean-2025-v1,附件2,光伏发电实际功率,269,AP,2025-09-25,41,6:50,6:50,NR9,flag,nan,nan,daylight jump > 20%
clean-2025-v1,附件2,光伏发电实际功率,269,AQ,2025-09-25,42,7:00,7:00,NR9,flag,nan,nan,daylight jump > 20%
clean-2025-v1,附件2,光伏发电实际功率,269,CZ,2025-09-25,103,17:10,17:10,NR9,flag,nan,nan,daylight jump > 20%
clean-2025-v1,附件2,光伏发电实际功率,269,DA,2025-09-25,104,17:20,17:20,NR9,flag,nan,nan,daylight jump > 20%
clean-2025-v1,附件2,光伏发电实际功率,269,DB,2025-09-25,105,17:30,17:30,NR9,flag,nan,nan,daylight jump > 20%
clean-2025-v1,附件2,光伏发电实际功率,269,DC,2025-09-25,106,17:40,17:40,NR9,flag,nan,nan,daylight jump > 20%
clean-2025-v1,附件2,光伏发电实际功率,269,DD,2025-09-25,107,17:50,17:50,NR9,flag,nan,nan,daylight jump > 20%
clean-2025-v1,附件2,光伏发电实际功率,270,AM,2025-09-26,38,6:20,6:20,NR9,flag,nan,nan,daylight jump > 20%
clean-2025-v1,附件2,光伏发电实际功率,270,AN,2025-09-26,39,6:30,6:30,NR9,flag,nan,nan,daylight jump > 20%
clean-2025-v1,附件2,光伏发电实际功率,270,AO,2025-09-26,40,6:40,6:40,NR9,flag,nan,nan,daylight jump > 20%
clean-2025-v1,附件2,光伏发电实际功率,270,AP,2025-09-26,41,6:50,6:50,NR9,flag,nan,nan,daylight jump > 20%
clean-2025-v1,附件2,光伏发电实际功率,270,DA,2025-09-26,104,17:20,17:20,NR9,flag,nan,nan,daylight jump > 20%
clean-2025-v1,附件2,光伏发电实际功率,270,DB,2025-09-26,105,17:30,17:30,NR9,flag,nan,nan,daylight jump > 20%
clean-2025-v1,附件2,光伏发电实际功率,270,DC,2025-09-26,106,17:40,17:40,NR9,flag,nan,nan,daylight jump > 20%
clean-2025-v1,附件2,光伏发电实际功率,270,DD,2025-09-26,107,17:50,17:50,NR9,flag,nan,nan,daylight jump > 20%
clean-2025-v1,附件2,光伏发电实际功率,271,AM,2025-09-27,38,6:20,6:20,NR9,flag,nan,nan,daylight jump > 20%
clean-2025-v1,附件2,光伏发电实际功率,271,AN,2025-09-27,39,6:30,6:30,NR9,flag,nan,nan,daylight jump > 20%
clean-2025-v1,附件2,光伏发电实际功率,271,AO,2025-09-27,40,6:40,6:40,NR9,flag,nan,nan,daylight jump > 20%
clean-2025-v1,附件2,光伏发电实际功率,271,AP,2025-09-27,41,6:50,6:50,NR9,flag,nan,nan,daylight jump > 20%
clean-2025-v1,附件2,光伏发电实际功率,271,AR,2025-09-27,43,7:10,7:10,NR9,flag,nan,nan,daylight jump > 20%
clean-2025-v1,附件2,光伏发电实际功率,271,CZ,2025-09-27,103,17:10,17:10,NR9,flag,nan,nan,daylight jump > 20%
clean-2025-v1,附件2,光伏发电实际功率,271,DA,2025-09-27,104,17:20,17:20,NR9,flag,nan,nan,daylight jump > 20%
clean-2025-v1,附件2,光伏发电实际功率,271,DB,2025-09-27,105,17:30,17:30,NR9,flag,nan,nan,daylight jump > 20%
clean-2025-v1,附件2,光伏发电实际功率,271,DC,2025-09-27,106,17:40,17:40,NR9,flag,nan,nan,daylight jump > 20%
clean-2025-v1,附件2,光伏发电实际功率,272,AN,2025-09-28,39,6:30,6:30,NR9,flag,nan,nan,daylight jump > 20%
clean-2025-v1,附件2,光伏发电实际功率,272,AO,2025-09-28,40,6:40,6:40,NR9,flag,nan,nan,daylight jump > 20%
clean-2025-v1,附件2,光伏发电实际功率,272,AP,2025-09-28,41,6:50,6:50,NR9,flag,nan,nan,daylight jump > 20%
clean-2025-v1,附件2,光伏发电实际功率,272,AQ,2025-09-28,42,7:00,7:00,NR9,flag,nan,nan,daylight jump > 20%
clean-2025-v1,附件2,光伏发电实际功率,272,AR,2025-09-28,43,7:10,7:10,NR9,flag,nan,nan,daylight jump > 20%
clean-2025-v1,附件2,光伏发电实际功率,272,CZ,2025-09-28,103,17:10,17:10,NR9,flag,nan,nan,daylight jump > 20%
clean-2025-v1,附件2,光伏发电实际功率,272,DA,2025-09-28,104,17:20,17:20,NR9,flag,nan,nan,daylight jump > 20%
clean-2025-v1,附件2,光伏发电实际功率,272,DB,2025-09-28,105,17:30,17:30,NR9,flag,nan,nan,daylight jump > 20%
clean-2025-v1,附件2,光伏发电实际功率,272,DC,2025-09-28,106,17:40,17:40,NR9,flag,nan,nan,daylight jump > 20%
clean-2025-v1,附件2,光伏发电实际功率,273,AN,2025-09-29,39,6:30,6:30,NR9,flag,nan,nan,daylight jump > 20%
clean-2025-v1,附件2,光伏发电实际功率,273,AO,2025-09-29,40,6:40,6:40,NR9,flag,nan,nan,daylight jump > 20%
clean-2025-v1,附件2,光伏发电实际功率,273,AP,2025-09-29,41,6:50,6:50,NR9,flag,nan,nan,daylight jump > 20%
clean-2025-v1,附件2,光伏发电实际功率,273,AQ,2025-09-29,42,7:00,7:00,NR9,flag,nan,nan,daylight jump > 20%
clean-2025-v1,附件2,光伏发电实际功率,273,AR,2025-09-29,43,7:10,7:10,NR9,flag,nan,nan,daylight jump > 20%
clean-2025-v1,附件2,光伏发电实际功率,273,CY,2025-09-29,102,17:00,17:00,NR9,flag,nan,nan,daylight jump > 20%
clean-2025-v1,附件2,光伏发电实际功率,273,CZ,2025-09-29,103,17:10,17:10,NR9,flag,nan,nan,daylight jump > 20%
clean-2025-v1,附件2,光伏发电实际功率,273,DA,2025-09-29,104,17:20,17:20,NR9,flag,nan,nan,daylight jump > 20%
clean-2025-v1,附件2,光伏发电实际功率,273,DB,2025-09-29,105,17:30,17:30,NR9,flag,nan,nan,daylight jump > 20%
clean-2025-v1,附件2,光伏发电实际功率,273,DC,2025-09-29,106,17:40,17:40,NR9,flag,nan,nan,daylight jump > 20%
clean-2025-v1,附件2,光伏发电实际功率,274,AN,2025-09-30,39,6:30,6:30,NR9,flag,nan,nan,daylight jump > 20%
clean-2025-v1,附件2,光伏发电实际功率,274,AO,2025-09-30,40,6:40,6:40,NR9,flag,nan,nan,daylight jump > 20%
clean-2025-v1,附件2,光伏发电实际功率,274,AP,2025-09-30,41,6:50,6:50,NR9,flag,nan,nan,daylight jump > 20%
clean-2025-v1,附件2,光伏发电实际功率,274,AQ,2025-09-30,42,7:00,7:00,NR9,flag,nan,nan,daylight jump > 20%
clean-2025-v1,附件2,光伏发电实际功率,274,CZ,2025-09-30,103,17:10,17:10,NR9,flag,nan,nan,daylight jump > 20%
clean-2025-v1,附件2,光伏发电实际功率,274,DA,2025-09-30,104,17:20,17:20,NR9,flag,nan,nan,daylight jump > 20%
clean-2025-v1,附件2,光伏发电实际功率,274,DB,2025-09-30,105,17:30,17:30,NR9,flag,nan,nan,daylight jump > 20%
clean-2025-v1,附件2,光伏发电实际功率,274,DC,2025-09-30,106,17:40,17:40,NR9,flag,nan,nan,daylight jump > 20%
clean-2025-v1,附件2,光伏发电实际功率,275,AN,2025-10-01,39,6:30,6:30,NR9,flag,nan,nan,daylight jump > 20%
clean-2025-v1,附件2,光伏发电实际功率,275,AO,2025-10-01,40,6:40,6:40,NR9,flag,nan,nan,daylight jump > 20%
clean-2025-v1,附件2,光伏发电实际功率,275,AP,2025-10-01,41,6:50,6:50,NR9,flag,nan,nan,daylight jump > 20%
clean-2025-v1,附件2,光伏发电实际功率,275,AQ,2025-10-01,42,7:00,7:00,NR9,flag,nan,nan,daylight jump > 20%
clean-2025-v1,附件2,光伏发电实际功率,275,CY,2025-10-01,102,17:00,17:00,NR9,flag,nan,nan,daylight jump > 20%
clean-2025-v1,附件2,光伏发电实际功率,275,CZ,2025-10-01,103,17:10,17:10,NR9,flag,nan,nan,daylight jump > 20%
clean-2025-v1,附件2,光伏发电实际功率,275,DA,2025-10-01,104,17:20,17:20,NR9,flag,nan,nan,daylight jump > 20%
clean-2025-v1,附件2,光伏发电实际功率,275,DB,2025-10-01,105,17:30,17:30,NR9,flag,nan,nan,daylight jump > 20%
clean-2025-v1,附件2,光伏发电实际功率,275,DC,2025-10-01,106,17:40,17:40,NR9,flag,nan,nan,daylight jump > 20%
clean-2025-v1,附件2,光伏发电实际功率,276,AN,2025-10-02,39,6:30,6:30,NR9,flag,nan,nan,daylight jump > 20%
clean-2025-v1,附件2,光伏发电实际功率,276,AO,2025-10-02,40,6:40,6:40,NR9,flag,nan,nan,daylight jump > 20%
clean-2025-v1,附件2,光伏发电实际功率,276,AP,2025-10-02,41,6:50,6:50,NR9,flag,nan,nan,daylight jump > 20%
clean-2025-v1,附件2,光伏发电实际功率,276,AQ,2025-10-02,42,7:00,7:00,NR9,flag,nan,nan,daylight jump > 20%
clean-2025-v1,附件2,光伏发电实际功率,276,CZ,2025-10-02,103,17:10,17:10,NR9,flag,nan,nan,daylight jump > 20%
clean-2025-v1,附件2,光伏发电实际功率,276,DA,2025-10-02,104,17:20,17:20,NR9,flag,nan,nan,daylight jump > 20%
clean-2025-v1,附件2,光伏发电实际功率,276,DB,2025-10-02,105,17:30,17:30,NR9,flag,nan,nan,daylight jump > 20%
clean-2025-v1,附件2,光伏发电实际功率,276,DC,2025-10-02,106,17:40,17:40,NR9,flag,nan,nan,daylight jump > 20%
clean-2025-v1,附件2,光伏发电实际功率,277,AN,2025-10-03,39,6:30,6:30,NR9,flag,nan,nan,daylight jump > 20%
clean-2025-v1,附件2,光伏发电实际功率,277,AO,2025-10-03,40,6:40,6:40,NR9,flag,nan,nan,daylight jump > 20%
clean-2025-v1,附件2,光伏发电实际功率,277,AP,2025-10-03,41,6:50,6:50,NR9,flag,nan,nan,daylight jump > 20%
clean-2025-v1,附件2,光伏发电实际功率,277,AQ,2025-10-03,42,7:00,7:00,NR9,flag,nan,nan,daylight jump > 20%
clean-2025-v1,附件2,光伏发电实际功率,277,AR,2025-10-03,43,7:10,7:10,NR9,flag,nan,nan,daylight jump > 20%
clean-2025-v1,附件2,光伏发电实际功率,277,CY,2025-10-03,102,17:00,17:00,NR9,flag,nan,nan,daylight jump > 20%
clean-2025-v1,附件2,光伏发电实际功率,277,CZ,2025-10-03,103,17:10,17:10,NR9,flag,nan,nan,daylight jump > 20%
clean-2025-v1,附件2,光伏发电实际功率,277,DA,2025-10-03,104,17:20,17:20,NR9,flag,nan,nan,daylight jump > 20%
clean-2025-v1,附件2,光伏发电实际功率,277,DB,2025-10-03,105,17:30,17:30,NR9,flag,nan,nan,daylight jump > 20%
clean-2025-v1,附件2,光伏发电实际功率,277,DC,2025-10-03,106,17:40,17:40,NR9,flag,nan,nan,daylight jump > 20%
clean-2025-v1,附件2,光伏发电实际功率,278,AN,2025-10-04,39,6:30,6:30,NR9,flag,nan,nan,daylight jump > 20%
clean-2025-v1,附件2,光伏发电实际功率,278,AO,2025-10-04,40,6:40,6:40,NR9,flag,nan,nan,daylight jump > 20%
clean-2025-v1,附件2,光伏发电实际功率,278,AP,2025-10-04,41,6:50,6:50,NR9,flag,nan,nan,daylight jump > 20%
clean-2025-v1,附件2,光伏发电实际功率,278,AQ,2025-10-04,42,7:00,7:00,NR9,flag,nan,nan,daylight jump > 20%
clean-2025-v1,附件2,光伏发电实际功率,278,CZ,2025-10-04,103,17:10,17:10,NR9,flag,nan,nan,daylight jump > 20%
clean-2025-v1,附件2,光伏发电实际功率,278,DA,2025-10-04,104,17:20,17:20,NR9,flag,nan,nan,daylight jump > 20%
clean-2025-v1,附件2,光伏发电实际功率,278,DB,2025-10-04,105,17:30,17:30,NR9,flag,nan,nan,daylight jump > 20%
clean-2025-v1,附件2,光伏发电实际功率,278,DC,2025-10-04,106,17:40,17:40,NR9,flag,nan,nan,daylight jump > 20%
clean-2025-v1,附件2,光伏发电实际功率,279,AN,2025-10-05,39,6:30,6:30,NR9,flag,nan,nan,daylight jump > 20%
clean-2025-v1,附件2,光伏发电实际功率,279,AO,2025-10-05,40,6:40,6:40,NR9,flag,nan,nan,daylight jump > 20%
clean-2025-v1,附件2,光伏发电实际功率,279,AP,2025-10-05,41,6:50,6:50,NR9,flag,nan,nan,daylight jump > 20%
clean-2025-v1,附件2,光伏发电实际功率,279,AQ,2025-10-05,42,7:00,7:00,NR9,flag,nan,nan,daylight jump > 20%
clean-2025-v1,附件2,光伏发电实际功率,279,CY,2025-10-05,102,17:00,17:00,NR9,flag,nan,nan,daylight jump > 20%
clean-2025-v1,附件2,光伏发电实际功率,279,CZ,2025-10-05,103,17:10,17:10,NR9,flag,nan,nan,daylight jump > 20%
clean-2025-v1,附件2,光伏发电实际功率,279,DA,2025-10-05,104,17:20,17:20,NR9,flag,nan,nan,daylight jump > 20%
clean-2025-v1,附件2,光伏发电实际功率,279,DB,2025-10-05,105,17:30,17:30,NR9,flag,nan,nan,daylight jump > 20%
clean-2025-v1,附件2,光伏发电实际功率,279,DC,2025-10-05,106,17:40,17:40,NR9,flag,nan,nan,daylight jump > 20%
clean-2025-v1,附件2,光伏发电实际功率,280,AN,2025-10-06,39,6:30,6:30,NR9,flag,nan,nan,daylight jump > 20%
clean-2025-v1,附件2,光伏发电实际功率,280,AO,2025-10-06,40,6:40,6:40,NR9,flag,nan,nan,daylight jump > 20%
clean-2025-v1,附件2,光伏发电实际功率,280,AP,2025-10-06,41,6:50,6:50,NR9,flag,nan,nan,daylight jump > 20%
clean-2025-v1,附件2,光伏发电实际功率,280,AQ,2025-10-06,42,7:00,7:00,NR9,flag,nan,nan,daylight jump > 20%
clean-2025-v1,附件2,光伏发电实际功率,280,CY,2025-10-06,102,17:00,17:00,NR9,flag,nan,nan,daylight jump > 20%
clean-2025-v1,附件2,光伏发电实际功率,280,CZ,2025-10-06,103,17:10,17:10,NR9,flag,nan,nan,daylight jump > 20%
clean-2025-v1,附件2,光伏发电实际功率,280,DA,2025-10-06,104,17:20,17:20,NR9,flag,nan,nan,daylight jump > 20%
clean-2025-v1,附件2,光伏发电实际功率,280,DB,2025-10-06,105,17:30,17:30,NR9,flag,nan,nan,daylight jump > 20%
clean-2025-v1,附件2,光伏发电实际功率,281,AO,2025-10-07,40,6:40,6:40,NR9,flag,nan,nan,daylight jump > 20%
clean-2025-v1,附件2,光伏发电实际功率,281,AP,2025-10-07,41,6:50,6:50,NR9,flag,nan,nan,daylight jump > 20%
clean-2025-v1,附件2,光伏发电实际功率,281,AQ,2025-10-07,42,7:00,7:00,NR9,flag,nan,nan,daylight jump > 20%
clean-2025-v1,附件2,光伏发电实际功率,281,CY,2025-10-07,102,17:00,17:00,NR9,flag,nan,nan,daylight jump > 20%
clean-2025-v1,附件2,光伏发电实际功率,281,CZ,2025-10-07,103,17:10,17:10,NR9,flag,nan,nan,daylight jump > 20%
clean-2025-v1,附件2,光伏发电实际功率,281,DA,2025-10-07,104,17:20,17:20,NR9,flag,nan,nan,daylight jump > 20%
clean-2025-v1,附件2,光伏发电实际功率,281,DB,2025-10-07,105,17:30,17:30,NR9,flag,nan,nan,daylight jump > 20%
clean-2025-v1,附件2,光伏发电实际功率,282,AO,2025-10-08,40,6:40,6:40,NR9,flag,nan,nan,daylight jump > 20%
clean-2025-v1,附件2,光伏发电实际功率,282,AP,2025-10-08,41,6:50,6:50,NR9,flag,nan,nan,daylight jump > 20%
clean-2025-v1,附件2,光伏发电实际功率,282,AQ,2025-10-08,42,7:00,7:00,NR9,flag,nan,nan,daylight jump > 20%
clean-2025-v1,附件2,光伏发电实际功率,282,AR,2025-10-08,43,7:10,7:10,NR9,flag,nan,nan,daylight jump > 20%
clean-2025-v1,附件2,光伏发电实际功率,282,CY,2025-10-08,102,17:00,17:00,NR9,flag,nan,nan,daylight jump > 20%
clean-2025-v1,附件2,光伏发电实际功率,282,CZ,2025-10-08,103,17:10,17:10,NR9,flag,nan,nan,daylight jump > 20%
clean-2025-v1,附件2,光伏发电实际功率,282,DA,2025-10-08,104,17:20,17:20,NR9,flag,nan,nan,daylight jump > 20%
clean-2025-v1,附件2,光伏发电实际功率,282,DB,2025-10-08,105,17:30,17:30,NR9,flag,nan,nan,daylight jump > 20%
clean-2025-v1,附件2,光伏发电实际功率,283,AO,2025-10-09,40,6:40,6:40,NR9,flag,nan,nan,daylight jump > 20%
clean-2025-v1,附件2,光伏发电实际功率,283,AP,2025-10-09,41,6:50,6:50,NR9,flag,nan,nan,daylight jump > 20%
clean-2025-v1,附件2,光伏发电实际功率,283,AQ,2025-10-09,42,7:00,7:00,NR9,flag,nan,nan,daylight jump > 20%
clean-2025-v1,附件2,光伏发电实际功率,283,AR,2025-10-09,43,7:10,7:10,NR9,flag,nan,nan,daylight jump > 20%
clean-2025-v1,附件2,光伏发电实际功率,283,CZ,2025-10-09,103,17:10,17:10,NR9,flag,nan,nan,daylight jump > 20%
clean-2025-v1,附件2,光伏发电实际功率,283,DA,2025-10-09,104,17:20,17:20,NR9,flag,nan,nan,daylight jump > 20%
clean-2025-v1,附件2,光伏发电实际功率,283,DB,2025-10-09,105,17:30,17:30,NR9,flag,nan,nan,daylight jump > 20%
clean-2025-v1,附件2,光伏发电实际功率,284,AO,2025-10-10,40,6:40,6:40,NR9,flag,nan,nan,daylight jump > 20%
clean-2025-v1,附件2,光伏发电实际功率,284,AP,2025-10-10,41,6:50,6:50,NR9,flag,nan,nan,daylight jump > 20%
clean-2025-v1,附件2,光伏发电实际功率,284,AQ,2025-10-10,42,7:00,7:00,NR9,flag,nan,nan,daylight jump > 20%
clean-2025-v1,附件2,光伏发电实际功率,284,AR,2025-10-10,43,7:10,7:10,NR9,flag,nan,nan,daylight jump > 20%
clean-2025-v1,附件2,光伏发电实际功率,284,AS,2025-10-10,44,7:20,7:20,NR9,flag,nan,nan,daylight jump > 20%
clean-2025-v1,附件2,光伏发电实际功率,284,CY,2025-10-10,102,17:00,17:00,NR9,flag,nan,nan,daylight jump > 20%
clean-2025-v1,附件2,光伏发电实际功率,284,CZ,2025-10-10,103,17:10,17:10,NR9,flag,nan,nan,daylight jump > 20%
clean-2025-v1,附件2,光伏发电实际功率,284,DA,2025-10-10,104,17:20,17:20,NR9,flag,nan,nan,daylight jump > 20%
clean-2025-v1,附件2,光伏发电实际功率,284,DB,2025-10-10,105,17:30,17:30,NR9,flag,nan,nan,daylight jump > 20%
clean-2025-v1,附件2,光伏发电实际功率,285,AO,2025-10-11,40,6:40,6:40,NR9,flag,nan,nan,daylight jump > 20%
clean-2025-v1,附件2,光伏发电实际功率,285,AP,2025-10-11,41,6:50,6:50,NR9,flag,nan,nan,daylight jump > 20%
clean-2025-v1,附件2,光伏发电实际功率,285,AQ,2025-10-11,42,7:00,7:00,NR9,flag,nan,nan,daylight jump > 20%
clean-2025-v1,附件2,光伏发电实际功率,285,AR,2025-10-11,43,7:10,7:10,NR9,flag,nan,nan,daylight jump > 20%
clean-2025-v1,附件2,光伏发电实际功率,285,AS,2025-10-11,44,7:20,7:20,NR9,flag,nan,nan,daylight jump > 20%
clean-2025-v1,附件2,光伏发电实际功率,285,CY,2025-10-11,102,17:00,17:00,NR9,flag,nan,nan,daylight jump > 20%
clean-2025-v1,附件2,光伏发电实际功率,285,CZ,2025-10-11,103,17:10,17:10,NR9,flag,nan,nan,daylight jump > 20%
clean-2025-v1,附件2,光伏发电实际功率,285,DA,2025-10-11,104,17:20,17:20,NR9,flag,nan,nan,daylight jump > 20%
clean-2025-v1,附件2,光伏发电实际功率,285,DB,2025-10-11,105,17:30,17:30,NR9,flag,nan,nan,daylight jump > 20%
clean-2025-v1,附件2,光伏发电实际功率,286,AO,2025-10-12,40,6:40,6:40,NR9,flag,nan,nan,daylight jump > 20%
clean-2025-v1,附件2,光伏发电实际功率,286,AP,2025-10-12,41,6:50,6:50,NR9,flag,nan,nan,daylight jump > 20%
clean-2025-v1,附件2,光伏发电实际功率,286,AQ,2025-10-12,42,7:00,7:00,NR9,flag,nan,nan,daylight jump > 20%
clean-2025-v1,附件2,光伏发电实际功率,286,AR,2025-10-12,43,7:10,7:10,NR9,flag,nan,nan,daylight jump > 20%
clean-2025-v1,附件2,光伏发电实际功率,286,AS,2025-10-12,44,7:20,7:20,NR9,flag,nan,nan,daylight jump > 20%
clean-2025-v1,附件2,光伏发电实际功率,286,CY,2025-10-12,102,17:00,17:00,NR9,flag,nan,nan,daylight jump > 20%
clean-2025-v1,附件2,光伏发电实际功率,286,CZ,2025-10-12,103,17:10,17:10,NR9,flag,nan,nan,daylight jump > 20%
clean-2025-v1,附件2,光伏发电实际功率,286,DA,2025-10-12,104,17:20,17:20,NR9,flag,nan,nan,daylight jump > 20%
clean-2025-v1,附件2,光伏发电实际功率,286,DB,2025-10-12,105,17:30,17:30,NR9,flag,nan,nan,daylight jump > 20%
clean-2025-v1,附件2,光伏发电实际功率,287,AO,2025-10-13,40,6:40,6:40,NR9,flag,nan,nan,daylight jump > 20%
clean-2025-v1,附件2,光伏发电实际功率,287,AP,2025-10-13,41,6:50,6:50,NR9,flag,nan,nan,daylight jump > 20%
clean-2025-v1,附件2,光伏发电实际功率,287,AQ,2025-10-13,42,7:00,7:00,NR9,flag,nan,nan,daylight jump > 20%
clean-2025-v1,附件2,光伏发电实际功率,287,AR,2025-10-13,43,7:10,7:10,NR9,flag,nan,nan,daylight jump > 20%
clean-2025-v1,附件2,光伏发电实际功率,287,AS,2025-10-13,44,7:20,7:20,NR9,flag,nan,nan,daylight jump > 20%
clean-2025-v1,附件2,光伏发电实际功率,287,CX,2025-10-13,101,16:50,16:50,NR9,flag,nan,nan,daylight jump > 20%
clean-2025-v1,附件2,光伏发电实际功率,287,CY,2025-10-13,102,17:00,17:00,NR9,flag,nan,nan,daylight jump > 20%
clean-2025-v1,附件2,光伏发电实际功率,287,CZ,2025-10-13,103,17:10,17:10,NR9,flag,nan,nan,daylight jump > 20%
clean-2025-v1,附件2,光伏发电实际功率,287,DA,2025-10-13,104,17:20,17:20,NR9,flag,nan,nan,daylight jump > 20%
clean-2025-v1,附件2,光伏发电实际功率,287,DB,2025-10-13,105,17:30,17:30,NR9,flag,nan,nan,daylight jump > 20%
clean-2025-v1,附件2,光伏发电实际功率,288,AO,2025-10-14,40,6:40,6:40,NR9,flag,nan,nan,daylight jump > 20%
clean-2025-v1,附件2,光伏发电实际功率,288,AP,2025-10-14,41,6:50,6:50,NR9,flag,nan,nan,daylight jump > 20%
clean-2025-v1,附件2,光伏发电实际功率,288,AQ,2025-10-14,42,7:00,7:00,NR9,flag,nan,nan,daylight jump > 20%
clean-2025-v1,附件2,光伏发电实际功率,288,CX,2025-10-14,101,16:50,16:50,NR9,flag,nan,nan,daylight jump > 20%
clean-2025-v1,附件2,光伏发电实际功率,288,CY,2025-10-14,102,17:00,17:00,NR9,flag,nan,nan,daylight jump > 20%
clean-2025-v1,附件2,光伏发电实际功率,288,CZ,2025-10-14,103,17:10,17:10,NR9,flag,nan,nan,daylight jump > 20%
clean-2025-v1,附件2,光伏发电实际功率,288,DA,2025-10-14,104,17:20,17:20,NR9,flag,nan,nan,daylight jump > 20%
clean-2025-v1,附件2,光伏发电实际功率,288,DB,2025-10-14,105,17:30,17:30,NR9,flag,nan,nan,daylight jump > 20%
clean-2025-v1,附件2,光伏发电实际功率,289,AO,2025-10-15,40,6:40,6:40,NR9,flag,nan,nan,daylight jump > 20%
clean-2025-v1,附件2,光伏发电实际功率,289,AP,2025-10-15,41,6:50,6:50,NR9,flag,nan,nan,daylight jump > 20%
clean-2025-v1,附件2,光伏发电实际功率,289,AQ,2025-10-15,42,7:00,7:00,NR9,flag,nan,nan,daylight jump > 20%
clean-2025-v1,附件2,光伏发电实际功率,289,AR,2025-10-15,43,7:10,7:10,NR9,flag,nan,nan,daylight jump > 20%
clean-2025-v1,附件2,光伏发电实际功率,289,CX,2025-10-15,101,16:50,16:50,NR9,flag,nan,nan,daylight jump > 20%
clean-2025-v1,附件2,光伏发电实际功率,289,CY,2025-10-15,102,17:00,17:00,NR9,flag,nan,nan,daylight jump > 20%
clean-2025-v1,附件2,光伏发电实际功率,289,CZ,2025-10-15,103,17:10,17:10,NR9,flag,nan,nan,daylight jump > 20%
clean-2025-v1,附件2,光伏发电实际功率,289,DA,2025-10-15,104,17:20,17:20,NR9,flag,nan,nan,daylight jump > 20%
clean-2025-v1,附件2,光伏发电实际功率,289,DB,2025-10-15,105,17:30,17:30,NR9,flag,nan,nan,daylight jump > 20%
clean-2025-v1,附件2,光伏发电实际功率,290,AO,2025-10-16,40,6:40,6:40,NR9,flag,nan,nan,daylight jump > 20%
clean-2025-v1,附件2,光伏发电实际功率,290,AP,2025-10-16,41,6:50,6:50,NR9,flag,nan,nan,daylight jump > 20%
clean-2025-v1,附件2,光伏发电实际功率,290,AQ,2025-10-16,42,7:00,7:00,NR9,flag,nan,nan,daylight jump > 20%
clean-2025-v1,附件2,光伏发电实际功率,290,AR,2025-10-16,43,7:10,7:10,NR9,flag,nan,nan,daylight jump > 20%
clean-2025-v1,附件2,光伏发电实际功率,290,CY,2025-10-16,102,17:00,17:00,NR9,flag,nan,nan,daylight jump > 20%
clean-2025-v1,附件2,光伏发电实际功率,290,CZ,2025-10-16,103,17:10,17:10,NR9,flag,nan,nan,daylight jump > 20%
clean-2025-v1,附件2,光伏发电实际功率,290,DA,2025-10-16,104,17:20,17:20,NR9,flag,nan,nan,daylight jump > 20%
clean-2025-v1,附件2,光伏发电实际功率,290,DB,2025-10-16,105,17:30,17:30,NR9,flag,nan,nan,daylight jump > 20%
clean-2025-v1,附件2,光伏发电实际功率,291,AO,2025-10-17,40,6:40,6:40,NR9,flag,nan,nan,daylight jump > 20%
clean-2025-v1,附件2,光伏发电实际功率,291,AP,2025-10-17,41,6:50,6:50,NR9,flag,nan,nan,daylight jump > 20%
clean-2025-v1,附件2,光伏发电实际功率,291,AQ,2025-10-17,42,7:00,7:00,NR9,flag,nan,nan,daylight jump > 20%
clean-2025-v1,附件2,光伏发电实际功率,291,AR,2025-10-17,43,7:10,7:10,NR9,flag,nan,nan,daylight jump > 20%
clean-2025-v1,附件2,光伏发电实际功率,291,AS,2025-10-17,44,7:20,7:20,NR9,flag,nan,nan,daylight jump > 20%
clean-2025-v1,附件2,光伏发电实际功率,291,CX,2025-10-17,101,16:50,16:50,NR9,flag,nan,nan,daylight jump > 20%
clean-2025-v1,附件2,光伏发电实际功率,291,CY,2025-10-17,102,17:00,17:00,NR9,flag,nan,nan,daylight jump > 20%
clean-2025-v1,附件2,光伏发电实际功率,291,CZ,2025-10-17,103,17:10,17:10,NR9,flag,nan,nan,daylight jump > 20%
clean-2025-v1,附件2,光伏发电实际功率,291,DA,2025-10-17,104,17:20,17:20,NR9,flag,nan,nan,daylight jump > 20%
clean-2025-v1,附件2,光伏发电实际功率,291,DB,2025-10-17,105,17:30,17:30,NR9,flag,nan,nan,daylight jump > 20%
clean-2025-v1,附件2,光伏发电实际功率,292,AP,2025-10-18,41,6:50,6:50,NR9,flag,nan,nan,daylight jump > 20%
clean-2025-v1,附件2,光伏发电实际功率,292,AQ,2025-10-18,42,7:00,7:00,NR9,flag,nan,nan,daylight jump > 20%
clean-2025-v1,附件2,光伏发电实际功率,292,AR,2025-10-18,43,7:10,7:10,NR9,flag,nan,nan,daylight jump > 20%
clean-2025-v1,附件2,光伏发电实际功率,292,CY,2025-10-18,102,17:00,17:00,NR9,flag,nan,nan,daylight jump > 20%
clean-2025-v1,附件2,光伏发电实际功率,292,CZ,2025-10-18,103,17:10,17:10,NR9,flag,nan,nan,daylight jump > 20%
clean-2025-v1,附件2,光伏发电实际功率,292,DA,2025-10-18,104,17:20,17:20,NR9,flag,nan,nan,daylight jump > 20%
clean-2025-v1,附件2,光伏发电实际功率,293,AP,2025-10-19,41,6:50,6:50,NR9,flag,nan,nan,daylight jump > 20%
clean-2025-v1,附件2,光伏发电实际功率,293,AQ,2025-10-19,42,7:00,7:00,NR9,flag,nan,nan,daylight jump > 20%
clean-2025-v1,附件2,光伏发电实际功率,293,AR,2025-10-19,43,7:10,7:10,NR9,flag,nan,nan,daylight jump > 20%
clean-2025-v1,附件2,光伏发电实际功率,293,CX,2025-10-19,101,16:50,16:50,NR9,flag,nan,nan,daylight jump > 20%
clean-2025-v1,附件2,光伏发电实际功率,293,CY,2025-10-19,102,17:00,17:00,NR9,flag,nan,nan,daylight jump > 20%
clean-2025-v1,附件2,光伏发电实际功率,293,CZ,2025-10-19,103,17:10,17:10,NR9,flag,nan,nan,daylight jump > 20%
clean-2025-v1,附件2,光伏发电实际功率,293,DA,2025-10-19,104,17:20,17:20,NR9,flag,nan,nan,daylight jump > 20%
clean-2025-v1,附件2,光伏发电实际功率,294,AP,2025-10-20,41,6:50,6:50,NR9,flag,nan,nan,daylight jump > 20%
clean-2025-v1,附件2,光伏发电实际功率,294,AQ,2025-10-20,42,7:00,7:00,NR9,flag,nan,nan,daylight jump > 20%
clean-2025-v1,附件2,光伏发电实际功率,294,AR,2025-10-20,43,7:10,7:10,NR9,flag,nan,nan,daylight jump > 20%
clean-2025-v1,附件2,光伏发电实际功率,294,AS,2025-10-20,44,7:20,7:20,NR9,flag,nan,nan,daylight jump > 20%
clean-2025-v1,附件2,光伏发电实际功率,294,CX,2025-10-20,101,16:50,16:50,NR9,flag,nan,nan,daylight jump > 20%
clean-2025-v1,附件2,光伏发电实际功率,294,CY,2025-10-20,102,17:00,17:00,NR9,flag,nan,nan,daylight jump > 20%
clean-2025-v1,附件2,光伏发电实际功率,294,CZ,2025-10-20,103,17:10,17:10,NR9,flag,nan,nan,daylight jump > 20%
clean-2025-v1,附件2,光伏发电实际功率,294,DA,2025-10-20,104,17:20,17:20,NR9,flag,nan,nan,daylight jump > 20%
clean-2025-v1,附件2,光伏发电实际功率,295,AP,2025-10-21,41,6:50,6:50,NR9,flag,nan,nan,daylight jump > 20%
clean-2025-v1,附件2,光伏发电实际功率,295,AQ,2025-10-21,42,7:00,7:00,NR9,flag,nan,nan,daylight jump > 20%
clean-2025-v1,附件2,光伏发电实际功率,295,AR,2025-10-21,43,7:10,7:10,NR9,flag,nan,nan,daylight jump > 20%
clean-2025-v1,附件2,光伏发电实际功率,295,AS,2025-10-21,44,7:20,7:20,NR9,flag,nan,nan,daylight jump > 20%
clean-2025-v1,附件2,光伏发电实际功率,295,AT,2025-10-21,45,7:30,7:30,NR9,flag,nan,nan,daylight jump > 20%
clean-2025-v1,附件2,光伏发电实际功率,295,CX,2025-10-21,101,16:50,16:50,NR9,flag,nan,nan,daylight jump > 20%
clean-2025-v1,附件2,光伏发电实际功率,295,CY,2025-10-21,102,17:00,17:00,NR9,flag,nan,nan,daylight jump > 20%
clean-2025-v1,附件2,光伏发电实际功率,295,CZ,2025-10-21,103,17:10,17:10,NR9,flag,nan,nan,daylight jump > 20%
clean-2025-v1,附件2,光伏发电实际功率,295,DA,2025-10-21,104,17:20,17:20,NR9,flag,nan,nan,daylight jump > 20%
clean-2025-v1,附件2,光伏发电实际功率,296,AP,2025-10-22,41,6:50,6:50,NR9,flag,nan,nan,daylight jump > 20%
clean-2025-v1,附件2,光伏发电实际功率,296,AQ,2025-10-22,42,7:00,7:00,NR9,flag,nan,nan,daylight jump > 20%
clean-2025-v1,附件2,光伏发电实际功率,296,AR,2025-10-22,43,7:10,7:10,NR9,flag,nan,nan,daylight jump > 20%
clean-2025-v1,附件2,光伏发电实际功率,296,AS,2025-10-22,44,7:20,7:20,NR9,flag,nan,nan,daylight jump > 20%
clean-2025-v1,附件2,光伏发电实际功率,296,CX,2025-10-22,101,16:50,16:50,NR9,flag,nan,nan,daylight jump > 20%
clean-2025-v1,附件2,光伏发电实际功率,296,CY,2025-10-22,102,17:00,17:00,NR9,flag,nan,nan,daylight jump > 20%
clean-2025-v1,附件2,光伏发电实际功率,296,CZ,2025-10-22,103,17:10,17:10,NR9,flag,nan,nan,daylight jump > 20%
clean-2025-v1,附件2,光伏发电实际功率,296,DA,2025-10-22,104,17:20,17:20,NR9,flag,nan,nan,daylight jump > 20%
clean-2025-v1,附件2,光伏发电实际功率,297,AP,2025-10-23,41,6:50,6:50,NR9,flag,nan,nan,daylight jump > 20%
clean-2025-v1,附件2,光伏发电实际功率,297,AQ,2025-10-23,42,7:00,7:00,NR9,flag,nan,nan,daylight jump > 20%
clean-2025-v1,附件2,光伏发电实际功率,297,AR,2025-10-23,43,7:10,7:10,NR9,flag,nan,nan,daylight jump > 20%
clean-2025-v1,附件2,光伏发电实际功率,297,AS,2025-10-23,44,7:20,7:20,NR9,flag,nan,nan,daylight jump > 20%
clean-2025-v1,附件2,光伏发电实际功率,297,AT,2025-10-23,45,7:30,7:30,NR9,flag,nan,nan,daylight jump > 20%
clean-2025-v1,附件2,光伏发电实际功率,297,CX,2025-10-23,101,16:50,16:50,NR9,flag,nan,nan,daylight jump > 20%
clean-2025-v1,附件2,光伏发电实际功率,297,CY,2025-10-23,102,17:00,17:00,NR9,flag,nan,nan,daylight jump > 20%
clean-2025-v1,附件2,光伏发电实际功率,297,CZ,2025-10-23,103,17:10,17:10,NR9,flag,nan,nan,daylight jump > 20%
clean-2025-v1,附件2,光伏发电实际功率,297,DA,2025-10-23,104,17:20,17:20,NR9,flag,nan,nan,daylight jump > 20%
clean-2025-v1,附件2,光伏发电实际功率,298,AP,2025-10-24,41,6:50,6:50,NR9,flag,nan,nan,daylight jump > 20%
clean-2025-v1,附件2,光伏发电实际功率,298,AQ,2025-10-24,42,7:00,7:00,NR9,flag,nan,nan,daylight jump > 20%
clean-2025-v1,附件2,光伏发电实际功率,298,AR,2025-10-24,43,7:10,7:10,NR9,flag,nan,nan,daylight jump > 20%
clean-2025-v1,附件2,光伏发电实际功率,298,AS,2025-10-24,44,7:20,7:20,NR9,flag,nan,nan,daylight jump > 20%
clean-2025-v1,附件2,光伏发电实际功率,298,CX,2025-10-24,101,16:50,16:50,NR9,flag,nan,nan,daylight jump > 20%
clean-2025-v1,附件2,光伏发电实际功率,298,CY,2025-10-24,102,17:00,17:00,NR9,flag,nan,nan,daylight jump > 20%
clean-2025-v1,附件2,光伏发电实际功率,298,CZ,2025-10-24,103,17:10,17:10,NR9,flag,nan,nan,daylight jump > 20%
clean-2025-v1,附件2,光伏发电实际功率,298,DA,2025-10-24,104,17:20,17:20,NR9,flag,nan,nan,daylight jump > 20%
clean-2025-v1,附件2,光伏发电实际功率,299,AP,2025-10-25,41,6:50,6:50,NR9,flag,nan,nan,daylight jump > 20%
clean-2025-v1,附件2,光伏发电实际功率,299,AQ,2025-10-25,42,7:00,7:00,NR9,flag,nan,nan,daylight jump > 20%
clean-2025-v1,附件2,光伏发电实际功率,299,AR,2025-10-25,43,7:10,7:10,NR9,flag,nan,nan,daylight jump > 20%
clean-2025-v1,附件2,光伏发电实际功率,299,AS,2025-10-25,44,7:20,7:20,NR9,flag,nan,nan,daylight jump > 20%
clean-2025-v1,附件2,光伏发电实际功率,299,CX,2025-10-25,101,16:50,16:50,NR9,flag,nan,nan,daylight jump > 20%
clean-2025-v1,附件2,光伏发电实际功率,299,CY,2025-10-25,102,17:00,17:00,NR9,flag,nan,nan,daylight jump > 20%
clean-2025-v1,附件2,光伏发电实际功率,299,CZ,2025-10-25,103,17:10,17:10,NR9,flag,nan,nan,daylight jump > 20%
clean-2025-v1,附件2,光伏发电实际功率,299,DA,2025-10-25,104,17:20,17:20,NR9,flag,nan,nan,daylight jump > 20%
clean-2025-v1,附件2,光伏发电实际功率,300,AP,2025-10-26,41,6:50,6:50,NR9,flag,nan,nan,daylight jump > 20%
clean-2025-v1,附件2,光伏发电实际功率,300,AQ,2025-10-26,42,7:00,7:00,NR9,flag,nan,nan,daylight jump > 20%
clean-2025-v1,附件2,光伏发电实际功率,300,AR,2025-10-26,43,7:10,7:10,NR9,flag,nan,nan,daylight jump > 20%
clean-2025-v1,附件2,光伏发电实际功率,300,AS,2025-10-26,44,7:20,7:20,NR9,flag,nan,nan,daylight jump > 20%
clean-2025-v1,附件2,光伏发电实际功率,300,AT,2025-10-26,45,7:30,7:30,NR9,flag,nan,nan,daylight jump > 20%
clean-2025-v1,附件2,光伏发电实际功率,300,CW,2025-10-26,100,16:40,16:40,NR9,flag,nan,nan,daylight jump > 20%
clean-2025-v1,附件2,光伏发电实际功率,300,CX,2025-10-26,101,16:50,16:50,NR9,flag,nan,nan,daylight jump > 20%
clean-2025-v1,附件2,光伏发电实际功率,300,CY,2025-10-26,102,17:00,17:00,NR9,flag,nan,nan,daylight jump > 20%
clean-2025-v1,附件2,光伏发电实际功率,300,CZ,2025-10-26,103,17:10,17:10,NR9,flag,nan,nan,daylight jump > 20%
clean-2025-v1,附件2,光伏发电实际功率,300,DA,2025-10-26,104,17:20,17:20,NR9,flag,nan,nan,daylight jump > 20%
clean-2025-v1,附件2,光伏发电实际功率,301,AP,2025-10-27,41,6:50,6:50,NR9,flag,nan,nan,daylight jump > 20%
clean-2025-v1,附件2,光伏发电实际功率,301,AQ,2025-10-27,42,7:00,7:00,NR9,flag,nan,nan,daylight jump > 20%
clean-2025-v1,附件2,光伏发电实际功率,301,AR,2025-10-27,43,7:10,7:10,NR9,flag,nan,nan,daylight jump > 20%
clean-2025-v1,附件2,光伏发电实际功率,301,AS,2025-10-27,44,7:20,7:20,NR9,flag,nan,nan,daylight jump > 20%
clean-2025-v1,附件2,光伏发电实际功率,301,CX,2025-10-27,101,16:50,16:50,NR9,flag,nan,nan,daylight jump > 20%
clean-2025-v1,附件2,光伏发电实际功率,301,CY,2025-10-27,102,17:00,17:00,NR9,flag,nan,nan,daylight jump > 20%
clean-2025-v1,附件2,光伏发电实际功率,301,CZ,2025-10-27,103,17:10,17:10,NR9,flag,nan,nan,daylight jump > 20%
clean-2025-v1,附件2,光伏发电实际功率,301,DA,2025-10-27,104,17:20,17:20,NR9,flag,nan,nan,daylight jump > 20%
clean-2025-v1,附件2,光伏发电实际功率,302,AP,2025-10-28,41,6:50,6:50,NR9,flag,nan,nan,daylight jump > 20%
clean-2025-v1,附件2,光伏发电实际功率,302,AQ,2025-10-28,42,7:00,7:00,NR9,flag,nan,nan,daylight jump > 20%
clean-2025-v1,附件2,光伏发电实际功率,302,AR,2025-10-28,43,7:10,7:10,NR9,flag,nan,nan,daylight jump > 20%
clean-2025-v1,附件2,光伏发电实际功率,302,AS,2025-10-28,44,7:20,7:20,NR9,flag,nan,nan,daylight jump > 20%
clean-2025-v1,附件2,光伏发电实际功率,302,CX,2025-10-28,101,16:50,16:50,NR9,flag,nan,nan,daylight jump > 20%
clean-2025-v1,附件2,光伏发电实际功率,302,CY,2025-10-28,102,17:00,17:00,NR9,flag,nan,nan,daylight jump > 20%
clean-2025-v1,附件2,光伏发电实际功率,302,CZ,2025-10-28,103,17:10,17:10,NR9,flag,nan,nan,daylight jump > 20%
clean-2025-v1,附件2,光伏发电实际功率,302,DA,2025-10-28,104,17:20,17:20,NR9,flag,nan,nan,daylight jump > 20%
clean-2025-v1,附件2,光伏发电实际功率,303,AP,2025-10-29,41,6:50,6:50,NR9,flag,nan,nan,daylight jump > 20%
clean-2025-v1,附件2,光伏发电实际功率,303,AQ,2025-10-29,42,7:00,7:00,NR9,flag,nan,nan,daylight jump > 20%
clean-2025-v1,附件2,光伏发电实际功率,303,AR,2025-10-29,43,7:10,7:10,NR9,flag,nan,nan,daylight jump > 20%
clean-2025-v1,附件2,光伏发电实际功率,303,AS,2025-10-29,44,7:20,7:20,NR9,flag,nan,nan,daylight jump > 20%
clean-2025-v1,附件2,光伏发电实际功率,303,CX,2025-10-29,101,16:50,16:50,NR9,flag,nan,nan,daylight jump > 20%
clean-2025-v1,附件2,光伏发电实际功率,303,CY,2025-10-29,102,17:00,17:00,NR9,flag,nan,nan,daylight jump > 20%
clean-2025-v1,附件2,光伏发电实际功率,303,CZ,2025-10-29,103,17:10,17:10,NR9,flag,nan,nan,daylight jump > 20%
clean-2025-v1,附件2,光伏发电实际功率,303,DA,2025-10-29,104,17:20,17:20,NR9,flag,nan,nan,daylight jump > 20%
clean-2025-v1,附件2,光伏发电实际功率,304,AP,2025-10-30,41,6:50,6:50,NR9,flag,nan,nan,daylight jump > 20%
clean-2025-v1,附件2,光伏发电实际功率,304,AQ,2025-10-30,42,7:00,7:00,NR9,flag,nan,nan,daylight jump > 20%
clean-2025-v1,附件2,光伏发电实际功率,304,AR,2025-10-30,43,7:10,7:10,NR9,flag,nan,nan,daylight jump > 20%
clean-2025-v1,附件2,光伏发电实际功率,304,AS,2025-10-30,44,7:20,7:20,NR9,flag,nan,nan,daylight jump > 20%
clean-2025-v1,附件2,光伏发电实际功率,304,AT,2025-10-30,45,7:30,7:30,NR9,flag,nan,nan,daylight jump > 20%
clean-2025-v1,附件2,光伏发电实际功率,304,CW,2025-10-30,100,16:40,16:40,NR9,flag,nan,nan,daylight jump > 20%
clean-2025-v1,附件2,光伏发电实际功率,304,CX,2025-10-30,101,16:50,16:50,NR9,flag,nan,nan,daylight jump > 20%
clean-2025-v1,附件2,光伏发电实际功率,304,CY,2025-10-30,102,17:00,17:00,NR9,flag,nan,nan,daylight jump > 20%
clean-2025-v1,附件2,光伏发电实际功率,304,CZ,2025-10-30,103,17:10,17:10,NR9,flag,nan,nan,daylight jump > 20%
clean-2025-v1,附件2,光伏发电实际功率,304,DA,2025-10-30,104,17:20,17:20,NR9,flag,nan,nan,daylight jump > 20%
clean-2025-v1,附件2,光伏发电实际功率,305,AP,2025-10-31,41,6:50,6:50,NR9,flag,nan,nan,daylight jump > 20%
clean-2025-v1,附件2,光伏发电实际功率,305,AQ,2025-10-31,42,7:00,7:00,NR9,flag,nan,nan,daylight jump > 20%
clean-2025-v1,附件2,光伏发电实际功率,305,AR,2025-10-31,43,7:10,7:10,NR9,flag,nan,nan,daylight jump > 20%
clean-2025-v1,附件2,光伏发电实际功率,305,AS,2025-10-31,44,7:20,7:20,NR9,flag,nan,nan,daylight jump > 20%
clean-2025-v1,附件2,光伏发电实际功率,305,AT,2025-10-31,45,7:30,7:30,NR9,flag,nan,nan,daylight jump > 20%
clean-2025-v1,附件2,光伏发电实际功率,305,CV,2025-10-31,99,16:30,16:30,NR9,flag,nan,nan,daylight jump > 20%
clean-2025-v1,附件2,光伏发电实际功率,305,CW,2025-10-31,100,16:40,16:40,NR9,flag,nan,nan,daylight jump > 20%
clean-2025-v1,附件2,光伏发电实际功率,305,CX,2025-10-31,101,16:50,16:50,NR9,flag,nan,nan,daylight jump > 20%
clean-2025-v1,附件2,光伏发电实际功率,305,CY,2025-10-31,102,17:00,17:00,NR9,flag,nan,nan,daylight jump > 20%
clean-2025-v1,附件2,光伏发电实际功率,305,CZ,2025-10-31,103,17:10,17:10,NR9,flag,nan,nan,daylight jump > 20%
clean-2025-v1,附件2,光伏发电实际功率,306,AQ,2025-11-01,42,7:00,7:00,NR9,flag,nan,nan,daylight jump > 20%
clean-2025-v1,附件2,光伏发电实际功率,306,AR,2025-11-01,43,7:10,7:10,NR9,flag,nan,nan,daylight jump > 20%
clean-2025-v1,附件2,光伏发电实际功率,306,AS,2025-11-01,44,7:20,7:20,NR9,flag,nan,nan,daylight jump > 20%
clean-2025-v1,附件2,光伏发电实际功率,306,CW,2025-11-01,100,16:40,16:40,NR9,flag,nan,nan,daylight jump > 20%
clean-2025-v1,附件2,光伏发电实际功率,306,CX,2025-11-01,101,16:50,16:50,NR9,flag,nan,nan,daylight jump > 20%
clean-2025-v1,附件2,光伏发电实际功率,306,CY,2025-11-01,102,17:00,17:00,NR9,flag,nan,nan,daylight jump > 20%
clean-2025-v1,附件2,光伏发电实际功率,306,CZ,2025-11-01,103,17:10,17:10,NR9,flag,nan,nan,daylight jump > 20%
clean-2025-v1,附件2,光伏发电实际功率,307,AQ,2025-11-02,42,7:00,7:00,NR9,flag,nan,nan,daylight jump > 20%
clean-2025-v1,附件2,光伏发电实际功率,307,AR,2025-11-02,43,7:10,7:10,NR9,flag,nan,nan,daylight jump > 20%
clean-2025-v1,附件2,光伏发电实际功率,307,AS,2025-11-02,44,7:20,7:20,NR9,flag,nan,nan,daylight jump > 20%
clean-2025-v1,附件2,光伏发电实际功率,307,CW,2025-11-02,100,16:40,16:40,NR9,flag,nan,nan,daylight jump > 20%
clean-2025-v1,附件2,光伏发电实际功率,307,CX,2025-11-02,101,16:50,16:50,NR9,flag,nan,nan,daylight jump > 20%
clean-2025-v1,附件2,光伏发电实际功率,307,CY,2025-11-02,102,17:00,17:00,NR9,flag,nan,nan,daylight jump > 20%
clean-2025-v1,附件2,光伏发电实际功率,307,CZ,2025-11-02,103,17:10,17:10,NR9,flag,nan,nan,daylight jump > 20%
clean-2025-v1,附件2,光伏发电实际功率,308,AQ,2025-11-03,42,7:00,7:00,NR9,flag,nan,nan,daylight jump > 20%
clean-2025-v1,附件2,光伏发电实际功率,308,AR,2025-11-03,43,7:10,7:10,NR9,flag,nan,nan,daylight jump > 20%
clean-2025-v1,附件2,光伏发电实际功率,308,AS,2025-11-03,44,7:20,7:20,NR9,flag,nan,nan,daylight jump > 20%
clean-2025-v1,附件2,光伏发电实际功率,308,AT,2025-11-03,45,7:30,7:30,NR9,flag,nan,nan,daylight jump > 20%
clean-2025-v1,附件2,光伏发电实际功率,308,CW,2025-11-03,100,16:40,16:40,NR9,flag,nan,nan,daylight jump > 20%
clean-2025-v1,附件2,光伏发电实际功率,308,CX,2025-11-03,101,16:50,16:50,NR9,flag,nan,nan,daylight jump > 20%
clean-2025-v1,附件2,光伏发电实际功率,308,CY,2025-11-03,102,17:00,17:00,NR9,flag,nan,nan,daylight jump > 20%
clean-2025-v1,附件2,光伏发电实际功率,308,CZ,2025-11-03,103,17:10,17:10,NR9,flag,nan,nan,daylight jump > 20%
clean-2025-v1,附件2,光伏发电实际功率,309,AQ,2025-11-04,42,7:00,7:00,NR9,flag,nan,nan,daylight jump > 20%
clean-2025-v1,附件2,光伏发电实际功率,309,AR,2025-11-04,43,7:10,7:10,NR9,flag,nan,nan,daylight jump > 20%
clean-2025-v1,附件2,光伏发电实际功率,309,AS,2025-11-04,44,7:20,7:20,NR9,flag,nan,nan,daylight jump > 20%
clean-2025-v1,附件2,光伏发电实际功率,309,AT,2025-11-04,45,7:30,7:30,NR9,flag,nan,nan,daylight jump > 20%
clean-2025-v1,附件2,光伏发电实际功率,309,CV,2025-11-04,99,16:30,16:30,NR9,flag,nan,nan,daylight jump > 20%
clean-2025-v1,附件2,光伏发电实际功率,309,CW,2025-11-04,100,16:40,16:40,NR9,flag,nan,nan,daylight jump > 20%
clean-2025-v1,附件2,光伏发电实际功率,309,CX,2025-11-04,101,16:50,16:50,NR9,flag,nan,nan,daylight jump > 20%
clean-2025-v1,附件2,光伏发电实际功率,309,CY,2025-11-04,102,17:00,17:00,NR9,flag,nan,nan,daylight jump > 20%
clean-2025-v1,附件2,光伏发电实际功率,309,CZ,2025-11-04,103,17:10,17:10,NR9,flag,nan,nan,daylight jump > 20%
clean-2025-v1,附件2,光伏发电实际功率,310,AQ,2025-11-05,42,7:00,7:00,NR9,flag,nan,nan,daylight jump > 20%
clean-2025-v1,附件2,光伏发电实际功率,310,AR,2025-11-05,43,7:10,7:10,NR9,flag,nan,nan,daylight jump > 20%
clean-2025-v1,附件2,光伏发电实际功率,310,AS,2025-11-05,44,7:20,7:20,NR9,flag,nan,nan,daylight jump > 20%
clean-2025-v1,附件2,光伏发电实际功率,310,AT,2025-11-05,45,7:30,7:30,NR9,flag,nan,nan,daylight jump > 20%
clean-2025-v1,附件2,光伏发电实际功率,310,CW,2025-11-05,100,16:40,16:40,NR9,flag,nan,nan,daylight jump > 20%
clean-2025-v1,附件2,光伏发电实际功率,310,CX,2025-11-05,101,16:50,16:50,NR9,flag,nan,nan,daylight jump > 20%
clean-2025-v1,附件2,光伏发电实际功率,310,CY,2025-11-05,102,17:00,17:00,NR9,flag,nan,nan,daylight jump > 20%
clean-2025-v1,附件2,光伏发电实际功率,310,CZ,2025-11-05,103,17:10,17:10,NR9,flag,nan,nan,daylight jump > 20%
clean-2025-v1,附件2,光伏发电实际功率,311,AQ,2025-11-06,42,7:00,7:00,NR9,flag,nan,nan,daylight jump > 20%
clean-2025-v1,附件2,光伏发电实际功率,311,AR,2025-11-06,43,7:10,7:10,NR9,flag,nan,nan,daylight jump > 20%
clean-2025-v1,附件2,光伏发电实际功率,311,AS,2025-11-06,44,7:20,7:20,NR9,flag,nan,nan,daylight jump > 20%
clean-2025-v1,附件2,光伏发电实际功率,311,AT,2025-11-06,45,7:30,7:30,NR9,flag,nan,nan,daylight jump > 20%
clean-2025-v1,附件2,光伏发电实际功率,311,CV,2025-11-06,99,16:30,16:30,NR9,flag,nan,nan,daylight jump > 20%
clean-2025-v1,附件2,光伏发电实际功率,311,CW,2025-11-06,100,16:40,16:40,NR9,flag,nan,nan,daylight jump > 20%
clean-2025-v1,附件2,光伏发电实际功率,311,CX,2025-11-06,101,16:50,16:50,NR9,flag,nan,nan,daylight jump > 20%
clean-2025-v1,附件2,光伏发电实际功率,311,CY,2025-11-06,102,17:00,17:00,NR9,flag,nan,nan,daylight jump > 20%
clean-2025-v1,附件2,光伏发电实际功率,311,CZ,2025-11-06,103,17:10,17:10,NR9,flag,nan,nan,daylight jump > 20%
clean-2025-v1,附件2,光伏发电实际功率,312,AQ,2025-11-07,42,7:00,7:00,NR9,flag,nan,nan,daylight jump > 20%
clean-2025-v1,附件2,光伏发电实际功率,312,AR,2025-11-07,43,7:10,7:10,NR9,flag,nan,nan,daylight jump > 20%
clean-2025-v1,附件2,光伏发电实际功率,312,AS,2025-11-07,44,7:20,7:20,NR9,flag,nan,nan,daylight jump > 20%
clean-2025-v1,附件2,光伏发电实际功率,312,AT,2025-11-07,45,7:30,7:30,NR9,flag,nan,nan,daylight jump > 20%
clean-2025-v1,附件2,光伏发电实际功率,312,CV,2025-11-07,99,16:30,16:30,NR9,flag,nan,nan,daylight jump > 20%
clean-2025-v1,附件2,光伏发电实际功率,312,CW,2025-11-07,100,16:40,16:40,NR9,flag,nan,nan,daylight jump > 20%
clean-2025-v1,附件2,光伏发电实际功率,312,CX,2025-11-07,101,16:50,16:50,NR9,flag,nan,nan,daylight jump > 20%
clean-2025-v1,附件2,光伏发电实际功率,312,CY,2025-11-07,102,17:00,17:00,NR9,flag,nan,nan,daylight jump > 20%
clean-2025-v1,附件2,光伏发电实际功率,312,CZ,2025-11-07,103,17:10,17:10,NR9,flag,nan,nan,daylight jump > 20%
clean-2025-v1,附件2,光伏发电实际功率,313,AQ,2025-11-08,42,7:00,7:00,NR9,flag,nan,nan,daylight jump > 20%
clean-2025-v1,附件2,光伏发电实际功率,313,AR,2025-11-08,43,7:10,7:10,NR9,flag,nan,nan,daylight jump > 20%
clean-2025-v1,附件2,光伏发电实际功率,313,AS,2025-11-08,44,7:20,7:20,NR9,flag,nan,nan,daylight jump > 20%
clean-2025-v1,附件2,光伏发电实际功率,313,AT,2025-11-08,45,7:30,7:30,NR9,flag,nan,nan,daylight jump > 20%
clean-2025-v1,附件2,光伏发电实际功率,313,CV,2025-11-08,99,16:30,16:30,NR9,flag,nan,nan,daylight jump > 20%
clean-2025-v1,附件2,光伏发电实际功率,313,CW,2025-11-08,100,16:40,16:40,NR9,flag,nan,nan,daylight jump > 20%
clean-2025-v1,附件2,光伏发电实际功率,313,CX,2025-11-08,101,16:50,16:50,NR9,flag,nan,nan,daylight jump > 20%
clean-2025-v1,附件2,光伏发电实际功率,313,CY,2025-11-08,102,17:00,17:00,NR9,flag,nan,nan,daylight jump > 20%
clean-2025-v1,附件2,光伏发电实际功率,313,CZ,2025-11-08,103,17:10,17:10,NR9,flag,nan,nan,daylight jump > 20%
clean-2025-v1,附件2,光伏发电实际功率,314,AQ,2025-11-09,42,7:00,7:00,NR9,flag,nan,nan,daylight jump > 20%
clean-2025-v1,附件2,光伏发电实际功率,314,AR,2025-11-09,43,7:10,7:10,NR9,flag,nan,nan,daylight jump > 20%
clean-2025-v1,附件2,光伏发电实际功率,314,AS,2025-11-09,44,7:20,7:20,NR9,flag,nan,nan,daylight jump > 20%
clean-2025-v1,附件2,光伏发电实际功率,314,AT,2025-11-09,45,7:30,7:30,NR9,flag,nan,nan,daylight jump > 20%
clean-2025-v1,附件2,光伏发电实际功率,314,CW,2025-11-09,100,16:40,16:40,NR9,flag,nan,nan,daylight jump > 20%
clean-2025-v1,附件2,光伏发电实际功率,314,CX,2025-11-09,101,16:50,16:50,NR9,flag,nan,nan,daylight jump > 20%
clean-2025-v1,附件2,光伏发电实际功率,314,CY,2025-11-09,102,17:00,17:00,NR9,flag,nan,nan,daylight jump > 20%
clean-2025-v1,附件2,光伏发电实际功率,314,CZ,2025-11-09,103,17:10,17:10,NR9,flag,nan,nan,daylight jump > 20%
clean-2025-v1,附件2,光伏发电实际功率,315,AQ,2025-11-10,42,7:00,7:00,NR9,flag,nan,nan,daylight jump > 20%
clean-2025-v1,附件2,光伏发电实际功率,315,AR,2025-11-10,43,7:10,7:10,NR9,flag,nan,nan,daylight jump > 20%
clean-2025-v1,附件2,光伏发电实际功率,315,AS,2025-11-10,44,7:20,7:20,NR9,flag,nan,nan,daylight jump > 20%
clean-2025-v1,附件2,光伏发电实际功率,315,AT,2025-11-10,45,7:30,7:30,NR9,flag,nan,nan,daylight jump > 20%
clean-2025-v1,附件2,光伏发电实际功率,315,AU,2025-11-10,46,7:40,7:40,NR9,flag,nan,nan,daylight jump > 20%
clean-2025-v1,附件2,光伏发电实际功率,315,CV,2025-11-10,99,16:30,16:30,NR9,flag,nan,nan,daylight jump > 20%
clean-2025-v1,附件2,光伏发电实际功率,315,CW,2025-11-10,100,16:40,16:40,NR9,flag,nan,nan,daylight jump > 20%
clean-2025-v1,附件2,光伏发电实际功率,315,CX,2025-11-10,101,16:50,16:50,NR9,flag,nan,nan,daylight jump > 20%
clean-2025-v1,附件2,光伏发电实际功率,315,CY,2025-11-10,102,17:00,17:00,NR9,flag,nan,nan,daylight jump > 20%
clean-2025-v1,附件2,光伏发电实际功率,315,CZ,2025-11-10,103,17:10,17:10,NR9,flag,nan,nan,daylight jump > 20%
clean-2025-v1,附件2,光伏发电实际功率,316,AQ,2025-11-11,42,7:00,7:00,NR9,flag,nan,nan,daylight jump > 20%
clean-2025-v1,附件2,光伏发电实际功率,316,AR,2025-11-11,43,7:10,7:10,NR9,flag,nan,nan,daylight jump > 20%
clean-2025-v1,附件2,光伏发电实际功率,316,AS,2025-11-11,44,7:20,7:20,NR9,flag,nan,nan,daylight jump > 20%
clean-2025-v1,附件2,光伏发电实际功率,316,AT,2025-11-11,45,7:30,7:30,NR9,flag,nan,nan,daylight jump > 20%
clean-2025-v1,附件2,光伏发电实际功率,316,AU,2025-11-11,46,7:40,7:40,NR9,flag,nan,nan,daylight jump > 20%
clean-2025-v1,附件2,光伏发电实际功率,316,CW,2025-11-11,100,16:40,16:40,NR9,flag,nan,nan,daylight jump > 20%
clean-2025-v1,附件2,光伏发电实际功率,316,CX,2025-11-11,101,16:50,16:50,NR9,flag,nan,nan,daylight jump > 20%
clean-2025-v1,附件2,光伏发电实际功率,316,CY,2025-11-11,102,17:00,17:00,NR9,flag,nan,nan,daylight jump > 20%
clean-2025-v1,附件2,光伏发电实际功率,316,CZ,2025-11-11,103,17:10,17:10,NR9,flag,nan,nan,daylight jump > 20%
clean-2025-v1,附件2,光伏发电实际功率,317,AR,2025-11-12,43,7:10,7:10,NR9,flag,nan,nan,daylight jump > 20%
clean-2025-v1,附件2,光伏发电实际功率,317,AS,2025-11-12,44,7:20,7:20,NR9,flag,nan,nan,daylight jump > 20%
clean-2025-v1,附件2,光伏发电实际功率,317,AT,2025-11-12,45,7:30,7:30,NR9,flag,nan,nan,daylight jump > 20%
clean-2025-v1,附件2,光伏发电实际功率,317,CV,2025-11-12,99,16:30,16:30,NR9,flag,nan,nan,daylight jump > 20%
clean-2025-v1,附件2,光伏发电实际功率,317,CW,2025-11-12,100,16:40,16:40,NR9,flag,nan,nan,daylight jump > 20%
clean-2025-v1,附件2,光伏发电实际功率,317,CX,2025-11-12,101,16:50,16:50,NR9,flag,nan,nan,daylight jump > 20%
clean-2025-v1,附件2,光伏发电实际功率,317,CY,2025-11-12,102,17:00,17:00,NR9,flag,nan,nan,daylight jump > 20%
clean-2025-v1,附件2,光伏发电实际功率,318,AQ,2025-11-13,42,7:00,7:00,NR9,flag,nan,nan,daylight jump > 20%
clean-2025-v1,附件2,光伏发电实际功率,318,AR,2025-11-13,43,7:10,7:10,NR9,flag,nan,nan,daylight jump > 20%
clean-2025-v1,附件2,光伏发电实际功率,318,AS,2025-11-13,44,7:20,7:20,NR9,flag,nan,nan,daylight jump > 20%
clean-2025-v1,附件2,光伏发电实际功率,318,AT,2025-11-13,45,7:30,7:30,NR9,flag,nan,nan,daylight jump > 20%
clean-2025-v1,附件2,光伏发电实际功率,318,CV,2025-11-13,99,16:30,16:30,NR9,flag,nan,nan,daylight jump > 20%
clean-2025-v1,附件2,光伏发电实际功率,318,CW,2025-11-13,100,16:40,16:40,NR9,flag,nan,nan,daylight jump > 20%
clean-2025-v1,附件2,光伏发电实际功率,318,CX,2025-11-13,101,16:50,16:50,NR9,flag,nan,nan,daylight jump > 20%
clean-2025-v1,附件2,光伏发电实际功率,318,CY,2025-11-13,102,17:00,17:00,NR9,flag,nan,nan,daylight jump > 20%
clean-2025-v1,附件2,光伏发电实际功率,319,AR,2025-11-14,43,7:10,7:10,NR9,flag,nan,nan,daylight jump > 20%
clean-2025-v1,附件2,光伏发电实际功率,319,AS,2025-11-14,44,7:20,7:20,NR9,flag,nan,nan,daylight jump > 20%
clean-2025-v1,附件2,光伏发电实际功率,319,AT,2025-11-14,45,7:30,7:30,NR9,flag,nan,nan,daylight jump > 20%
clean-2025-v1,附件2,光伏发电实际功率,319,AU,2025-11-14,46,7:40,7:40,NR9,flag,nan,nan,daylight jump > 20%
clean-2025-v1,附件2,光伏发电实际功率,319,AV,2025-11-14,47,7:50,7:50,NR9,flag,nan,nan,daylight jump > 20%
clean-2025-v1,附件2,光伏发电实际功率,319,CV,2025-11-14,99,16:30,16:30,NR9,flag,nan,nan,daylight jump > 20%
clean-2025-v1,附件2,光伏发电实际功率,319,CW,2025-11-14,100,16:40,16:40,NR9,flag,nan,nan,daylight jump > 20%
clean-2025-v1,附件2,光伏发电实际功率,319,CX,2025-11-14,101,16:50,16:50,NR9,flag,nan,nan,daylight jump > 20%
clean-2025-v1,附件2,光伏发电实际功率,319,CY,2025-11-14,102,17:00,17:00,NR9,flag,nan,nan,daylight jump > 20%
clean-2025-v1,附件2,光伏发电实际功率,320,AR,2025-11-15,43,7:10,7:10,NR9,flag,nan,nan,daylight jump > 20%
clean-2025-v1,附件2,光伏发电实际功率,320,AS,2025-11-15,44,7:20,7:20,NR9,flag,nan,nan,daylight jump > 20%
clean-2025-v1,附件2,光伏发电实际功率,320,AT,2025-11-15,45,7:30,7:30,NR9,flag,nan,nan,daylight jump > 20%
clean-2025-v1,附件2,光伏发电实际功率,320,AU,2025-11-15,46,7:40,7:40,NR9,flag,nan,nan,daylight jump > 20%
clean-2025-v1,附件2,光伏发电实际功率,320,CW,2025-11-15,100,16:40,16:40,NR9,flag,nan,nan,daylight jump > 20%
clean-2025-v1,附件2,光伏发电实际功率,320,CX,2025-11-15,101,16:50,16:50,NR9,flag,nan,nan,daylight jump > 20%
clean-2025-v1,附件2,光伏发电实际功率,320,CY,2025-11-15,102,17:00,17:00,NR9,flag,nan,nan,daylight jump > 20%
clean-2025-v1,附件2,光伏发电实际功率,321,AR,2025-11-16,43,7:10,7:10,NR9,flag,nan,nan,daylight jump > 20%
clean-2025-v1,附件2,光伏发电实际功率,321,AS,2025-11-16,44,7:20,7:20,NR9,flag,nan,nan,daylight jump > 20%
clean-2025-v1,附件2,光伏发电实际功率,321,AT,2025-11-16,45,7:30,7:30,NR9,flag,nan,nan,daylight jump > 20%
clean-2025-v1,附件2,光伏发电实际功率,321,AU,2025-11-16,46,7:40,7:40,NR9,flag,nan,nan,daylight jump > 20%
clean-2025-v1,附件2,光伏发电实际功率,321,CV,2025-11-16,99,16:30,16:30,NR9,flag,nan,nan,daylight jump > 20%
clean-2025-v1,附件2,光伏发电实际功率,321,CW,2025-11-16,100,16:40,16:40,NR9,flag,nan,nan,daylight jump > 20%
clean-2025-v1,附件2,光伏发电实际功率,321,CX,2025-11-16,101,16:50,16:50,NR9,flag,nan,nan,daylight jump > 20%
clean-2025-v1,附件2,光伏发电实际功率,321,CY,2025-11-16,102,17:00,17:00,NR9,flag,nan,nan,daylight jump > 20%
clean-2025-v1,附件2,光伏发电实际功率,322,AR,2025-11-17,43,7:10,7:10,NR9,flag,nan,nan,daylight jump > 20%
clean-2025-v1,附件2,光伏发电实际功率,322,AS,2025-11-17,44,7:20,7:20,NR9,flag,nan,nan,daylight jump > 20%
clean-2025-v1,附件2,光伏发电实际功率,322,AT,2025-11-17,45,7:30,7:30,NR9,flag,nan,nan,daylight jump > 20%
clean-2025-v1,附件2,光伏发电实际功率,322,AU,2025-11-17,46,7:40,7:40,NR9,flag,nan,nan,daylight jump > 20%
clean-2025-v1,附件2,光伏发电实际功率,322,CU,2025-11-17,98,16:20,16:20,NR9,flag,nan,nan,daylight jump > 20%
clean-2025-v1,附件2,光伏发电实际功率,322,CV,2025-11-17,99,16:30,16:30,NR9,flag,nan,nan,daylight jump > 20%
clean-2025-v1,附件2,光伏发电实际功率,322,CW,2025-11-17,100,16:40,16:40,NR9,flag,nan,nan,daylight jump > 20%
clean-2025-v1,附件2,光伏发电实际功率,322,CX,2025-11-17,101,16:50,16:50,NR9,flag,nan,nan,daylight jump > 20%
clean-2025-v1,附件2,光伏发电实际功率,322,CY,2025-11-17,102,17:00,17:00,NR9,flag,nan,nan,daylight jump > 20%
clean-2025-v1,附件2,光伏发电实际功率,323,AR,2025-11-18,43,7:10,7:10,NR9,flag,nan,nan,daylight jump > 20%
clean-2025-v1,附件2,光伏发电实际功率,323,AS,2025-11-18,44,7:20,7:20,NR9,flag,nan,nan,daylight jump > 20%
clean-2025-v1,附件2,光伏发电实际功率,323,AT,2025-11-18,45,7:30,7:30,NR9,flag,nan,nan,daylight jump > 20%
clean-2025-v1,附件2,光伏发电实际功率,323,AU,2025-11-18,46,7:40,7:40,NR9,flag,nan,nan,daylight jump > 20%
clean-2025-v1,附件2,光伏发电实际功率,323,CV,2025-11-18,99,16:30,16:30,NR9,flag,nan,nan,daylight jump > 20%
clean-2025-v1,附件2,光伏发电实际功率,323,CW,2025-11-18,100,16:40,16:40,NR9,flag,nan,nan,daylight jump > 20%
clean-2025-v1,附件2,光伏发电实际功率,323,CX,2025-11-18,101,16:50,16:50,NR9,flag,nan,nan,daylight jump > 20%
clean-2025-v1,附件2,光伏发电实际功率,323,CY,2025-11-18,102,17:00,17:00,NR9,flag,nan,nan,daylight jump > 20%
clean-2025-v1,附件2,光伏发电实际功率,324,AR,2025-11-19,43,7:10,7:10,NR9,flag,nan,nan,daylight jump > 20%
clean-2025-v1,附件2,光伏发电实际功率,324,AS,2025-11-19,44,7:20,7:20,NR9,flag,nan,nan,daylight jump > 20%
clean-2025-v1,附件2,光伏发电实际功率,324,AT,2025-11-19,45,7:30,7:30,NR9,flag,nan,nan,daylight jump > 20%
clean-2025-v1,附件2,光伏发电实际功率,324,AU,2025-11-19,46,7:40,7:40,NR9,flag,nan,nan,daylight jump > 20%
clean-2025-v1,附件2,光伏发电实际功率,324,CV,2025-11-19,99,16:30,16:30,NR9,flag,nan,nan,daylight jump > 20%
clean-2025-v1,附件2,光伏发电实际功率,324,CW,2025-11-19,100,16:40,16:40,NR9,flag,nan,nan,daylight jump > 20%
clean-2025-v1,附件2,光伏发电实际功率,324,CX,2025-11-19,101,16:50,16:50,NR9,flag,nan,nan,daylight jump > 20%
clean-2025-v1,附件2,光伏发电实际功率,324,CY,2025-11-19,102,17:00,17:00,NR9,flag,nan,nan,daylight jump > 20%
clean-2025-v1,附件2,光伏发电实际功率,325,AR,2025-11-20,43,7:10,7:10,NR9,flag,nan,nan,daylight jump > 20%
clean-2025-v1,附件2,光伏发电实际功率,325,AS,2025-11-20,44,7:20,7:20,NR9,flag,nan,nan,daylight jump > 20%
clean-2025-v1,附件2,光伏发电实际功率,325,AT,2025-11-20,45,7:30,7:30,NR9,flag,nan,nan,daylight jump > 20%
clean-2025-v1,附件2,光伏发电实际功率,325,AU,2025-11-20,46,7:40,7:40,NR9,flag,nan,nan,daylight jump > 20%
clean-2025-v1,附件2,光伏发电实际功率,325,CV,2025-11-20,99,16:30,16:30,NR9,flag,nan,nan,daylight jump > 20%
clean-2025-v1,附件2,光伏发电实际功率,325,CW,2025-11-20,100,16:40,16:40,NR9,flag,nan,nan,daylight jump > 20%
clean-2025-v1,附件2,光伏发电实际功率,325,CX,2025-11-20,101,16:50,16:50,NR9,flag,nan,nan,daylight jump > 20%
clean-2025-v1,附件2,光伏发电实际功率,325,CY,2025-11-20,102,17:00,17:00,NR9,flag,nan,nan,daylight jump > 20%
clean-2025-v1,附件2,光伏发电实际功率,326,AR,2025-11-21,43,7:10,7:10,NR9,flag,nan,nan,daylight jump > 20%
clean-2025-v1,附件2,光伏发电实际功率,326,AS,2025-11-21,44,7:20,7:20,NR9,flag,nan,nan,daylight jump > 20%
clean-2025-v1,附件2,光伏发电实际功率,326,AT,2025-11-21,45,7:30,7:30,NR9,flag,nan,nan,daylight jump > 20%
clean-2025-v1,附件2,光伏发电实际功率,326,AU,2025-11-21,46,7:40,7:40,NR9,flag,nan,nan,daylight jump > 20%
clean-2025-v1,附件2,光伏发电实际功率,326,CV,2025-11-21,99,16:30,16:30,NR9,flag,nan,nan,daylight jump > 20%
clean-2025-v1,附件2,光伏发电实际功率,326,CW,2025-11-21,100,16:40,16:40,NR9,flag,nan,nan,daylight jump > 20%
clean-2025-v1,附件2,光伏发电实际功率,326,CX,2025-11-21,101,16:50,16:50,NR9,flag,nan,nan,daylight jump > 20%
clean-2025-v1,附件2,光伏发电实际功率,326,CY,2025-11-21,102,17:00,17:00,NR9,flag,nan,nan,daylight jump > 20%
clean-2025-v1,附件2,光伏发电实际功率,327,AR,2025-11-22,43,7:10,7:10,NR9,flag,nan,nan,daylight jump > 20%
clean-2025-v1,附件2,光伏发电实际功率,327,AS,2025-11-22,44,7:20,7:20,NR9,flag,nan,nan,daylight jump > 20%
clean-2025-v1,附件2,光伏发电实际功率,327,AT,2025-11-22,45,7:30,7:30,NR9,flag,nan,nan,daylight jump > 20%
clean-2025-v1,附件2,光伏发电实际功率,327,AU,2025-11-22,46,7:40,7:40,NR9,flag,nan,nan,daylight jump > 20%
clean-2025-v1,附件2,光伏发电实际功率,327,AV,2025-11-22,47,7:50,7:50,NR9,flag,nan,nan,daylight jump > 20%
clean-2025-v1,附件2,光伏发电实际功率,327,CU,2025-11-22,98,16:20,16:20,NR9,flag,nan,nan,daylight jump > 20%
clean-2025-v1,附件2,光伏发电实际功率,327,CV,2025-11-22,99,16:30,16:30,NR9,flag,nan,nan,daylight jump > 20%
clean-2025-v1,附件2,光伏发电实际功率,327,CW,2025-11-22,100,16:40,16:40,NR9,flag,nan,nan,daylight jump > 20%
clean-2025-v1,附件2,光伏发电实际功率,327,CX,2025-11-22,101,16:50,16:50,NR9,flag,nan,nan,daylight jump > 20%
clean-2025-v1,附件2,光伏发电实际功率,327,CY,2025-11-22,102,17:00,17:00,NR9,flag,nan,nan,daylight jump > 20%
clean-2025-v1,附件2,光伏发电实际功率,328,AR,2025-11-23,43,7:10,7:10,NR9,flag,nan,nan,daylight jump > 20%
clean-2025-v1,附件2,光伏发电实际功率,328,AS,2025-11-23,44,7:20,7:20,NR9,flag,nan,nan,daylight jump > 20%
clean-2025-v1,附件2,光伏发电实际功率,328,AT,2025-11-23,45,7:30,7:30,NR9,flag,nan,nan,daylight jump > 20%
clean-2025-v1,附件2,光伏发电实际功率,328,AU,2025-11-23,46,7:40,7:40,NR9,flag,nan,nan,daylight jump > 20%
clean-2025-v1,附件2,光伏发电实际功率,328,AV,2025-11-23,47,7:50,7:50,NR9,flag,nan,nan,daylight jump > 20%
clean-2025-v1,附件2,光伏发电实际功率,328,CV,2025-11-23,99,16:30,16:30,NR9,flag,nan,nan,daylight jump > 20%
clean-2025-v1,附件2,光伏发电实际功率,328,CW,2025-11-23,100,16:40,16:40,NR9,flag,nan,nan,daylight jump > 20%
clean-2025-v1,附件2,光伏发电实际功率,328,CX,2025-11-23,101,16:50,16:50,NR9,flag,nan,nan,daylight jump > 20%
clean-2025-v1,附件2,光伏发电实际功率,328,CY,2025-11-23,102,17:00,17:00,NR9,flag,nan,nan,daylight jump > 20%
clean-2025-v1,附件2,光伏发电实际功率,329,AR,2025-11-24,43,7:10,7:10,NR9,flag,nan,nan,daylight jump > 20%
clean-2025-v1,附件2,光伏发电实际功率,329,AS,2025-11-24,44,7:20,7:20,NR9,flag,nan,nan,daylight jump > 20%
clean-2025-v1,附件2,光伏发电实际功率,329,AT,2025-11-24,45,7:30,7:30,NR9,flag,nan,nan,daylight jump > 20%
clean-2025-v1,附件2,光伏发电实际功率,329,AU,2025-11-24,46,7:40,7:40,NR9,flag,nan,nan,daylight jump > 20%
clean-2025-v1,附件2,光伏发电实际功率,329,AV,2025-11-24,47,7:50,7:50,NR9,flag,nan,nan,daylight jump > 20%
clean-2025-v1,附件2,光伏发电实际功率,329,CV,2025-11-24,99,16:30,16:30,NR9,flag,nan,nan,daylight jump > 20%
clean-2025-v1,附件2,光伏发电实际功率,329,CW,2025-11-24,100,16:40,16:40,NR9,flag,nan,nan,daylight jump > 20%
clean-2025-v1,附件2,光伏发电实际功率,329,CX,2025-11-24,101,16:50,16:50,NR9,flag,nan,nan,daylight jump > 20%
clean-2025-v1,附件2,光伏发电实际功率,329,CY,2025-11-24,102,17:00,17:00,NR9,flag,nan,nan,daylight jump > 20%
clean-2025-v1,附件2,光伏发电实际功率,330,AR,2025-11-25,43,7:10,7:10,NR9,flag,nan,nan,daylight jump > 20%
clean-2025-v1,附件2,光伏发电实际功率,330,AS,2025-11-25,44,7:20,7:20,NR9,flag,nan,nan,daylight jump > 20%
clean-2025-v1,附件2,光伏发电实际功率,330,AT,2025-11-25,45,7:30,7:30,NR9,flag,nan,nan,daylight jump > 20%
clean-2025-v1,附件2,光伏发电实际功率,330,AU,2025-11-25,46,7:40,7:40,NR9,flag,nan,nan,daylight jump > 20%
clean-2025-v1,附件2,光伏发电实际功率,330,CU,2025-11-25,98,16:20,16:20,NR9,flag,nan,nan,daylight jump > 20%
clean-2025-v1,附件2,光伏发电实际功率,330,CV,2025-11-25,99,16:30,16:30,NR9,flag,nan,nan,daylight jump > 20%
clean-2025-v1,附件2,光伏发电实际功率,330,CW,2025-11-25,100,16:40,16:40,NR9,flag,nan,nan,daylight jump > 20%
clean-2025-v1,附件2,光伏发电实际功率,330,CX,2025-11-25,101,16:50,16:50,NR9,flag,nan,nan,daylight jump > 20%
clean-2025-v1,附件2,光伏发电实际功率,330,CY,2025-11-25,102,17:00,17:00,NR9,flag,nan,nan,daylight jump > 20%
clean-2025-v1,附件2,光伏发电实际功率,331,AR,2025-11-26,43,7:10,7:10,NR9,flag,nan,nan,daylight jump > 20%
clean-2025-v1,附件2,光伏发电实际功率,331,AS,2025-11-26,44,7:20,7:20,NR9,flag,nan,nan,daylight jump > 20%
clean-2025-v1,附件2,光伏发电实际功率,331,AT,2025-11-26,45,7:30,7:30,NR9,flag,nan,nan,daylight jump > 20%
clean-2025-v1,附件2,光伏发电实际功率,331,AU,2025-11-26,46,7:40,7:40,NR9,flag,nan,nan,daylight jump > 20%
clean-2025-v1,附件2,光伏发电实际功率,331,AV,2025-11-26,47,7:50,7:50,NR9,flag,nan,nan,daylight jump > 20%
clean-2025-v1,附件2,光伏发电实际功率,331,CV,2025-11-26,99,16:30,16:30,NR9,flag,nan,nan,daylight jump > 20%
clean-2025-v1,附件2,光伏发电实际功率,331,CW,2025-11-26,100,16:40,16:40,NR9,flag,nan,nan,daylight jump > 20%
clean-2025-v1,附件2,光伏发电实际功率,331,CX,2025-11-26,101,16:50,16:50,NR9,flag,nan,nan,daylight jump > 20%
clean-2025-v1,附件2,光伏发电实际功率,331,CY,2025-11-26,102,17:00,17:00,NR9,flag,nan,nan,daylight jump > 20%
clean-2025-v1,附件2,光伏发电实际功率,332,AR,2025-11-27,43,7:10,7:10,NR9,flag,nan,nan,daylight jump > 20%
clean-2025-v1,附件2,光伏发电实际功率,332,AS,2025-11-27,44,7:20,7:20,NR9,flag,nan,nan,daylight jump > 20%
clean-2025-v1,附件2,光伏发电实际功率,332,AT,2025-11-27,45,7:30,7:30,NR9,flag,nan,nan,daylight jump > 20%
clean-2025-v1,附件2,光伏发电实际功率,332,AU,2025-11-27,46,7:40,7:40,NR9,flag,nan,nan,daylight jump > 20%
clean-2025-v1,附件2,光伏发电实际功率,332,AV,2025-11-27,47,7:50,7:50,NR9,flag,nan,nan,daylight jump > 20%
clean-2025-v1,附件2,光伏发电实际功率,332,CU,2025-11-27,98,16:20,16:20,NR9,flag,nan,nan,daylight jump > 20%
clean-2025-v1,附件2,光伏发电实际功率,332,CV,2025-11-27,99,16:30,16:30,NR9,flag,nan,nan,daylight jump > 20%
clean-2025-v1,附件2,光伏发电实际功率,332,CW,2025-11-27,100,16:40,16:40,NR9,flag,nan,nan,daylight jump > 20%
clean-2025-v1,附件2,光伏发电实际功率,332,CX,2025-11-27,101,16:50,16:50,NR9,flag,nan,nan,daylight jump > 20%
clean-2025-v1,附件2,光伏发电实际功率,332,CY,2025-11-27,102,17:00,17:00,NR9,flag,nan,nan,daylight jump > 20%
clean-2025-v1,附件2,光伏发电实际功率,333,AR,2025-11-28,43,7:10,7:10,NR9,flag,nan,nan,daylight jump > 20%
clean-2025-v1,附件2,光伏发电实际功率,333,AS,2025-11-28,44,7:20,7:20,NR9,flag,nan,nan,daylight jump > 20%
clean-2025-v1,附件2,光伏发电实际功率,333,AT,2025-11-28,45,7:30,7:30,NR9,flag,nan,nan,daylight jump > 20%
clean-2025-v1,附件2,光伏发电实际功率,333,AU,2025-11-28,46,7:40,7:40,NR9,flag,nan,nan,daylight jump > 20%
clean-2025-v1,附件2,光伏发电实际功率,333,CU,2025-11-28,98,16:20,16:20,NR9,flag,nan,nan,daylight jump > 20%
clean-2025-v1,附件2,光伏发电实际功率,333,CV,2025-11-28,99,16:30,16:30,NR9,flag,nan,nan,daylight jump > 20%
clean-2025-v1,附件2,光伏发电实际功率,333,CW,2025-11-28,100,16:40,16:40,NR9,flag,nan,nan,daylight jump > 20%
clean-2025-v1,附件2,光伏发电实际功率,333,CX,2025-11-28,101,16:50,16:50,NR9,flag,nan,nan,daylight jump > 20%
clean-2025-v1,附件2,光伏发电实际功率,333,CY,2025-11-28,102,17:00,17:00,NR9,flag,nan,nan,daylight jump > 20%
clean-2025-v1,附件2,光伏发电实际功率,334,AR,2025-11-29,43,7:10,7:10,NR9,flag,nan,nan,daylight jump > 20%
clean-2025-v1,附件2,光伏发电实际功率,334,AS,2025-11-29,44,7:20,7:20,NR9,flag,nan,nan,daylight jump > 20%
clean-2025-v1,附件2,光伏发电实际功率,334,AT,2025-11-29,45,7:30,7:30,NR9,flag,nan,nan,daylight jump > 20%
clean-2025-v1,附件2,光伏发电实际功率,334,AU,2025-11-29,46,7:40,7:40,NR9,flag,nan,nan,daylight jump > 20%
clean-2025-v1,附件2,光伏发电实际功率,334,AV,2025-11-29,47,7:50,7:50,NR9,flag,nan,nan,daylight jump > 20%
clean-2025-v1,附件2,光伏发电实际功率,334,CV,2025-11-29,99,16:30,16:30,NR9,flag,nan,nan,daylight jump > 20%
clean-2025-v1,附件2,光伏发电实际功率,334,CW,2025-11-29,100,16:40,16:40,NR9,flag,nan,nan,daylight jump > 20%
clean-2025-v1,附件2,光伏发电实际功率,334,CX,2025-11-29,101,16:50,16:50,NR9,flag,nan,nan,daylight jump > 20%
clean-2025-v1,附件2,光伏发电实际功率,334,CY,2025-11-29,102,17:00,17:00,NR9,flag,nan,nan,daylight jump > 20%
clean-2025-v1,附件2,光伏发电实际功率,335,AS,2025-11-30,44,7:20,7:20,NR9,flag,nan,nan,daylight jump > 20%
clean-2025-v1,附件2,光伏发电实际功率,335,AT,2025-11-30,45,7:30,7:30,NR9,flag,nan,nan,daylight jump > 20%
clean-2025-v1,附件2,光伏发电实际功率,335,AU,2025-11-30,46,7:40,7:40,NR9,flag,nan,nan,daylight jump > 20%
clean-2025-v1,附件2,光伏发电实际功率,335,AV,2025-11-30,47,7:50,7:50,NR9,flag,nan,nan,daylight jump > 20%
clean-2025-v1,附件2,光伏发电实际功率,335,CU,2025-11-30,98,16:20,16:20,NR9,flag,nan,nan,daylight jump > 20%
clean-2025-v1,附件2,光伏发电实际功率,335,CV,2025-11-30,99,16:30,16:30,NR9,flag,nan,nan,daylight jump > 20%
clean-2025-v1,附件2,光伏发电实际功率,335,CW,2025-11-30,100,16:40,16:40,NR9,flag,nan,nan,daylight jump > 20%
clean-2025-v1,附件2,光伏发电实际功率,335,CX,2025-11-30,101,16:50,16:50,NR9,flag,nan,nan,daylight jump > 20%
clean-2025-v1,附件2,光伏发电实际功率,336,AS,2025-12-01,44,7:20,7:20,NR9,flag,nan,nan,daylight jump > 20%
clean-2025-v1,附件2,光伏发电实际功率,336,AT,2025-12-01,45,7:30,7:30,NR9,flag,nan,nan,daylight jump > 20%
clean-2025-v1,附件2,光伏发电实际功率,336,AU,2025-12-01,46,7:40,7:40,NR9,flag,nan,nan,daylight jump > 20%
clean-2025-v1,附件2,光伏发电实际功率,336,AV,2025-12-01,47,7:50,7:50,NR9,flag,nan,nan,daylight jump > 20%
clean-2025-v1,附件2,光伏发电实际功率,336,CU,2025-12-01,98,16:20,16:20,NR9,flag,nan,nan,daylight jump > 20%
clean-2025-v1,附件2,光伏发电实际功率,336,CV,2025-12-01,99,16:30,16:30,NR9,flag,nan,nan,daylight jump > 20%
clean-2025-v1,附件2,光伏发电实际功率,336,CW,2025-12-01,100,16:40,16:40,NR9,flag,nan,nan,daylight jump > 20%
clean-2025-v1,附件2,光伏发电实际功率,336,CX,2025-12-01,101,16:50,16:50,NR9,flag,nan,nan,daylight jump > 20%
clean-2025-v1,附件2,光伏发电实际功率,337,AS,2025-12-02,44,7:20,7:20,NR9,flag,nan,nan,daylight jump > 20%
clean-2025-v1,附件2,光伏发电实际功率,337,AT,2025-12-02,45,7:30,7:30,NR9,flag,nan,nan,daylight jump > 20%
clean-2025-v1,附件2,光伏发电实际功率,337,AU,2025-12-02,46,7:40,7:40,NR9,flag,nan,nan,daylight jump > 20%
clean-2025-v1,附件2,光伏发电实际功率,337,CT,2025-12-02,97,16:10,16:10,NR9,flag,nan,nan,daylight jump > 20%
clean-2025-v1,附件2,光伏发电实际功率,337,CU,2025-12-02,98,16:20,16:20,NR9,flag,nan,nan,daylight jump > 20%
clean-2025-v1,附件2,光伏发电实际功率,337,CV,2025-12-02,99,16:30,16:30,NR9,flag,nan,nan,daylight jump > 20%
clean-2025-v1,附件2,光伏发电实际功率,337,CW,2025-12-02,100,16:40,16:40,NR9,flag,nan,nan,daylight jump > 20%
clean-2025-v1,附件2,光伏发电实际功率,337,CX,2025-12-02,101,16:50,16:50,NR9,flag,nan,nan,daylight jump > 20%
clean-2025-v1,附件2,光伏发电实际功率,338,AS,2025-12-03,44,7:20,7:20,NR9,flag,nan,nan,daylight jump > 20%
clean-2025-v1,附件2,光伏发电实际功率,338,AT,2025-12-03,45,7:30,7:30,NR9,flag,nan,nan,daylight jump > 20%
clean-2025-v1,附件2,光伏发电实际功率,338,AU,2025-12-03,46,7:40,7:40,NR9,flag,nan,nan,daylight jump > 20%
clean-2025-v1,附件2,光伏发电实际功率,338,AV,2025-12-03,47,7:50,7:50,NR9,flag,nan,nan,daylight jump > 20%
clean-2025-v1,附件2,光伏发电实际功率,338,CU,2025-12-03,98,16:20,16:20,NR9,flag,nan,nan,daylight jump > 20%
clean-2025-v1,附件2,光伏发电实际功率,338,CV,2025-12-03,99,16:30,16:30,NR9,flag,nan,nan,daylight jump > 20%
clean-2025-v1,附件2,光伏发电实际功率,338,CW,2025-12-03,100,16:40,16:40,NR9,flag,nan,nan,daylight jump > 20%
clean-2025-v1,附件2,光伏发电实际功率,338,CX,2025-12-03,101,16:50,16:50,NR9,flag,nan,nan,daylight jump > 20%
clean-2025-v1,附件2,光伏发电实际功率,339,AS,2025-12-04,44,7:20,7:20,NR9,flag,nan,nan,daylight jump > 20%
clean-2025-v1,附件2,光伏发电实际功率,339,AT,2025-12-04,45,7:30,7:30,NR9,flag,nan,nan,daylight jump > 20%
clean-2025-v1,附件2,光伏发电实际功率,339,AU,2025-12-04,46,7:40,7:40,NR9,flag,nan,nan,daylight jump > 20%
clean-2025-v1,附件2,光伏发电实际功率,339,AV,2025-12-04,47,7:50,7:50,NR9,flag,nan,nan,daylight jump > 20%
clean-2025-v1,附件2,光伏发电实际功率,339,CU,2025-12-04,98,16:20,16:20,NR9,flag,nan,nan,daylight jump > 20%
clean-2025-v1,附件2,光伏发电实际功率,339,CV,2025-12-04,99,16:30,16:30,NR9,flag,nan,nan,daylight jump > 20%
clean-2025-v1,附件2,光伏发电实际功率,339,CW,2025-12-04,100,16:40,16:40,NR9,flag,nan,nan,daylight jump > 20%
clean-2025-v1,附件2,光伏发电实际功率,339,CX,2025-12-04,101,16:50,16:50,NR9,flag,nan,nan,daylight jump > 20%
clean-2025-v1,附件2,光伏发电实际功率,340,AS,2025-12-05,44,7:20,7:20,NR9,flag,nan,nan,daylight jump > 20%
clean-2025-v1,附件2,光伏发电实际功率,340,AT,2025-12-05,45,7:30,7:30,NR9,flag,nan,nan,daylight jump > 20%
clean-2025-v1,附件2,光伏发电实际功率,340,AU,2025-12-05,46,7:40,7:40,NR9,flag,nan,nan,daylight jump > 20%
clean-2025-v1,附件2,光伏发电实际功率,340,AV,2025-12-05,47,7:50,7:50,NR9,flag,nan,nan,daylight jump > 20%
clean-2025-v1,附件2,光伏发电实际功率,340,CU,2025-12-05,98,16:20,16:20,NR9,flag,nan,nan,daylight jump > 20%
clean-2025-v1,附件2,光伏发电实际功率,340,CV,2025-12-05,99,16:30,16:30,NR9,flag,nan,nan,daylight jump > 20%
clean-2025-v1,附件2,光伏发电实际功率,340,CW,2025-12-05,100,16:40,16:40,NR9,flag,nan,nan,daylight jump > 20%
clean-2025-v1,附件2,光伏发电实际功率,340,CX,2025-12-05,101,16:50,16:50,NR9,flag,nan,nan,daylight jump > 20%
clean-2025-v1,附件2,光伏发电实际功率,341,AS,2025-12-06,44,7:20,7:20,NR9,flag,nan,nan,daylight jump > 20%
clean-2025-v1,附件2,光伏发电实际功率,341,AT,2025-12-06,45,7:30,7:30,NR9,flag,nan,nan,daylight jump > 20%
clean-2025-v1,附件2,光伏发电实际功率,341,AU,2025-12-06,46,7:40,7:40,NR9,flag,nan,nan,daylight jump > 20%
clean-2025-v1,附件2,光伏发电实际功率,341,AV,2025-12-06,47,7:50,7:50,NR9,flag,nan,nan,daylight jump > 20%
clean-2025-v1,附件2,光伏发电实际功率,341,CT,2025-12-06,97,16:10,16:10,NR9,flag,nan,nan,daylight jump > 20%
clean-2025-v1,附件2,光伏发电实际功率,341,CU,2025-12-06,98,16:20,16:20,NR9,flag,nan,nan,daylight jump > 20%
clean-2025-v1,附件2,光伏发电实际功率,341,CV,2025-12-06,99,16:30,16:30,NR9,flag,nan,nan,daylight jump > 20%
clean-2025-v1,附件2,光伏发电实际功率,341,CW,2025-12-06,100,16:40,16:40,NR9,flag,nan,nan,daylight jump > 20%
clean-2025-v1,附件2,光伏发电实际功率,341,CX,2025-12-06,101,16:50,16:50,NR9,flag,nan,nan,daylight jump > 20%
clean-2025-v1,附件2,光伏发电实际功率,342,AS,2025-12-07,44,7:20,7:20,NR9,flag,nan,nan,daylight jump > 20%
clean-2025-v1,附件2,光伏发电实际功率,342,AT,2025-12-07,45,7:30,7:30,NR9,flag,nan,nan,daylight jump > 20%
clean-2025-v1,附件2,光伏发电实际功率,342,AU,2025-12-07,46,7:40,7:40,NR9,flag,nan,nan,daylight jump > 20%
clean-2025-v1,附件2,光伏发电实际功率,342,AV,2025-12-07,47,7:50,7:50,NR9,flag,nan,nan,daylight jump > 20%
clean-2025-v1,附件2,光伏发电实际功率,342,CU,2025-12-07,98,16:20,16:20,NR9,flag,nan,nan,daylight jump > 20%
clean-2025-v1,附件2,光伏发电实际功率,342,CV,2025-12-07,99,16:30,16:30,NR9,flag,nan,nan,daylight jump > 20%
clean-2025-v1,附件2,光伏发电实际功率,342,CW,2025-12-07,100,16:40,16:40,NR9,flag,nan,nan,daylight jump > 20%
clean-2025-v1,附件2,光伏发电实际功率,342,CX,2025-12-07,101,16:50,16:50,NR9,flag,nan,nan,daylight jump > 20%
clean-2025-v1,附件2,光伏发电实际功率,343,AS,2025-12-08,44,7:20,7:20,NR9,flag,nan,nan,daylight jump > 20%
clean-2025-v1,附件2,光伏发电实际功率,343,AT,2025-12-08,45,7:30,7:30,NR9,flag,nan,nan,daylight jump > 20%
clean-2025-v1,附件2,光伏发电实际功率,343,AU,2025-12-08,46,7:40,7:40,NR9,flag,nan,nan,daylight jump > 20%
clean-2025-v1,附件2,光伏发电实际功率,343,AV,2025-12-08,47,7:50,7:50,NR9,flag,nan,nan,daylight jump > 20%
clean-2025-v1,附件2,光伏发电实际功率,343,CU,2025-12-08,98,16:20,16:20,NR9,flag,nan,nan,daylight jump > 20%
clean-2025-v1,附件2,光伏发电实际功率,343,CV,2025-12-08,99,16:30,16:30,NR9,flag,nan,nan,daylight jump > 20%
clean-2025-v1,附件2,光伏发电实际功率,343,CW,2025-12-08,100,16:40,16:40,NR9,flag,nan,nan,daylight jump > 20%
clean-2025-v1,附件2,光伏发电实际功率,343,CX,2025-12-08,101,16:50,16:50,NR9,flag,nan,nan,daylight jump > 20%
clean-2025-v1,附件2,光伏发电实际功率,344,AS,2025-12-09,44,7:20,7:20,NR9,flag,nan,nan,daylight jump > 20%
clean-2025-v1,附件2,光伏发电实际功率,344,AT,2025-12-09,45,7:30,7:30,NR9,flag,nan,nan,daylight jump > 20%
clean-2025-v1,附件2,光伏发电实际功率,344,AU,2025-12-09,46,7:40,7:40,NR9,flag,nan,nan,daylight jump > 20%
clean-2025-v1,附件2,光伏发电实际功率,344,AV,2025-12-09,47,7:50,7:50,NR9,flag,nan,nan,daylight jump > 20%
clean-2025-v1,附件2,光伏发电实际功率,344,CU,2025-12-09,98,16:20,16:20,NR9,flag,nan,nan,daylight jump > 20%
clean-2025-v1,附件2,光伏发电实际功率,344,CV,2025-12-09,99,16:30,16:30,NR9,flag,nan,nan,daylight jump > 20%
clean-2025-v1,附件2,光伏发电实际功率,344,CW,2025-12-09,100,16:40,16:40,NR9,flag,nan,nan,daylight jump > 20%
clean-2025-v1,附件2,光伏发电实际功率,344,CX,2025-12-09,101,16:50,16:50,NR9,flag,nan,nan,daylight jump > 20%
clean-2025-v1,附件2,光伏发电实际功率,345,AS,2025-12-10,44,7:20,7:20,NR9,flag,nan,nan,daylight jump > 20%
clean-2025-v1,附件2,光伏发电实际功率,345,AT,2025-12-10,45,7:30,7:30,NR9,flag,nan,nan,daylight jump > 20%
clean-2025-v1,附件2,光伏发电实际功率,345,AU,2025-12-10,46,7:40,7:40,NR9,flag,nan,nan,daylight jump > 20%
clean-2025-v1,附件2,光伏发电实际功率,345,AV,2025-12-10,47,7:50,7:50,NR9,flag,nan,nan,daylight jump > 20%
clean-2025-v1,附件2,光伏发电实际功率,345,AW,2025-12-10,48,8:00,8:00,NR9,flag,nan,nan,daylight jump > 20%
clean-2025-v1,附件2,光伏发电实际功率,345,CV,2025-12-10,99,16:30,16:30,NR9,flag,nan,nan,daylight jump > 20%
clean-2025-v1,附件2,光伏发电实际功率,345,CW,2025-12-10,100,16:40,16:40,NR9,flag,nan,nan,daylight jump > 20%
clean-2025-v1,附件2,光伏发电实际功率,345,CX,2025-12-10,101,16:50,16:50,NR9,flag,nan,nan,daylight jump > 20%
clean-2025-v1,附件2,光伏发电实际功率,346,AS,2025-12-11,44,7:20,7:20,NR9,flag,nan,nan,daylight jump > 20%
clean-2025-v1,附件2,光伏发电实际功率,346,AT,2025-12-11,45,7:30,7:30,NR9,flag,nan,nan,daylight jump > 20%
clean-2025-v1,附件2,光伏发电实际功率,346,AU,2025-12-11,46,7:40,7:40,NR9,flag,nan,nan,daylight jump > 20%
clean-2025-v1,附件2,光伏发电实际功率,346,AV,2025-12-11,47,7:50,7:50,NR9,flag,nan,nan,daylight jump > 20%
clean-2025-v1,附件2,光伏发电实际功率,346,CT,2025-12-11,97,16:10,16:10,NR9,flag,nan,nan,daylight jump > 20%
clean-2025-v1,附件2,光伏发电实际功率,346,CU,2025-12-11,98,16:20,16:20,NR9,flag,nan,nan,daylight jump > 20%
clean-2025-v1,附件2,光伏发电实际功率,346,CV,2025-12-11,99,16:30,16:30,NR9,flag,nan,nan,daylight jump > 20%
clean-2025-v1,附件2,光伏发电实际功率,346,CW,2025-12-11,100,16:40,16:40,NR9,flag,nan,nan,daylight jump > 20%
clean-2025-v1,附件2,光伏发电实际功率,346,CX,2025-12-11,101,16:50,16:50,NR9,flag,nan,nan,daylight jump > 20%
clean-2025-v1,附件2,光伏发电实际功率,347,AS,2025-12-12,44,7:20,7:20,NR9,flag,nan,nan,daylight jump > 20%
clean-2025-v1,附件2,光伏发电实际功率,347,AT,2025-12-12,45,7:30,7:30,NR9,flag,nan,nan,daylight jump > 20%
clean-2025-v1,附件2,光伏发电实际功率,347,AU,2025-12-12,46,7:40,7:40,NR9,flag,nan,nan,daylight jump > 20%
clean-2025-v1,附件2,光伏发电实际功率,347,AV,2025-12-12,47,7:50,7:50,NR9,flag,nan,nan,daylight jump > 20%
clean-2025-v1,附件2,光伏发电实际功率,347,CU,2025-12-12,98,16:20,16:20,NR9,flag,nan,nan,daylight jump > 20%
clean-2025-v1,附件2,光伏发电实际功率,347,CV,2025-12-12,99,16:30,16:30,NR9,flag,nan,nan,daylight jump > 20%
clean-2025-v1,附件2,光伏发电实际功率,347,CW,2025-12-12,100,16:40,16:40,NR9,flag,nan,nan,daylight jump > 20%
clean-2025-v1,附件2,光伏发电实际功率,347,CX,2025-12-12,101,16:50,16:50,NR9,flag,nan,nan,daylight jump > 20%
clean-2025-v1,附件2,光伏发电实际功率,348,AS,2025-12-13,44,7:20,7:20,NR9,flag,nan,nan,daylight jump > 20%
clean-2025-v1,附件2,光伏发电实际功率,348,AT,2025-12-13,45,7:30,7:30,NR9,flag,nan,nan,daylight jump > 20%
clean-2025-v1,附件2,光伏发电实际功率,348,AU,2025-12-13,46,7:40,7:40,NR9,flag,nan,nan,daylight jump > 20%
clean-2025-v1,附件2,光伏发电实际功率,348,AV,2025-12-13,47,7:50,7:50,NR9,flag,nan,nan,daylight jump > 20%
clean-2025-v1,附件2,光伏发电实际功率,348,CU,2025-12-13,98,16:20,16:20,NR9,flag,nan,nan,daylight jump > 20%
clean-2025-v1,附件2,光伏发电实际功率,348,CV,2025-12-13,99,16:30,16:30,NR9,flag,nan,nan,daylight jump > 20%
clean-2025-v1,附件2,光伏发电实际功率,348,CW,2025-12-13,100,16:40,16:40,NR9,flag,nan,nan,daylight jump > 20%
clean-2025-v1,附件2,光伏发电实际功率,348,CX,2025-12-13,101,16:50,16:50,NR9,flag,nan,nan,daylight jump > 20%
clean-2025-v1,附件2,光伏发电实际功率,349,AS,2025-12-14,44,7:20,7:20,NR9,flag,nan,nan,daylight jump > 20%
clean-2025-v1,附件2,光伏发电实际功率,349,AT,2025-12-14,45,7:30,7:30,NR9,flag,nan,nan,daylight jump > 20%
clean-2025-v1,附件2,光伏发电实际功率,349,AU,2025-12-14,46,7:40,7:40,NR9,flag,nan,nan,daylight jump > 20%
clean-2025-v1,附件2,光伏发电实际功率,349,AV,2025-12-14,47,7:50,7:50,NR9,flag,nan,nan,daylight jump > 20%
clean-2025-v1,附件2,光伏发电实际功率,349,CT,2025-12-14,97,16:10,16:10,NR9,flag,nan,nan,daylight jump > 20%
clean-2025-v1,附件2,光伏发电实际功率,349,CU,2025-12-14,98,16:20,16:20,NR9,flag,nan,nan,daylight jump > 20%
clean-2025-v1,附件2,光伏发电实际功率,349,CV,2025-12-14,99,16:30,16:30,NR9,flag,nan,nan,daylight jump > 20%
clean-2025-v1,附件2,光伏发电实际功率,349,CW,2025-12-14,100,16:40,16:40,NR9,flag,nan,nan,daylight jump > 20%
clean-2025-v1,附件2,光伏发电实际功率,349,CX,2025-12-14,101,16:50,16:50,NR9,flag,nan,nan,daylight jump > 20%
clean-2025-v1,附件2,光伏发电实际功率,350,AS,2025-12-15,44,7:20,7:20,NR9,flag,nan,nan,daylight jump > 20%
clean-2025-v1,附件2,光伏发电实际功率,350,AT,2025-12-15,45,7:30,7:30,NR9,flag,nan,nan,daylight jump > 20%
clean-2025-v1,附件2,光伏发电实际功率,350,AU,2025-12-15,46,7:40,7:40,NR9,flag,nan,nan,daylight jump > 20%
clean-2025-v1,附件2,光伏发电实际功率,350,AV,2025-12-15,47,7:50,7:50,NR9,flag,nan,nan,daylight jump > 20%
clean-2025-v1,附件2,光伏发电实际功率,350,CU,2025-12-15,98,16:20,16:20,NR9,flag,nan,nan,daylight jump > 20%
clean-2025-v1,附件2,光伏发电实际功率,350,CV,2025-12-15,99,16:30,16:30,NR9,flag,nan,nan,daylight jump > 20%
clean-2025-v1,附件2,光伏发电实际功率,350,CW,2025-12-15,100,16:40,16:40,NR9,flag,nan,nan,daylight jump > 20%
clean-2025-v1,附件2,光伏发电实际功率,350,CX,2025-12-15,101,16:50,16:50,NR9,flag,nan,nan,daylight jump > 20%
clean-2025-v1,附件2,光伏发电实际功率,351,AS,2025-12-16,44,7:20,7:20,NR9,flag,nan,nan,daylight jump > 20%
clean-2025-v1,附件2,光伏发电实际功率,351,AT,2025-12-16,45,7:30,7:30,NR9,flag,nan,nan,daylight jump > 20%
clean-2025-v1,附件2,光伏发电实际功率,351,AU,2025-12-16,46,7:40,7:40,NR9,flag,nan,nan,daylight jump > 20%
clean-2025-v1,附件2,光伏发电实际功率,351,AV,2025-12-16,47,7:50,7:50,NR9,flag,nan,nan,daylight jump > 20%
clean-2025-v1,附件2,光伏发电实际功率,351,CU,2025-12-16,98,16:20,16:20,NR9,flag,nan,nan,daylight jump > 20%
clean-2025-v1,附件2,光伏发电实际功率,351,CV,2025-12-16,99,16:30,16:30,NR9,flag,nan,nan,daylight jump > 20%
clean-2025-v1,附件2,光伏发电实际功率,351,CW,2025-12-16,100,16:40,16:40,NR9,flag,nan,nan,daylight jump > 20%
clean-2025-v1,附件2,光伏发电实际功率,351,CX,2025-12-16,101,16:50,16:50,NR9,flag,nan,nan,daylight jump > 20%
clean-2025-v1,附件2,光伏发电实际功率,352,AS,2025-12-17,44,7:20,7:20,NR9,flag,nan,nan,daylight jump > 20%
clean-2025-v1,附件2,光伏发电实际功率,352,AT,2025-12-17,45,7:30,7:30,NR9,flag,nan,nan,daylight jump > 20%
clean-2025-v1,附件2,光伏发电实际功率,352,AU,2025-12-17,46,7:40,7:40,NR9,flag,nan,nan,daylight jump > 20%
clean-2025-v1,附件2,光伏发电实际功率,352,AV,2025-12-17,47,7:50,7:50,NR9,flag,nan,nan,daylight jump > 20%
clean-2025-v1,附件2,光伏发电实际功率,352,CU,2025-12-17,98,16:20,16:20,NR9,flag,nan,nan,daylight jump > 20%
clean-2025-v1,附件2,光伏发电实际功率,352,CV,2025-12-17,99,16:30,16:30,NR9,flag,nan,nan,daylight jump > 20%
clean-2025-v1,附件2,光伏发电实际功率,352,CW,2025-12-17,100,16:40,16:40,NR9,flag,nan,nan,daylight jump > 20%
clean-2025-v1,附件2,光伏发电实际功率,352,CX,2025-12-17,101,16:50,16:50,NR9,flag,nan,nan,daylight jump > 20%
clean-2025-v1,附件2,光伏发电实际功率,353,AS,2025-12-18,44,7:20,7:20,NR9,flag,nan,nan,daylight jump > 20%
clean-2025-v1,附件2,光伏发电实际功率,353,AT,2025-12-18,45,7:30,7:30,NR9,flag,nan,nan,daylight jump > 20%
clean-2025-v1,附件2,光伏发电实际功率,353,AU,2025-12-18,46,7:40,7:40,NR9,flag,nan,nan,daylight jump > 20%
clean-2025-v1,附件2,光伏发电实际功率,353,AV,2025-12-18,47,7:50,7:50,NR9,flag,nan,nan,daylight jump > 20%
clean-2025-v1,附件2,光伏发电实际功率,353,CU,2025-12-18,98,16:20,16:20,NR9,flag,nan,nan,daylight jump > 20%
clean-2025-v1,附件2,光伏发电实际功率,353,CV,2025-12-18,99,16:30,16:30,NR9,flag,nan,nan,daylight jump > 20%
clean-2025-v1,附件2,光伏发电实际功率,353,CW,2025-12-18,100,16:40,16:40,NR9,flag,nan,nan,daylight jump > 20%
clean-2025-v1,附件2,光伏发电实际功率,353,CX,2025-12-18,101,16:50,16:50,NR9,flag,nan,nan,daylight jump > 20%
clean-2025-v1,附件2,光伏发电实际功率,354,AS,2025-12-19,44,7:20,7:20,NR9,flag,nan,nan,daylight jump > 20%
clean-2025-v1,附件2,光伏发电实际功率,354,AT,2025-12-19,45,7:30,7:30,NR9,flag,nan,nan,daylight jump > 20%
clean-2025-v1,附件2,光伏发电实际功率,354,AU,2025-12-19,46,7:40,7:40,NR9,flag,nan,nan,daylight jump > 20%
clean-2025-v1,附件2,光伏发电实际功率,354,AV,2025-12-19,47,7:50,7:50,NR9,flag,nan,nan,daylight jump > 20%
clean-2025-v1,附件2,光伏发电实际功率,354,CU,2025-12-19,98,16:20,16:20,NR9,flag,nan,nan,daylight jump > 20%
clean-2025-v1,附件2,光伏发电实际功率,354,CV,2025-12-19,99,16:30,16:30,NR9,flag,nan,nan,daylight jump > 20%
clean-2025-v1,附件2,光伏发电实际功率,354,CW,2025-12-19,100,16:40,16:40,NR9,flag,nan,nan,daylight jump > 20%
clean-2025-v1,附件2,光伏发电实际功率,354,CX,2025-12-19,101,16:50,16:50,NR9,flag,nan,nan,daylight jump > 20%
clean-2025-v1,附件2,光伏发电实际功率,355,AS,2025-12-20,44,7:20,7:20,NR9,flag,nan,nan,daylight jump > 20%
clean-2025-v1,附件2,光伏发电实际功率,355,AT,2025-12-20,45,7:30,7:30,NR9,flag,nan,nan,daylight jump > 20%
clean-2025-v1,附件2,光伏发电实际功率,355,AU,2025-12-20,46,7:40,7:40,NR9,flag,nan,nan,daylight jump > 20%
clean-2025-v1,附件2,光伏发电实际功率,355,AV,2025-12-20,47,7:50,7:50,NR9,flag,nan,nan,daylight jump > 20%
clean-2025-v1,附件2,光伏发电实际功率,355,CU,2025-12-20,98,16:20,16:20,NR9,flag,nan,nan,daylight jump > 20%
clean-2025-v1,附件2,光伏发电实际功率,355,CV,2025-12-20,99,16:30,16:30,NR9,flag,nan,nan,daylight jump > 20%
clean-2025-v1,附件2,光伏发电实际功率,355,CW,2025-12-20,100,16:40,16:40,NR9,flag,nan,nan,daylight jump > 20%
clean-2025-v1,附件2,光伏发电实际功率,355,CX,2025-12-20,101,16:50,16:50,NR9,flag,nan,nan,daylight jump > 20%
clean-2025-v1,附件2,光伏发电实际功率,356,AS,2025-12-21,44,7:20,7:20,NR9,flag,nan,nan,daylight jump > 20%
clean-2025-v1,附件2,光伏发电实际功率,356,AT,2025-12-21,45,7:30,7:30,NR9,flag,nan,nan,daylight jump > 20%
clean-2025-v1,附件2,光伏发电实际功率,356,AU,2025-12-21,46,7:40,7:40,NR9,flag,nan,nan,daylight jump > 20%
clean-2025-v1,附件2,光伏发电实际功率,356,AV,2025-12-21,47,7:50,7:50,NR9,flag,nan,nan,daylight jump > 20%
clean-2025-v1,附件2,光伏发电实际功率,356,CV,2025-12-21,99,16:30,16:30,NR9,flag,nan,nan,daylight jump > 20%
clean-2025-v1,附件2,光伏发电实际功率,356,CW,2025-12-21,100,16:40,16:40,NR9,flag,nan,nan,daylight jump > 20%
clean-2025-v1,附件2,光伏发电实际功率,356,CX,2025-12-21,101,16:50,16:50,NR9,flag,nan,nan,daylight jump > 20%
clean-2025-v1,附件2,光伏发电实际功率,357,AS,2025-12-22,44,7:20,7:20,NR9,flag,nan,nan,daylight jump > 20%
clean-2025-v1,附件2,光伏发电实际功率,357,AT,2025-12-22,45,7:30,7:30,NR9,flag,nan,nan,daylight jump > 20%
clean-2025-v1,附件2,光伏发电实际功率,357,AU,2025-12-22,46,7:40,7:40,NR9,flag,nan,nan,daylight jump > 20%
clean-2025-v1,附件2,光伏发电实际功率,357,AV,2025-12-22,47,7:50,7:50,NR9,flag,nan,nan,daylight jump > 20%
clean-2025-v1,附件2,光伏发电实际功率,357,CT,2025-12-22,97,16:10,16:10,NR9,flag,nan,nan,daylight jump > 20%
clean-2025-v1,附件2,光伏发电实际功率,357,CU,2025-12-22,98,16:20,16:20,NR9,flag,nan,nan,daylight jump > 20%
clean-2025-v1,附件2,光伏发电实际功率,357,CV,2025-12-22,99,16:30,16:30,NR9,flag,nan,nan,daylight jump > 20%
clean-2025-v1,附件2,光伏发电实际功率,357,CW,2025-12-22,100,16:40,16:40,NR9,flag,nan,nan,daylight jump > 20%
clean-2025-v1,附件2,光伏发电实际功率,357,CX,2025-12-22,101,16:50,16:50,NR9,flag,nan,nan,daylight jump > 20%
clean-2025-v1,附件2,光伏发电实际功率,358,AS,2025-12-23,44,7:20,7:20,NR9,flag,nan,nan,daylight jump > 20%
clean-2025-v1,附件2,光伏发电实际功率,358,AT,2025-12-23,45,7:30,7:30,NR9,flag,nan,nan,daylight jump > 20%
clean-2025-v1,附件2,光伏发电实际功率,358,AU,2025-12-23,46,7:40,7:40,NR9,flag,nan,nan,daylight jump > 20%
clean-2025-v1,附件2,光伏发电实际功率,358,AV,2025-12-23,47,7:50,7:50,NR9,flag,nan,nan,daylight jump > 20%
clean-2025-v1,附件2,光伏发电实际功率,358,CT,2025-12-23,97,16:10,16:10,NR9,flag,nan,nan,daylight jump > 20%
clean-2025-v1,附件2,光伏发电实际功率,358,CU,2025-12-23,98,16:20,16:20,NR9,flag,nan,nan,daylight jump > 20%
clean-2025-v1,附件2,光伏发电实际功率,358,CV,2025-12-23,99,16:30,16:30,NR9,flag,nan,nan,daylight jump > 20%
clean-2025-v1,附件2,光伏发电实际功率,358,CW,2025-12-23,100,16:40,16:40,NR9,flag,nan,nan,daylight jump > 20%
clean-2025-v1,附件2,光伏发电实际功率,358,CX,2025-12-23,101,16:50,16:50,NR9,flag,nan,nan,daylight jump > 20%
clean-2025-v1,附件2,光伏发电实际功率,359,AS,2025-12-24,44,7:20,7:20,NR9,flag,nan,nan,daylight jump > 20%
clean-2025-v1,附件2,光伏发电实际功率,359,AT,2025-12-24,45,7:30,7:30,NR9,flag,nan,nan,daylight jump > 20%
clean-2025-v1,附件2,光伏发电实际功率,359,AU,2025-12-24,46,7:40,7:40,NR9,flag,nan,nan,daylight jump > 20%
clean-2025-v1,附件2,光伏发电实际功率,359,AV,2025-12-24,47,7:50,7:50,NR9,flag,nan,nan,daylight jump > 20%
clean-2025-v1,附件2,光伏发电实际功率,359,CU,2025-12-24,98,16:20,16:20,NR9,flag,nan,nan,daylight jump > 20%
clean-2025-v1,附件2,光伏发电实际功率,359,CV,2025-12-24,99,16:30,16:30,NR9,flag,nan,nan,daylight jump > 20%
clean-2025-v1,附件2,光伏发电实际功率,359,CW,2025-12-24,100,16:40,16:40,NR9,flag,nan,nan,daylight jump > 20%
clean-2025-v1,附件2,光伏发电实际功率,359,CX,2025-12-24,101,16:50,16:50,NR9,flag,nan,nan,daylight jump > 20%
clean-2025-v1,附件2,光伏发电实际功率,360,AS,2025-12-25,44,7:20,7:20,NR9,flag,nan,nan,daylight jump > 20%
clean-2025-v1,附件2,光伏发电实际功率,360,AT,2025-12-25,45,7:30,7:30,NR9,flag,nan,nan,daylight jump > 20%
clean-2025-v1,附件2,光伏发电实际功率,360,AU,2025-12-25,46,7:40,7:40,NR9,flag,nan,nan,daylight jump > 20%
clean-2025-v1,附件2,光伏发电实际功率,360,CU,2025-12-25,98,16:20,16:20,NR9,flag,nan,nan,daylight jump > 20%
clean-2025-v1,附件2,光伏发电实际功率,360,CV,2025-12-25,99,16:30,16:30,NR9,flag,nan,nan,daylight jump > 20%
clean-2025-v1,附件2,光伏发电实际功率,360,CW,2025-12-25,100,16:40,16:40,NR9,flag,nan,nan,daylight jump > 20%
clean-2025-v1,附件2,光伏发电实际功率,360,CX,2025-12-25,101,16:50,16:50,NR9,flag,nan,nan,daylight jump > 20%
clean-2025-v1,附件2,光伏发电实际功率,361,AS,2025-12-26,44,7:20,7:20,NR9,flag,nan,nan,daylight jump > 20%
clean-2025-v1,附件2,光伏发电实际功率,361,AT,2025-12-26,45,7:30,7:30,NR9,flag,nan,nan,daylight jump > 20%
clean-2025-v1,附件2,光伏发电实际功率,361,AU,2025-12-26,46,7:40,7:40,NR9,flag,nan,nan,daylight jump > 20%
clean-2025-v1,附件2,光伏发电实际功率,361,AV,2025-12-26,47,7:50,7:50,NR9,flag,nan,nan,daylight jump > 20%
clean-2025-v1,附件2,光伏发电实际功率,361,AW,2025-12-26,48,8:00,8:00,NR9,flag,nan,nan,daylight jump > 20%
clean-2025-v1,附件2,光伏发电实际功率,361,CU,2025-12-26,98,16:20,16:20,NR9,flag,nan,nan,daylight jump > 20%
clean-2025-v1,附件2,光伏发电实际功率,361,CV,2025-12-26,99,16:30,16:30,NR9,flag,nan,nan,daylight jump > 20%
clean-2025-v1,附件2,光伏发电实际功率,361,CW,2025-12-26,100,16:40,16:40,NR9,flag,nan,nan,daylight jump > 20%
clean-2025-v1,附件2,光伏发电实际功率,361,CX,2025-12-26,101,16:50,16:50,NR9,flag,nan,nan,daylight jump > 20%
clean-2025-v1,附件2,光伏发电实际功率,362,AS,2025-12-27,44,7:20,7:20,NR9,flag,nan,nan,daylight jump > 20%
clean-2025-v1,附件2,光伏发电实际功率,362,AT,2025-12-27,45,7:30,7:30,NR9,flag,nan,nan,daylight jump > 20%
clean-2025-v1,附件2,光伏发电实际功率,362,AU,2025-12-27,46,7:40,7:40,NR9,flag,nan,nan,daylight jump > 20%
clean-2025-v1,附件2,光伏发电实际功率,362,AV,2025-12-27,47,7:50,7:50,NR9,flag,nan,nan,daylight jump > 20%
clean-2025-v1,附件2,光伏发电实际功率,362,AW,2025-12-27,48,8:00,8:00,NR9,flag,nan,nan,daylight jump > 20%
clean-2025-v1,附件2,光伏发电实际功率,362,CU,2025-12-27,98,16:20,16:20,NR9,flag,nan,nan,daylight jump > 20%
clean-2025-v1,附件2,光伏发电实际功率,362,CV,2025-12-27,99,16:30,16:30,NR9,flag,nan,nan,daylight jump > 20%
clean-2025-v1,附件2,光伏发电实际功率,362,CW,2025-12-27,100,16:40,16:40,NR9,flag,nan,nan,daylight jump > 20%
clean-2025-v1,附件2,光伏发电实际功率,362,CX,2025-12-27,101,16:50,16:50,NR9,flag,nan,nan,daylight jump > 20%
clean-2025-v1,附件2,光伏发电实际功率,363,AS,2025-12-28,44,7:20,7:20,NR9,flag,nan,nan,daylight jump > 20%
clean-2025-v1,附件2,光伏发电实际功率,363,AT,2025-12-28,45,7:30,7:30,NR9,flag,nan,nan,daylight jump > 20%
clean-2025-v1,附件2,光伏发电实际功率,363,AU,2025-12-28,46,7:40,7:40,NR9,flag,nan,nan,daylight jump > 20%
clean-2025-v1,附件2,光伏发电实际功率,363,AV,2025-12-28,47,7:50,7:50,NR9,flag,nan,nan,daylight jump > 20%
clean-2025-v1,附件2,光伏发电实际功率,363,CU,2025-12-28,98,16:20,16:20,NR9,flag,nan,nan,daylight jump > 20%
clean-2025-v1,附件2,光伏发电实际功率,363,CV,2025-12-28,99,16:30,16:30,NR9,flag,nan,nan,daylight jump > 20%
clean-2025-v1,附件2,光伏发电实际功率,363,CW,2025-12-28,100,16:40,16:40,NR9,flag,nan,nan,daylight jump > 20%
clean-2025-v1,附件2,光伏发电实际功率,363,CX,2025-12-28,101,16:50,16:50,NR9,flag,nan,nan,daylight jump > 20%
clean-2025-v1,附件2,光伏发电实际功率,364,AS,2025-12-29,44,7:20,7:20,NR9,flag,nan,nan,daylight jump > 20%
clean-2025-v1,附件2,光伏发电实际功率,364,AT,2025-12-29,45,7:30,7:30,NR9,flag,nan,nan,daylight jump > 20%
clean-2025-v1,附件2,光伏发电实际功率,364,AU,2025-12-29,46,7:40,7:40,NR9,flag,nan,nan,daylight jump > 20%
clean-2025-v1,附件2,光伏发电实际功率,364,AV,2025-12-29,47,7:50,7:50,NR9,flag,nan,nan,daylight jump > 20%
clean-2025-v1,附件2,光伏发电实际功率,364,CU,2025-12-29,98,16:20,16:20,NR9,flag,nan,nan,daylight jump > 20%
clean-2025-v1,附件2,光伏发电实际功率,364,CV,2025-12-29,99,16:30,16:30,NR9,flag,nan,nan,daylight jump > 20%
clean-2025-v1,附件2,光伏发电实际功率,364,CW,2025-12-29,100,16:40,16:40,NR9,flag,nan,nan,daylight jump > 20%
clean-2025-v1,附件2,光伏发电实际功率,364,CX,2025-12-29,101,16:50,16:50,NR9,flag,nan,nan,daylight jump > 20%
clean-2025-v1,附件2,光伏发电实际功率,365,AS,2025-12-30,44,7:20,7:20,NR9,flag,nan,nan,daylight jump > 20%
clean-2025-v1,附件2,光伏发电实际功率,365,AT,2025-12-30,45,7:30,7:30,NR9,flag,nan,nan,daylight jump > 20%
clean-2025-v1,附件2,光伏发电实际功率,365,AU,2025-12-30,46,7:40,7:40,NR9,flag,nan,nan,daylight jump > 20%
clean-2025-v1,附件2,光伏发电实际功率,365,AV,2025-12-30,47,7:50,7:50,NR9,flag,nan,nan,daylight jump > 20%
clean-2025-v1,附件2,光伏发电实际功率,365,CU,2025-12-30,98,16:20,16:20,NR9,flag,nan,nan,daylight jump > 20%
clean-2025-v1,附件2,光伏发电实际功率,365,CV,2025-12-30,99,16:30,16:30,NR9,flag,nan,nan,daylight jump > 20%
clean-2025-v1,附件2,光伏发电实际功率,365,CW,2025-12-30,100,16:40,16:40,NR9,flag,nan,nan,daylight jump > 20%
clean-2025-v1,附件2,光伏发电实际功率,365,CX,2025-12-30,101,16:50,16:50,NR9,flag,nan,nan,daylight jump > 20%
clean-2025-v1,附件2,光伏发电实际功率,366,AS,2025-12-31,44,7:20,7:20,NR9,flag,nan,nan,daylight jump > 20%
clean-2025-v1,附件2,光伏发电实际功率,366,AT,2025-12-31,45,7:30,7:30,NR9,flag,nan,nan,daylight jump > 20%
clean-2025-v1,附件2,光伏发电实际功率,366,AU,2025-12-31,46,7:40,7:40,NR9,flag,nan,nan,daylight jump > 20%
clean-2025-v1,附件2,光伏发电实际功率,366,AV,2025-12-31,47,7:50,7:50,NR9,flag,nan,nan,daylight jump > 20%
clean-2025-v1,附件2,光伏发电实际功率,366,AW,2025-12-31,48,8:00,8:00,NR9,flag,nan,nan,daylight jump > 20%
clean-2025-v1,附件2,光伏发电实际功率,366,CU,2025-12-31,98,16:20,16:20,NR9,flag,nan,nan,daylight jump > 20%
clean-2025-v1,附件2,光伏发电实际功率,366,CV,2025-12-31,99,16:30,16:30,NR9,flag,nan,nan,daylight jump > 20%
clean-2025-v1,附件2,光伏发电实际功率,366,CW,2025-12-31,100,16:40,16:40,NR9,flag,nan,nan,daylight jump > 20%
clean-2025-v1,附件2,光伏发电实际功率,366,CX,2025-12-31,101,16:50,16:50,NR9,flag,nan,nan,daylight jump > 20%
clean-2025-v1,附件3,Sheet1,2,I,2025-01-01,42,7:00,7:00,NR7>NR5,flag,3.117300,3.117300,forecast-side shoulder flag
clean-2025-v1,附件3,Sheet1,2,S,2025-01-01,102,17:00,17:00,NR7>NR5,flag,3.195600,3.195600,forecast-side shoulder flag
clean-2025-v1,附件3,Sheet1,3,C,2025-01-01,42,7:00,7:00,NR7>NR5,flag,3.091900,3.091900,forecast-side shoulder flag
clean-2025-v1,附件3,Sheet1,3,M,2025-01-01,102,17:00,17:00,NR7>NR5,flag,3.035900,3.035900,forecast-side shoulder flag
clean-2025-v1,附件3,Sheet1,4,G,2025-01-01,102,17:00,17:00,NR7>NR5,flag,2.862200,2.862200,forecast-side shoulder flag
clean-2025-v1,附件3,Sheet1,647,Y,2025-06-11,30,5:00,5:00,NR7>NR1,set_zero,0.501000,0,forecast-side core-night zero drift
clean-2025-v1,附件3,Sheet1,648,S,2025-06-11,30,5:00,5:00,NR7>NR1,set_zero,0.571500,0,forecast-side core-night zero drift
clean-2025-v1,附件3,Sheet1,649,M,2025-06-11,30,5:00,5:00,NR7>NR1,set_zero,0.572500,0,forecast-side core-night zero drift
clean-2025-v1,附件3,Sheet1,650,G,2025-06-12,30,5:00,5:00,NR7>NR1,set_zero,0.644700,0,forecast-side core-night zero drift
clean-2025-v1,附件3,Sheet1,650,U,2025-06-12,114,19:00,19:00,NR7>NR1,set_zero,0.415000,0,forecast-side core-night zero drift
clean-2025-v1,附件3,Sheet1,651,O,2025-06-12,114,19:00,19:00,NR7>NR1,set_zero,0.702900,0,forecast-side core-night zero drift
clean-2025-v1,附件3,Sheet1,651,Y,2025-06-12,30,5:00,5:00,NR7>NR5,flag,1.739500,1.739500,forecast-side shoulder flag
clean-2025-v1,附件3,Sheet1,652,I,2025-06-12,114,19:00,19:00,NR7>NR1,set_zero,0.614200,0,forecast-side core-night zero drift
clean-2025-v1,附件3,Sheet1,652,S,2025-06-12,30,5:00,5:00,NR7>NR5,flag,2.001500,2.001500,forecast-side shoulder flag
clean-2025-v1,附件3,Sheet1,653,C,2025-06-12,114,19:00,19:00,NR7>NR1,set_zero,0.560400,0,forecast-side core-night zero drift
clean-2025-v1,附件3,Sheet1,653,M,2025-06-12,30,5:00,5:00,NR7>NR5,flag,1.740700,1.740700,forecast-side shoulder flag
clean-2025-v1,附件3,Sheet1,654,G,2025-06-13,30,5:00,5:00,NR7>NR5,flag,1.816100,1.816100,forecast-side shoulder flag
clean-2025-v1,附件3,Sheet1,654,U,2025-06-13,114,19:00,19:00,NR7>NR5,flag,2.847200,2.847200,forecast-side shoulder flag
clean-2025-v1,附件3,Sheet1,655,O,2025-06-13,114,19:00,19:00,NR7>NR5,flag,2.470900,2.470900,forecast-side shoulder flag
clean-2025-v1,附件3,Sheet1,655,Y,2025-06-13,30,5:00,5:00,NR7>NR5,flag,4.104900,4.104900,forecast-side shoulder flag
clean-2025-v1,附件3,Sheet1,656,I,2025-06-13,114,19:00,19:00,NR7>NR5,flag,2.180400,2.180400,forecast-side shoulder flag
clean-2025-v1,附件3,Sheet1,656,S,2025-06-13,30,5:00,5:00,NR7>NR5,flag,3.325900,3.325900,forecast-side shoulder flag
clean-2025-v1,附件3,Sheet1,657,C,2025-06-13,114,19:00,19:00,NR7>NR5,flag,2.255700,2.255700,forecast-side shoulder flag
clean-2025-v1,附件3,Sheet1,657,M,2025-06-13,30,5:00,5:00,NR7>NR5,flag,3.131900,3.131900,forecast-side shoulder flag
clean-2025-v1,附件3,Sheet1,658,G,2025-06-14,30,5:00,5:00,NR7>NR5,flag,3.493400,3.493400,forecast-side shoulder flag
clean-2025-v1,附件3,Sheet1,658,U,2025-06-14,114,19:00,19:00,NR7>NR5,flag,3.118200,3.118200,forecast-side shoulder flag
clean-2025-v1,附件3,Sheet1,659,O,2025-06-14,114,19:00,19:00,NR7>NR5,flag,3.375600,3.375600,forecast-side shoulder flag
clean-2025-v1,附件3,Sheet1,659,Y,2025-06-14,30,5:00,5:00,NR7>NR5,flag,3.920200,3.920200,forecast-side shoulder flag
clean-2025-v1,附件3,Sheet1,660,I,2025-06-14,114,19:00,19:00,NR7>NR5,flag,3.573000,3.573000,forecast-side shoulder flag
clean-2025-v1,附件3,Sheet1,660,S,2025-06-14,30,5:00,5:00,NR7>NR5,flag,4.511900,4.511900,forecast-side shoulder flag
clean-2025-v1,附件3,Sheet1,661,C,2025-06-14,114,19:00,19:00,NR7>NR5,flag,3.418000,3.418000,forecast-side shoulder flag
clean-2025-v1,附件3,Sheet1,661,M,2025-06-14,30,5:00,5:00,NR7>NR5,flag,4.959100,4.959100,forecast-side shoulder flag
clean-2025-v1,附件3,Sheet1,662,G,2025-06-15,30,5:00,5:00,NR7>NR5,flag,4.750900,4.750900,forecast-side shoulder flag
clean-2025-v1,附件3,Sheet1,662,U,2025-06-15,114,19:00,19:00,NR7>NR5,flag,4.578800,4.578800,forecast-side shoulder flag
clean-2025-v1,附件3,Sheet1,664,S,2025-06-15,30,5:00,5:00,NR7>NR5,flag,4.237100,4.237100,forecast-side shoulder flag
clean-2025-v1,附件3,Sheet1,665,M,2025-06-15,30,5:00,5:00,NR7>NR5,flag,4.520500,4.520500,forecast-side shoulder flag
clean-2025-v1,附件3,Sheet1,666,G,2025-06-16,30,5:00,5:00,NR7>NR5,flag,4.531600,4.531600,forecast-side shoulder flag
clean-2025-v1,附件3,Sheet1,669,M,2025-06-16,30,5:00,5:00,NR7>NR5,flag,4.925600,4.925600,forecast-side shoulder flag
clean-2025-v1,附件3,Sheet1,691,Y,2025-06-22,30,5:00,5:00,NR7>NR5,flag,4.310900,4.310900,forecast-side shoulder flag
clean-2025-v1,附件3,Sheet1,706,U,2025-06-26,114,19:00,19:00,NR7>NR5,flag,4.838400,4.838400,forecast-side shoulder flag
clean-2025-v1,附件3,Sheet1,708,S,2025-06-26,30,5:00,5:00,NR7>NR5,flag,4.265700,4.265700,forecast-side shoulder flag
clean-2025-v1,附件3,Sheet1,710,G,2025-06-27,30,5:00,5:00,NR7>NR5,flag,4.315600,4.315600,forecast-side shoulder flag
clean-2025-v1,附件3,Sheet1,711,O,2025-06-27,114,19:00,19:00,NR7>NR5,flag,4.892200,4.892200,forecast-side shoulder flag
clean-2025-v1,附件3,Sheet1,712,I,2025-06-27,114,19:00,19:00,NR7>NR5,flag,4.797200,4.797200,forecast-side shoulder flag
clean-2025-v1,附件3,Sheet1,712,S,2025-06-27,30,5:00,5:00,NR7>NR5,flag,3.845500,3.845500,forecast-side shoulder flag
clean-2025-v1,附件3,Sheet1,713,C,2025-06-27,114,19:00,19:00,NR7>NR5,flag,4.912400,4.912400,forecast-side shoulder flag
clean-2025-v1,附件3,Sheet1,713,M,2025-06-27,30,5:00,5:00,NR7>NR5,flag,3.860100,3.860100,forecast-side shoulder flag
clean-2025-v1,附件3,Sheet1,714,G,2025-06-28,30,5:00,5:00,NR7>NR5,flag,4.242900,4.242900,forecast-side shoulder flag
clean-2025-v1,附件3,Sheet1,714,U,2025-06-28,114,19:00,19:00,NR7>NR5,flag,2.844600,2.844600,forecast-side shoulder flag
clean-2025-v1,附件3,Sheet1,715,O,2025-06-28,114,19:00,19:00,NR7>NR5,flag,4.828300,4.828300,forecast-side shoulder flag
clean-2025-v1,附件3,Sheet1,715,Y,2025-06-28,30,5:00,5:00,NR7>NR5,flag,2.591400,2.591400,forecast-side shoulder flag
clean-2025-v1,附件3,Sheet1,716,I,2025-06-28,114,19:00,19:00,NR7>NR5,flag,4.011800,4.011800,forecast-side shoulder flag
clean-2025-v1,附件3,Sheet1,716,S,2025-06-28,30,5:00,5:00,NR7>NR5,flag,2.664700,2.664700,forecast-side shoulder flag
clean-2025-v1,附件3,Sheet1,717,C,2025-06-28,114,19:00,19:00,NR7>NR5,flag,4.345300,4.345300,forecast-side shoulder flag
clean-2025-v1,附件3,Sheet1,717,M,2025-06-28,30,5:00,5:00,NR7>NR5,flag,2.751400,2.751400,forecast-side shoulder flag
clean-2025-v1,附件3,Sheet1,718,G,2025-06-29,30,5:00,5:00,NR7>NR5,flag,2.600600,2.600600,forecast-side shoulder flag
clean-2025-v1,附件3,Sheet1,718,U,2025-06-29,114,19:00,19:00,NR7>NR5,flag,2.858500,2.858500,forecast-side shoulder flag
clean-2025-v1,附件3,Sheet1,719,O,2025-06-29,114,19:00,19:00,NR7>NR5,flag,2.701400,2.701400,forecast-side shoulder flag
clean-2025-v1,附件3,Sheet1,719,Y,2025-06-29,30,5:00,5:00,NR7>NR5,flag,1.327100,1.327100,forecast-side shoulder flag
clean-2025-v1,附件3,Sheet1,720,I,2025-06-29,114,19:00,19:00,NR7>NR5,flag,2.824000,2.824000,forecast-side shoulder flag
clean-2025-v1,附件3,Sheet1,720,S,2025-06-29,30,5:00,5:00,NR7>NR1,set_zero,0.833400,0,forecast-side core-night zero drift
clean-2025-v1,附件3,Sheet1,721,C,2025-06-29,114,19:00,19:00,NR7>NR5,flag,2.753600,2.753600,forecast-side shoulder flag
clean-2025-v1,附件3,Sheet1,721,M,2025-06-29,30,5:00,5:00,NR7>NR5,flag,1.290000,1.290000,forecast-side shoulder flag
clean-2025-v1,附件3,Sheet1,722,G,2025-06-30,30,5:00,5:00,NR7>NR5,flag,1.318800,1.318800,forecast-side shoulder flag
clean-2025-v1,附件3,Sheet1,722,U,2025-06-30,114,19:00,19:00,NR7>NR5,flag,1.751500,1.751500,forecast-side shoulder flag
clean-2025-v1,附件3,Sheet1,723,O,2025-06-30,114,19:00,19:00,NR7>NR5,flag,1.167400,1.167400,forecast-side shoulder flag
clean-2025-v1,附件3,Sheet1,723,Y,2025-06-30,30,5:00,5:00,NR7>NR1,set_zero,0.053900,0,forecast-side core-night zero drift
clean-2025-v1,附件3,Sheet1,724,I,2025-06-30,114,19:00,19:00,NR7>NR5,flag,1.319200,1.319200,forecast-side shoulder flag
clean-2025-v1,附件3,Sheet1,724,S,2025-06-30,30,5:00,5:00,NR7>NR1,set_zero,0.088200,0,forecast-side core-night zero drift
clean-2025-v1,附件3,Sheet1,725,C,2025-06-30,114,19:00,19:00,NR7>NR5,flag,1.411900,1.411900,forecast-side shoulder flag
clean-2025-v1,附件3,Sheet1,725,M,2025-06-30,30,5:00,5:00,NR7>NR1,set_zero,0.074000,0,forecast-side core-night zero drift
clean-2025-v1,附件3,Sheet1,726,G,2025-07-01,30,5:00,5:00,NR7>NR1,set_zero,0.078300,0,forecast-side core-night zero drift
clean-2025-v1,附件3,Sheet1,726,U,2025-07-01,114,19:00,19:00,NR7>NR1,set_zero,0.083300,0,forecast-side core-night zero drift
clean-2025-v1,附件3,Sheet1,727,O,2025-07-01,114,19:00,19:00,NR7>NR1,set_zero,0.062100,0,forecast-side core-night zero drift
clean-2025-v1,附件3,Sheet1,728,I,2025-07-01,114,19:00,19:00,NR7>NR1,set_zero,0.074300,0,forecast-side core-night zero drift
clean-2025-v1,附件3,Sheet1,729,C,2025-07-01,114,19:00,19:00,NR7>NR1,set_zero,0.073500,0,forecast-side core-night zero drift
clean-2025-v1,附件3,Sheet1,1368,U,2025-12-08,42,7:00,7:00,NR7>NR5,flag,4.642700,4.642700,forecast-side shoulder flag
clean-2025-v1,附件3,Sheet1,1369,O,2025-12-08,42,7:00,7:00,NR7>NR5,flag,3.225400,3.225400,forecast-side shoulder flag
clean-2025-v1,附件3,Sheet1,1369,Y,2025-12-08,102,17:00,17:00,NR7>NR5,flag,3.543200,3.543200,forecast-side shoulder flag
clean-2025-v1,附件3,Sheet1,1370,I,2025-12-09,42,7:00,7:00,NR7>NR5,flag,4.440500,4.440500,forecast-side shoulder flag
clean-2025-v1,附件3,Sheet1,1371,C,2025-12-09,42,7:00,7:00,NR7>NR5,flag,4.453600,4.453600,forecast-side shoulder flag
clean-2025-v1,附件3,Sheet1,1371,M,2025-12-09,102,17:00,17:00,NR7>NR5,flag,4.333400,4.333400,forecast-side shoulder flag
clean-2025-v1,附件3,Sheet1,1372,G,2025-12-09,102,17:00,17:00,NR7>NR5,flag,4.958900,4.958900,forecast-side shoulder flag
clean-2025-v1,附件3,Sheet1,1372,U,2025-12-09,42,7:00,7:00,NR7>NR5,flag,1.558000,1.558000,forecast-side shoulder flag
clean-2025-v1,附件3,Sheet1,1373,O,2025-12-09,42,7:00,7:00,NR7>NR5,flag,2.184700,2.184700,forecast-side shoulder flag
clean-2025-v1,附件3,Sheet1,1373,Y,2025-12-09,102,17:00,17:00,NR7>NR5,flag,2.573100,2.573100,forecast-side shoulder flag
clean-2025-v1,附件3,Sheet1,1374,I,2025-12-10,42,7:00,7:00,NR7>NR5,flag,1.962600,1.962600,forecast-side shoulder flag
clean-2025-v1,附件3,Sheet1,1374,S,2025-12-10,102,17:00,17:00,NR7>NR5,flag,1.538000,1.538000,forecast-side shoulder flag
clean-2025-v1,附件3,Sheet1,1375,C,2025-12-10,42,7:00,7:00,NR7>NR5,flag,2.028500,2.028500,forecast-side shoulder flag
clean-2025-v1,附件3,Sheet1,1375,M,2025-12-10,102,17:00,17:00,NR7>NR5,flag,2.046000,2.046000,forecast-side shoulder flag
clean-2025-v1,附件3,Sheet1,1376,G,2025-12-10,102,17:00,17:00,NR7>NR5,flag,1.788200,1.788200,forecast-side shoulder flag
clean-2025-v1,附件3,Sheet1,1456,U,2025-12-30,42,7:00,7:00,NR7>NR1,set_zero,0.750000,0,forecast-side core-night zero drift
clean-2025-v1,附件3,Sheet1,1457,O,2025-12-30,42,7:00,7:00,NR7>NR1,set_zero,0.750000,0,forecast-side core-night zero drift
clean-2025-v1,附件3,Sheet1,1457,Y,2025-12-30,102,17:00,17:00,NR7>NR1,set_zero,0.712500,0,forecast-side core-night zero drift
clean-2025-v1,附件3,Sheet1,1458,I,2025-12-31,42,7:00,7:00,NR7>NR1,set_zero,0.728500,0,forecast-side core-night zero drift
clean-2025-v1,附件3,Sheet1,1458,S,2025-12-31,102,17:00,17:00,NR7>NR1,set_zero,0.712500,0,forecast-side core-night zero drift
clean-2025-v1,附件3,Sheet1,1459,C,2025-12-31,42,7:00,7:00,NR7>NR1,set_zero,0.750000,0,forecast-side core-night zero drift
clean-2025-v1,附件3,Sheet1,1459,M,2025-12-31,102,17:00,17:00,NR7>NR1,set_zero,0.712500,0,forecast-side core-night zero drift
clean-2025-v1,附件3,Sheet1,1460,G,2025-12-31,102,17:00,17:00,NR7>NR1,set_zero,0.700200,0,forecast-side core-night zero drift
clean-2025-v1,附件3,Sheet1,1460,U,2025-12-31,42,7:00,7:00,NR7>NR1,set_zero,0.693500,0,forecast-side core-night zero drift
clean-2025-v1,附件3,Sheet1,1461,O,2025-12-31,42,7:00,7:00,NR7>NR1,set_zero,0.693000,0,forecast-side core-night zero drift
clean-2025-v1,附件3,Sheet1,1461,Y,2025-12-31,102,17:00,17:00,NR7>NR1,set_zero,0.695800,0,forecast-side core-night zero drift
clean-2025-v1,附件2,小区负载,2,CZ,2025-01-01,103,17:10,17:10,NR12,flag,6325.1833,6325.1833,"night load outside [1500,6000] kW"
clean-2025-v1,附件2,小区负载,2,DA,2025-01-01,104,17:20,17:20,NR12,flag,6169.4734,6169.4734,"night load outside [1500,6000] kW"
clean-2025-v1,附件2,小区负载,2,DB,2025-01-01,105,17:30,17:30,NR12,flag,6191.99,6191.99,"night load outside [1500,6000] kW"
clean-2025-v1,附件2,小区负载,2,DC,2025-01-01,106,17:40,17:40,NR12,flag,6464.5067,6464.5067,"night load outside [1500,6000] kW"
clean-2025-v1,附件2,小区负载,3,CZ,2025-01-02,103,17:10,17:10,NR12,flag,6215.7285,6215.7285,"night load outside [1500,6000] kW"
clean-2025-v1,附件2,小区负载,3,DA,2025-01-02,104,17:20,17:20,NR12,flag,6137.0958,6137.0958,"night load outside [1500,6000] kW"
clean-2025-v1,附件2,小区负载,3,DB,2025-01-02,105,17:30,17:30,NR12,flag,6185.23,6185.23,"night load outside [1500,6000] kW"
clean-2025-v1,附件2,小区负载,3,DC,2025-01-02,106,17:40,17:40,NR12,flag,6275.9932,6275.9932,"night load outside [1500,6000] kW"
clean-2025-v1,附件2,小区负载,6,CZ,2025-01-05,103,17:10,17:10,NR12,flag,6342.8264,6342.8264,"night load outside [1500,6000] kW"
clean-2025-v1,附件2,小区负载,6,DA,2025-01-05,104,17:20,17:20,NR12,flag,6300.3441,6300.3441,"night load outside [1500,6000] kW"
clean-2025-v1,附件2,小区负载,6,DB,2025-01-05,105,17:30,17:30,NR12,flag,6311.16,6311.16,"night load outside [1500,6000] kW"
clean-2025-v1,附件2,小区负载,6,DC,2025-01-05,106,17:40,17:40,NR12,flag,6521.7748,6521.7748,"night load outside [1500,6000] kW"
clean-2025-v1,附件2,小区负载,7,CZ,2025-01-06,103,17:10,17:10,NR12,flag,6337.9893,6337.9893,"night load outside [1500,6000] kW"
clean-2025-v1,附件2,小区负载,7,DA,2025-01-06,104,17:20,17:20,NR12,flag,6211.8391,6211.8391,"night load outside [1500,6000] kW"
clean-2025-v1,附件2,小区负载,7,DB,2025-01-06,105,17:30,17:30,NR12,flag,6153.4,6153.4,"night load outside [1500,6000] kW"
clean-2025-v1,附件2,小区负载,7,DC,2025-01-06,106,17:40,17:40,NR12,flag,6282.3997,6282.3997,"night load outside [1500,6000] kW"
clean-2025-v1,附件2,小区负载,8,CZ,2025-01-07,103,17:10,17:10,NR12,flag,6080.7418,6080.7418,"night load outside [1500,6000] kW"
clean-2025-v1,附件2,小区负载,8,DA,2025-01-07,104,17:20,17:20,NR12,flag,6136.3433,6136.3433,"night load outside [1500,6000] kW"
clean-2025-v1,附件2,小区负载,8,DB,2025-01-07,105,17:30,17:30,NR12,flag,6351.33,6351.33,"night load outside [1500,6000] kW"
clean-2025-v1,附件2,小区负载,8,DC,2025-01-07,106,17:40,17:40,NR12,flag,6570.8076,6570.8076,"night load outside [1500,6000] kW"
clean-2025-v1,附件2,小区负载,9,CZ,2025-01-08,103,17:10,17:10,NR12,flag,6516.7242,6516.7242,"night load outside [1500,6000] kW"
clean-2025-v1,附件2,小区负载,9,DA,2025-01-08,104,17:20,17:20,NR12,flag,6531.403,6531.403,"night load outside [1500,6000] kW"
clean-2025-v1,附件2,小区负载,9,DB,2025-01-08,105,17:30,17:30,NR12,flag,6234.92,6234.92,"night load outside [1500,6000] kW"
clean-2025-v1,附件2,小区负载,9,DC,2025-01-08,106,17:40,17:40,NR12,flag,6305.2396,6305.2396,"night load outside [1500,6000] kW"
clean-2025-v1,附件2,小区负载,10,CZ,2025-01-09,103,17:10,17:10,NR12,flag,6243.9493,6243.9493,"night load outside [1500,6000] kW"
clean-2025-v1,附件2,小区负载,10,DA,2025-01-09,104,17:20,17:20,NR12,flag,6244.9228,6244.9228,"night load outside [1500,6000] kW"
clean-2025-v1,附件2,小区负载,10,DB,2025-01-09,105,17:30,17:30,NR12,flag,6347.39,6347.39,"night load outside [1500,6000] kW"
clean-2025-v1,附件2,小区负载,10,DC,2025-01-09,106,17:40,17:40,NR12,flag,6263.3001,6263.3001,"night load outside [1500,6000] kW"
clean-2025-v1,附件2,小区负载,13,DA,2025-01-12,104,17:20,17:20,NR12,flag,6351.6336,6351.6336,"night load outside [1500,6000] kW"
clean-2025-v1,附件2,小区负载,13,DB,2025-01-12,105,17:30,17:30,NR12,flag,6349.21,6349.21,"night load outside [1500,6000] kW"
clean-2025-v1,附件2,小区负载,13,DC,2025-01-12,106,17:40,17:40,NR12,flag,6370.0791,6370.0791,"night load outside [1500,6000] kW"
clean-2025-v1,附件2,小区负载,14,DA,2025-01-13,104,17:20,17:20,NR12,flag,6036.1704,6036.1704,"night load outside [1500,6000] kW"
clean-2025-v1,附件2,小区负载,14,DB,2025-01-13,105,17:30,17:30,NR12,flag,6297.14,6297.14,"night load outside [1500,6000] kW"
clean-2025-v1,附件2,小区负载,14,DC,2025-01-13,106,17:40,17:40,NR12,flag,6421.7071,6421.7071,"night load outside [1500,6000] kW"
clean-2025-v1,附件2,小区负载,15,DA,2025-01-14,104,17:20,17:20,NR12,flag,6277.1871,6277.1871,"night load outside [1500,6000] kW"
clean-2025-v1,附件2,小区负载,15,DB,2025-01-14,105,17:30,17:30,NR12,flag,6251.36,6251.36,"night load outside [1500,6000] kW"
clean-2025-v1,附件2,小区负载,15,DC,2025-01-14,106,17:40,17:40,NR12,flag,6369.8612,6369.8612,"night load outside [1500,6000] kW"
clean-2025-v1,附件2,小区负载,16,DA,2025-01-15,104,17:20,17:20,NR12,flag,6236.3891,6236.3891,"night load outside [1500,6000] kW"
clean-2025-v1,附件2,小区负载,16,DB,2025-01-15,105,17:30,17:30,NR12,flag,6276.16,6276.16,"night load outside [1500,6000] kW"
clean-2025-v1,附件2,小区负载,16,DC,2025-01-15,106,17:40,17:40,NR12,flag,6551.191,6551.191,"night load outside [1500,6000] kW"
clean-2025-v1,附件2,小区负载,17,DB,2025-01-16,105,17:30,17:30,NR12,flag,6397.64,6397.64,"night load outside [1500,6000] kW"
clean-2025-v1,附件2,小区负载,17,DC,2025-01-16,106,17:40,17:40,NR12,flag,6477.2279,6477.2279,"night load outside [1500,6000] kW"
clean-2025-v1,附件2,小区负载,20,DA,2025-01-19,104,17:20,17:20,NR12,flag,6193.0776,6193.0776,"night load outside [1500,6000] kW"
clean-2025-v1,附件2,小区负载,20,DB,2025-01-19,105,17:30,17:30,NR12,flag,6223.58,6223.58,"night load outside [1500,6000] kW"
clean-2025-v1,附件2,小区负载,20,DC,2025-01-19,106,17:40,17:40,NR12,flag,6436.6902,6436.6902,"night load outside [1500,6000] kW"
clean-2025-v1,附件2,小区负载,21,DA,2025-01-20,104,17:20,17:20,NR12,flag,6197.0538,6197.0538,"night load outside [1500,6000] kW"
clean-2025-v1,附件2,小区负载,21,DB,2025-01-20,105,17:30,17:30,NR12,flag,6146.52,6146.52,"night load outside [1500,6000] kW"
clean-2025-v1,附件2,小区负载,21,DC,2025-01-20,106,17:40,17:40,NR12,flag,6425.6454,6425.6454,"night load outside [1500,6000] kW"
clean-2025-v1,附件2,小区负载,22,DA,2025-01-21,104,17:20,17:20,NR12,flag,6157.4345,6157.4345,"night load outside [1500,6000] kW"
clean-2025-v1,附件2,小区负载,22,DB,2025-01-21,105,17:30,17:30,NR12,flag,6220.01,6220.01,"night load outside [1500,6000] kW"
clean-2025-v1,附件2,小区负载,22,DC,2025-01-21,106,17:40,17:40,NR12,flag,6310.211,6310.211,"night load outside [1500,6000] kW"
clean-2025-v1,附件2,小区负载,23,DA,2025-01-22,104,17:20,17:20,NR12,flag,6297.9953,6297.9953,"night load outside [1500,6000] kW"
clean-2025-v1,附件2,小区负载,23,DB,2025-01-22,105,17:30,17:30,NR12,flag,6261.17,6261.17,"night load outside [1500,6000] kW"
clean-2025-v1,附件2,小区负载,23,DC,2025-01-22,106,17:40,17:40,NR12,flag,6361.327,6361.327,"night load outside [1500,6000] kW"
clean-2025-v1,附件2,小区负载,24,DA,2025-01-23,104,17:20,17:20,NR12,flag,6128.893,6128.893,"night load outside [1500,6000] kW"
clean-2025-v1,附件2,小区负载,24,DB,2025-01-23,105,17:30,17:30,NR12,flag,6309.29,6309.29,"night load outside [1500,6000] kW"
clean-2025-v1,附件2,小区负载,24,DC,2025-01-23,106,17:40,17:40,NR12,flag,6457.8071,6457.8071,"night load outside [1500,6000] kW"
clean-2025-v1,附件2,小区负载,27,DA,2025-01-26,104,17:20,17:20,NR12,flag,6180.7322,6180.7322,"night load outside [1500,6000] kW"
clean-2025-v1,附件2,小区负载,27,DB,2025-01-26,105,17:30,17:30,NR12,flag,6360.94,6360.94,"night load outside [1500,6000] kW"
clean-2025-v1,附件2,小区负载,27,DC,2025-01-26,106,17:40,17:40,NR12,flag,6509.0941,6509.0941,"night load outside [1500,6000] kW"
clean-2025-v1,附件2,小区负载,28,DA,2025-01-27,104,17:20,17:20,NR12,flag,6043.9633,6043.9633,"night load outside [1500,6000] kW"
clean-2025-v1,附件2,小区负载,28,DB,2025-01-27,105,17:30,17:30,NR12,flag,6288.99,6288.99,"night load outside [1500,6000] kW"
clean-2025-v1,附件2,小区负载,28,DC,2025-01-27,106,17:40,17:40,NR12,flag,6485.2572,6485.2572,"night load outside [1500,6000] kW"
clean-2025-v1,附件2,小区负载,29,DB,2025-01-28,105,17:30,17:30,NR12,flag,6315.86,6315.86,"night load outside [1500,6000] kW"
clean-2025-v1,附件2,小区负载,29,DC,2025-01-28,106,17:40,17:40,NR12,flag,6634.6227,6634.6227,"night load outside [1500,6000] kW"
clean-2025-v1,附件2,小区负载,30,DB,2025-01-29,105,17:30,17:30,NR12,flag,6070.84,6070.84,"night load outside [1500,6000] kW"
clean-2025-v1,附件2,小区负载,30,DC,2025-01-29,106,17:40,17:40,NR12,flag,6235.1418,6235.1418,"night load outside [1500,6000] kW"
clean-2025-v1,附件2,小区负载,31,DB,2025-01-30,105,17:30,17:30,NR12,flag,6243.22,6243.22,"night load outside [1500,6000] kW"
clean-2025-v1,附件2,小区负载,31,DC,2025-01-30,106,17:40,17:40,NR12,flag,6378.7541,6378.7541,"night load outside [1500,6000] kW"
clean-2025-v1,附件2,小区负载,34,DB,2025-02-02,105,17:30,17:30,NR12,flag,6161.51,6161.51,"night load outside [1500,6000] kW"
clean-2025-v1,附件2,小区负载,34,DC,2025-02-02,106,17:40,17:40,NR12,flag,6305.1609,6305.1609,"night load outside [1500,6000] kW"
clean-2025-v1,附件2,小区负载,35,DB,2025-02-03,105,17:30,17:30,NR12,flag,6224.14,6224.14,"night load outside [1500,6000] kW"
clean-2025-v1,附件2,小区负载,35,DC,2025-02-03,106,17:40,17:40,NR12,flag,6233.9384,6233.9384,"night load outside [1500,6000] kW"
clean-2025-v1,附件2,小区负载,36,DB,2025-02-04,105,17:30,17:30,NR12,flag,6035.4,6035.4,"night load outside [1500,6000] kW"
clean-2025-v1,附件2,小区负载,36,DC,2025-02-04,106,17:40,17:40,NR12,flag,6148.7496,6148.7496,"night load outside [1500,6000] kW"
clean-2025-v1,附件2,小区负载,37,DB,2025-02-05,105,17:30,17:30,NR12,flag,6158.6,6158.6,"night load outside [1500,6000] kW"
clean-2025-v1,附件2,小区负载,37,DC,2025-02-05,106,17:40,17:40,NR12,flag,6333.7326,6333.7326,"night load outside [1500,6000] kW"
clean-2025-v1,附件2,小区负载,38,DB,2025-02-06,105,17:30,17:30,NR12,flag,6196.74,6196.74,"night load outside [1500,6000] kW"
clean-2025-v1,附件2,小区负载,38,DC,2025-02-06,106,17:40,17:40,NR12,flag,6287.1803,6287.1803,"night load outside [1500,6000] kW"
clean-2025-v1,附件2,小区负载,41,DB,2025-02-09,105,17:30,17:30,NR12,flag,6052.81,6052.81,"night load outside [1500,6000] kW"
clean-2025-v1,附件2,小区负载,41,DC,2025-02-09,106,17:40,17:40,NR12,flag,6138.8163,6138.8163,"night load outside [1500,6000] kW"
clean-2025-v1,附件2,小区负载,42,DC,2025-02-10,106,17:40,17:40,NR12,flag,6203.4616,6203.4616,"night load outside [1500,6000] kW"
clean-2025-v1,附件2,小区负载,43,DC,2025-02-11,106,17:40,17:40,NR12,flag,6107.794,6107.794,"night load outside [1500,6000] kW"
clean-2025-v1,附件2,小区负载,44,DC,2025-02-12,106,17:40,17:40,NR12,flag,6203.4816,6203.4816,"night load outside [1500,6000] kW"
clean-2025-v1,附件2,小区负载,45,DC,2025-02-13,106,17:40,17:40,NR12,flag,6195.9096,6195.9096,"night load outside [1500,6000] kW"
clean-2025-v1,附件2,小区负载,48,DC,2025-02-16,106,17:40,17:40,NR12,flag,6372.5389,6372.5389,"night load outside [1500,6000] kW"
clean-2025-v1,附件2,小区负载,49,DC,2025-02-17,106,17:40,17:40,NR12,flag,6214.3521,6214.3521,"night load outside [1500,6000] kW"
clean-2025-v1,附件2,小区负载,50,DC,2025-02-18,106,17:40,17:40,NR12,flag,6302.4577,6302.4577,"night load outside [1500,6000] kW"
clean-2025-v1,附件2,小区负载,51,DC,2025-02-19,106,17:40,17:40,NR12,flag,6164.8189,6164.8189,"night load outside [1500,6000] kW"
clean-2025-v1,附件2,小区负载,52,DC,2025-02-20,106,17:40,17:40,NR12,flag,6222.6382,6222.6382,"night load outside [1500,6000] kW"
clean-2025-v1,附件4,Sheet1,89,BR,2025-03-29,69,11:30,11:30,NR11,flag,0.0913,0.0913,"near-zero price (<0.1 CNY/kWh), kept for Q4 scenarios"
clean-2025-v1,附件4,Sheet1,95,BY,2025-04-04,76,12:40,12:40,NR11,flag,0.0905,0.0905,"near-zero price (<0.1 CNY/kWh), kept for Q4 scenarios"
clean-2025-v1,附件4,Sheet1,117,BO,2025-04-26,66,11:00,11:00,NR11,flag,0.0489,0.0489,"near-zero price (<0.1 CNY/kWh), kept for Q4 scenarios"
clean-2025-v1,附件4,Sheet1,117,BP,2025-04-26,67,11:10,11:10,NR11,flag,0.0506,0.0506,"near-zero price (<0.1 CNY/kWh), kept for Q4 scenarios"
clean-2025-v1,附件4,Sheet1,117,BR,2025-04-26,69,11:30,11:30,NR11,flag,0.0776,0.0776,"near-zero price (<0.1 CNY/kWh), kept for Q4 scenarios"
clean-2025-v1,附件4,Sheet1,117,BS,2025-04-26,70,11:40,11:40,NR11,flag,0.0765,0.0765,"near-zero price (<0.1 CNY/kWh), kept for Q4 scenarios"
clean-2025-v1,附件4,Sheet1,117,BT,2025-04-26,71,11:50,11:50,NR11,flag,0.034,0.034,"near-zero price (<0.1 CNY/kWh), kept for Q4 scenarios"
clean-2025-v1,附件4,Sheet1,117,BU,2025-04-26,72,12:00,12:00,NR11,flag,0.0076,0.0076,"near-zero price (<0.1 CNY/kWh), kept for Q4 scenarios"
clean-2025-v1,附件4,Sheet1,117,BX,2025-04-26,75,12:30,12:30,NR11,flag,0.0987,0.0987,"near-zero price (<0.1 CNY/kWh), kept for Q4 scenarios"
clean-2025-v1,附件4,Sheet1,117,BY,2025-04-26,76,12:40,12:40,NR11,flag,0.0224,0.0224,"near-zero price (<0.1 CNY/kWh), kept for Q4 scenarios"
clean-2025-v1,附件4,Sheet1,137,BV,2025-05-16,73,12:10,12:10,NR11,flag,0.0992,0.0992,"near-zero price (<0.1 CNY/kWh), kept for Q4 scenarios"
clean-2025-v1,附件4,Sheet1,151,BS,2025-05-30,70,11:40,11:40,NR11,flag,0.04,0.04,"near-zero price (<0.1 CNY/kWh), kept for Q4 scenarios"
clean-2025-v1,附件4,Sheet1,151,BT,2025-05-30,71,11:50,11:50,NR11,flag,0.0389,0.0389,"near-zero price (<0.1 CNY/kWh), kept for Q4 scenarios"
clean-2025-v1,附件2,小区负载,183,DT,2025-07-01,123,20:30,20:30,NR12,flag,6061.11,6061.11,"night load outside [1500,6000] kW"
clean-2025-v1,附件2,小区负载,183,DX,2025-07-01,127,21:10,21:10,NR12,flag,6122.8881,6122.8881,"night load outside [1500,6000] kW"
clean-2025-v1,附件2,小区负载,183,EA,2025-07-01,130,21:40,21:40,NR12,flag,6163.4444,6163.4444,"night load outside [1500,6000] kW"
clean-2025-v1,附件2,小区负载,184,DL,2025-07-02,115,19:10,19:10,NR12,flag,6132.0983,6132.0983,"night load outside [1500,6000] kW"
clean-2025-v1,附件2,小区负载,184,DM,2025-07-02,116,19:20,19:20,NR12,flag,6153.3931,6153.3931,"night load outside [1500,6000] kW"
clean-2025-v1,附件2,小区负载,184,DQ,2025-07-02,120,20:00,20:00,NR12,flag,6278.32,6278.32,"night load outside [1500,6000] kW"
clean-2025-v1,附件2,小区负载,184,DR,2025-07-02,121,20:10,20:10,NR12,flag,6118.9139,6118.9139,"night load outside [1500,6000] kW"
clean-2025-v1,附件2,小区负载,185,DT,2025-07-03,123,20:30,20:30,NR12,flag,6067.64,6067.64,"night load outside [1500,6000] kW"
clean-2025-v1,附件2,小区负载,185,DU,2025-07-03,124,20:40,20:40,NR12,flag,6179.1011,6179.1011,"night load outside [1500,6000] kW"
clean-2025-v1,附件2,小区负载,185,DX,2025-07-03,127,21:10,21:10,NR12,flag,6099.839,6099.839,"night load outside [1500,6000] kW"
clean-2025-v1,附件2,小区负载,185,DY,2025-07-03,128,21:20,21:20,NR12,flag,6354.5294,6354.5294,"night load outside [1500,6000] kW"
clean-2025-v1,附件2,小区负载,185,DZ,2025-07-03,129,21:30,21:30,NR12,flag,6179.5,6179.5,"night load outside [1500,6000] kW"
clean-2025-v1,附件2,小区负载,185,EA,2025-07-03,130,21:40,21:40,NR12,flag,6148.1539,6148.1539,"night load outside [1500,6000] kW"
clean-2025-v1,附件2,小区负载,188,DO,2025-07-06,118,19:40,19:40,NR12,flag,6080.4058,6080.4058,"night load outside [1500,6000] kW"
clean-2025-v1,附件2,小区负载,188,DP,2025-07-06,119,19:50,19:50,NR12,flag,6011.4071,6011.4071,"night load outside [1500,6000] kW"
clean-2025-v1,附件2,小区负载,188,DR,2025-07-06,121,20:10,20:10,NR12,flag,6021.7064,6021.7064,"night load outside [1500,6000] kW"
clean-2025-v1,附件2,小区负载,188,DS,2025-07-06,122,20:20,20:20,NR12,flag,6239.4259,6239.4259,"night load outside [1500,6000] kW"
clean-2025-v1,附件2,小区负载,188,DT,2025-07-06,123,20:30,20:30,NR12,flag,6065.76,6065.76,"night load outside [1500,6000] kW"
clean-2025-v1,附件2,小区负载,188,DV,2025-07-06,125,20:50,20:50,NR12,flag,6027.695,6027.695,"night load outside [1500,6000] kW"
clean-2025-v1,附件2,小区负载,188,DW,2025-07-06,126,21:00,21:00,NR12,flag,6071.74,6071.74,"night load outside [1500,6000] kW"
clean-2025-v1,附件2,小区负载,189,DP,2025-07-07,119,19:50,19:50,NR12,flag,6117.432,6117.432,"night load outside [1500,6000] kW"
clean-2025-v1,附件2,小区负载,189,DU,2025-07-07,124,20:40,20:40,NR12,flag,6023.2805,6023.2805,"night load outside [1500,6000] kW"
clean-2025-v1,附件2,小区负载,189,EA,2025-07-07,130,21:40,21:40,NR12,flag,6239.0595,6239.0595,"night load outside [1500,6000] kW"
clean-2025-v1,附件2,小区负载,190,DT,2025-07-08,123,20:30,20:30,NR12,flag,6139.01,6139.01,"night load outside [1500,6000] kW"
clean-2025-v1,附件2,小区负载,190,DU,2025-07-08,124,20:40,20:40,NR12,flag,6222.3881,6222.3881,"night load outside [1500,6000] kW"
clean-2025-v1,附件2,小区负载,190,DY,2025-07-08,128,21:20,21:20,NR12,flag,6015.8234,6015.8234,"night load outside [1500,6000] kW"
clean-2025-v1,附件2,小区负载,190,DZ,2025-07-08,129,21:30,21:30,NR12,flag,6077.55,6077.55,"night load outside [1500,6000] kW"
clean-2025-v1,附件2,小区负载,190,EA,2025-07-08,130,21:40,21:40,NR12,flag,6157.7016,6157.7016,"night load outside [1500,6000] kW"
clean-2025-v1,附件2,小区负载,191,DN,2025-07-09,117,19:30,19:30,NR12,flag,6116.98,6116.98,"night load outside [1500,6000] kW"
clean-2025-v1,附件2,小区负载,191,DZ,2025-07-09,129,21:30,21:30,NR12,flag,6014.6,6014.6,"night load outside [1500,6000] kW"
clean-2025-v1,附件2,小区负载,192,DL,2025-07-10,115,19:10,19:10,NR12,flag,6073.617,6073.617,"night load outside [1500,6000] kW"
clean-2025-v1,附件2,小区负载,192,DT,2025-07-10,123,20:30,20:30,NR12,flag,6257.54,6257.54,"night load outside [1500,6000] kW"
clean-2025-v1,附件2,小区负载,192,DW,2025-07-10,126,21:00,21:00,NR12,flag,6192.12,6192.12,"night load outside [1500,6000] kW"
clean-2025-v1,附件2,小区负载,192,DZ,2025-07-10,129,21:30,21:30,NR12,flag,6011.95,6011.95,"night load outside [1500,6000] kW"
clean-2025-v1,附件2,小区负载,192,EA,2025-07-10,130,21:40,21:40,NR12,flag,6002.3547,6002.3547,"night load outside [1500,6000] kW"
clean-2025-v1,附件2,小区负载,195,DL,2025-07-13,115,19:10,19:10,NR12,flag,6040.7552,6040.7552,"night load outside [1500,6000] kW"
clean-2025-v1,附件2,小区负载,195,DM,2025-07-13,116,19:20,19:20,NR12,flag,6158.6908,6158.6908,"night load outside [1500,6000] kW"
clean-2025-v1,附件2,小区负载,195,DQ,2025-07-13,120,20:00,20:00,NR12,flag,6102.92,6102.92,"night load outside [1500,6000] kW"
clean-2025-v1,附件2,小区负载,195,DV,2025-07-13,125,20:50,20:50,NR12,flag,6089.0619,6089.0619,"night load outside [1500,6000] kW"
clean-2025-v1,附件2,小区负载,195,DW,2025-07-13,126,21:00,21:00,NR12,flag,6021.79,6021.79,"night load outside [1500,6000] kW"
clean-2025-v1,附件2,小区负载,196,DK,2025-07-14,114,19:00,19:00,NR12,flag,6090.64,6090.64,"night load outside [1500,6000] kW"
clean-2025-v1,附件2,小区负载,196,DO,2025-07-14,118,19:40,19:40,NR12,flag,6029.0081,6029.0081,"night load outside [1500,6000] kW"
clean-2025-v1,附件2,小区负载,196,DP,2025-07-14,119,19:50,19:50,NR12,flag,6109.9907,6109.9907,"night load outside [1500,6000] kW"
clean-2025-v1,附件2,小区负载,196,DQ,2025-07-14,120,20:00,20:00,NR12,flag,6065.86,6065.86,"night load outside [1500,6000] kW"
clean-2025-v1,附件2,小区负载,196,DW,2025-07-14,126,21:00,21:00,NR12,flag,6028.74,6028.74,"night load outside [1500,6000] kW"
clean-2025-v1,附件2,小区负载,196,DX,2025-07-14,127,21:10,21:10,NR12,flag,6042.7714,6042.7714,"night load outside [1500,6000] kW"
clean-2025-v1,附件2,小区负载,197,DZ,2025-07-15,129,21:30,21:30,NR12,flag,6127.42,6127.42,"night load outside [1500,6000] kW"
clean-2025-v1,附件2,小区负载,197,EA,2025-07-15,130,21:40,21:40,NR12,flag,6167.8563,6167.8563,"night load outside [1500,6000] kW"
clean-2025-v1,附件2,小区负载,198,DK,2025-07-16,114,19:00,19:00,NR12,flag,6007.99,6007.99,"night load outside [1500,6000] kW"
clean-2025-v1,附件2,小区负载,198,DR,2025-07-16,121,20:10,20:10,NR12,flag,6178.5016,6178.5016,"night load outside [1500,6000] kW"
clean-2025-v1,附件2,小区负载,198,DS,2025-07-16,122,20:20,20:20,NR12,flag,6214.3815,6214.3815,"night load outside [1500,6000] kW"
clean-2025-v1,附件2,小区负载,199,DS,2025-07-17,122,20:20,20:20,NR12,flag,6057.2464,6057.2464,"night load outside [1500,6000] kW"
clean-2025-v1,附件2,小区负载,199,DU,2025-07-17,124,20:40,20:40,NR12,flag,6024.5684,6024.5684,"night load outside [1500,6000] kW"
clean-2025-v1,附件2,小区负载,199,DX,2025-07-17,127,21:10,21:10,NR12,flag,6022.5971,6022.5971,"night load outside [1500,6000] kW"
clean-2025-v1,附件2,小区负载,202,DU,2025-07-20,124,20:40,20:40,NR12,flag,6057.1355,6057.1355,"night load outside [1500,6000] kW"
clean-2025-v1,附件2,小区负载,202,DV,2025-07-20,125,20:50,20:50,NR12,flag,6112.2518,6112.2518,"night load outside [1500,6000] kW"
clean-2025-v1,附件2,小区负载,202,DZ,2025-07-20,129,21:30,21:30,NR12,flag,6124.25,6124.25,"night load outside [1500,6000] kW"
clean-2025-v1,附件2,小区负载,202,EA,2025-07-20,130,21:40,21:40,NR12,flag,6072.2146,6072.2146,"night load outside [1500,6000] kW"
clean-2025-v1,附件2,小区负载,203,DU,2025-07-21,124,20:40,20:40,NR12,flag,6100.2556,6100.2556,"night load outside [1500,6000] kW"
clean-2025-v1,附件2,小区负载,203,DY,2025-07-21,128,21:20,21:20,NR12,flag,6071.3282,6071.3282,"night load outside [1500,6000] kW"
clean-2025-v1,附件2,小区负载,204,DN,2025-07-22,117,19:30,19:30,NR12,flag,6005.86,6005.86,"night load outside [1500,6000] kW"
clean-2025-v1,附件2,小区负载,204,DQ,2025-07-22,120,20:00,20:00,NR12,flag,6051.24,6051.24,"night load outside [1500,6000] kW"
clean-2025-v1,附件2,小区负载,205,DX,2025-07-23,127,21:10,21:10,NR12,flag,6065.8263,6065.8263,"night load outside [1500,6000] kW"
clean-2025-v1,附件2,小区负载,210,DX,2025-07-28,127,21:10,21:10,NR12,flag,6117.1172,6117.1172,"night load outside [1500,6000] kW"
clean-2025-v1,附件2,小区负载,210,DY,2025-07-28,128,21:20,21:20,NR12,flag,6286.1863,6286.1863,"night load outside [1500,6000] kW"
clean-2025-v1,附件2,小区负载,210,DZ,2025-07-28,129,21:30,21:30,NR12,flag,6271.67,6271.67,"night load outside [1500,6000] kW"
clean-2025-v1,附件2,小区负载,210,EA,2025-07-28,130,21:40,21:40,NR12,flag,6011.0077,6011.0077,"night load outside [1500,6000] kW"
clean-2025-v1,附件2,小区负载,211,DK,2025-07-29,114,19:00,19:00,NR12,flag,6105.38,6105.38,"night load outside [1500,6000] kW"
clean-2025-v1,附件2,小区负载,211,DN,2025-07-29,117,19:30,19:30,NR12,flag,6014.04,6014.04,"night load outside [1500,6000] kW"
clean-2025-v1,附件2,小区负载,216,DO,2025-08-03,118,19:40,19:40,NR12,flag,6039.8839,6039.8839,"night load outside [1500,6000] kW"
clean-2025-v1,附件2,小区负载,216,DP,2025-08-03,119,19:50,19:50,NR12,flag,6105.5276,6105.5276,"night load outside [1500,6000] kW"
clean-2025-v1,附件2,小区负载,216,DQ,2025-08-03,120,20:00,20:00,NR12,flag,6058.39,6058.39,"night load outside [1500,6000] kW"
clean-2025-v1,附件2,小区负载,216,EA,2025-08-03,130,21:40,21:40,NR12,flag,6168.1927,6168.1927,"night load outside [1500,6000] kW"
clean-2025-v1,附件2,小区负载,219,DY,2025-08-06,128,21:20,21:20,NR12,flag,6012.2067,6012.2067,"night load outside [1500,6000] kW"
clean-2025-v1,附件4,Sheet1,221,BY,2025-08-08,76,12:40,12:40,NR11,flag,0.0665,0.0665,"near-zero price (<0.1 CNY/kWh), kept for Q4 scenarios"
clean-2025-v1,附件2,小区负载,227,DU,2025-08-14,124,20:40,20:40,NR12,flag,6020.2783,6020.2783,"night load outside [1500,6000] kW"
clean-2025-v1,附件4,Sheet1,229,BU,2025-08-16,72,12:00,12:00,NR11,flag,0.0685,0.0685,"near-zero price (<0.1 CNY/kWh), kept for Q4 scenarios"
clean-2025-v1,附件2,小区负载,230,DM,2025-08-17,116,19:20,19:20,NR12,flag,6058.3631,6058.3631,"night load outside [1500,6000] kW"
clean-2025-v1,附件2,小区负载,231,DT,2025-08-18,123,20:30,20:30,NR12,flag,6048.27,6048.27,"night load outside [1500,6000] kW"
clean-2025-v1,附件2,小区负载,232,DN,2025-08-19,117,19:30,19:30,NR12,flag,6160.53,6160.53,"night load outside [1500,6000] kW"
clean-2025-v1,附件2,小区负载,232,DO,2025-08-19,118,19:40,19:40,NR12,flag,6134.0676,6134.0676,"night load outside [1500,6000] kW"
clean-2025-v1,附件2,小区负载,232,EA,2025-08-19,130,21:40,21:40,NR12,flag,6233.9038,6233.9038,"night load outside [1500,6000] kW"
clean-2025-v1,附件2,小区负载,237,DZ,2025-08-24,129,21:30,21:30,NR12,flag,6017.52,6017.52,"night load outside [1500,6000] kW"
clean-2025-v1,附件2,小区负载,241,DQ,2025-08-28,120,20:00,20:00,NR12,flag,6012.82,6012.82,"night load outside [1500,6000] kW"
clean-2025-v1,附件4,Sheet1,250,BU,2025-09-06,72,12:00,12:00,NR11,flag,0.0886,0.0886,"near-zero price (<0.1 CNY/kWh), kept for Q4 scenarios"
clean-2025-v1,附件4,Sheet1,250,BY,2025-09-06,76,12:40,12:40,NR11,flag,0.07,0.07,"near-zero price (<0.1 CNY/kWh), kept for Q4 scenarios"
clean-2025-v1,附件4,Sheet1,257,BP,2025-09-13,67,11:10,11:10,NR11,flag,0.0904,0.0904,"near-zero price (<0.1 CNY/kWh), kept for Q4 scenarios"
clean-2025-v1,附件4,Sheet1,257,BS,2025-09-13,70,11:40,11:40,NR11,flag,0.0589,0.0589,"near-zero price (<0.1 CNY/kWh), kept for Q4 scenarios"
clean-2025-v1,附件4,Sheet1,257,BT,2025-09-13,71,11:50,11:50,NR11,flag,0.0436,0.0436,"near-zero price (<0.1 CNY/kWh), kept for Q4 scenarios"
clean-2025-v1,附件4,Sheet1,257,BU,2025-09-13,72,12:00,12:00,NR11,flag,0.0606,0.0606,"near-zero price (<0.1 CNY/kWh), kept for Q4 scenarios"
clean-2025-v1,附件4,Sheet1,257,BV,2025-09-13,73,12:10,12:10,NR11,flag,0.0376,0.0376,"near-zero price (<0.1 CNY/kWh), kept for Q4 scenarios"
clean-2025-v1,附件4,Sheet1,257,BW,2025-09-13,74,12:20,12:20,NR11,flag,0.0983,0.0983,"near-zero price (<0.1 CNY/kWh), kept for Q4 scenarios"
clean-2025-v1,附件4,Sheet1,264,BY,2025-09-20,76,12:40,12:40,NR11,flag,0.0958,0.0958,"near-zero price (<0.1 CNY/kWh), kept for Q4 scenarios"
clean-2025-v1,附件4,Sheet1,277,BS,2025-10-03,70,11:40,11:40,NR11,flag,0.0924,0.0924,"near-zero price (<0.1 CNY/kWh), kept for Q4 scenarios"
clean-2025-v1,附件4,Sheet1,284,BV,2025-10-10,73,12:10,12:10,NR11,flag,0.0631,0.0631,"near-zero price (<0.1 CNY/kWh), kept for Q4 scenarios"
clean-2025-v1,附件4,Sheet1,284,BW,2025-10-10,74,12:20,12:20,NR11,flag,0.085,0.085,"near-zero price (<0.1 CNY/kWh), kept for Q4 scenarios"
clean-2025-v1,附件4,Sheet1,284,BY,2025-10-10,76,12:40,12:40,NR11,flag,0.039,0.039,"near-zero price (<0.1 CNY/kWh), kept for Q4 scenarios"
clean-2025-v1,附件2,小区负载,293,DC,2025-10-19,106,17:40,17:40,NR12,flag,6296.0179,6296.0179,"night load outside [1500,6000] kW"
clean-2025-v1,附件2,小区负载,294,DC,2025-10-20,106,17:40,17:40,NR12,flag,6227.6479,6227.6479,"night load outside [1500,6000] kW"
clean-2025-v1,附件2,小区负载,295,DC,2025-10-21,106,17:40,17:40,NR12,flag,6347.0259,6347.0259,"night load outside [1500,6000] kW"
clean-2025-v1,附件2,小区负载,296,DC,2025-10-22,106,17:40,17:40,NR12,flag,6306.6332,6306.6332,"night load outside [1500,6000] kW"
clean-2025-v1,附件2,小区负载,297,DC,2025-10-23,106,17:40,17:40,NR12,flag,6285.636,6285.636,"night load outside [1500,6000] kW"
clean-2025-v1,附件2,小区负载,300,DC,2025-10-26,106,17:40,17:40,NR12,flag,6437.0594,6437.0594,"night load outside [1500,6000] kW"
clean-2025-v1,附件2,小区负载,301,DC,2025-10-27,106,17:40,17:40,NR12,flag,6255.5489,6255.5489,"night load outside [1500,6000] kW"
clean-2025-v1,附件2,小区负载,302,DC,2025-10-28,106,17:40,17:40,NR12,flag,6203.1629,6203.1629,"night load outside [1500,6000] kW"
clean-2025-v1,附件2,小区负载,303,DC,2025-10-29,106,17:40,17:40,NR12,flag,6368.5058,6368.5058,"night load outside [1500,6000] kW"
clean-2025-v1,附件2,小区负载,304,DC,2025-10-30,106,17:40,17:40,NR12,flag,6333.6031,6333.6031,"night load outside [1500,6000] kW"
clean-2025-v1,附件2,小区负载,307,DB,2025-11-02,105,17:30,17:30,NR12,flag,6105.77,6105.77,"night load outside [1500,6000] kW"
clean-2025-v1,附件2,小区负载,307,DC,2025-11-02,106,17:40,17:40,NR12,flag,6238.1524,6238.1524,"night load outside [1500,6000] kW"
clean-2025-v1,附件2,小区负载,308,DB,2025-11-03,105,17:30,17:30,NR12,flag,6026.31,6026.31,"night load outside [1500,6000] kW"
clean-2025-v1,附件2,小区负载,308,DC,2025-11-03,106,17:40,17:40,NR12,flag,6197.3758,6197.3758,"night load outside [1500,6000] kW"
clean-2025-v1,附件2,小区负载,309,DB,2025-11-04,105,17:30,17:30,NR12,flag,6193.8,6193.8,"night load outside [1500,6000] kW"
clean-2025-v1,附件2,小区负载,309,DC,2025-11-04,106,17:40,17:40,NR12,flag,6388.6776,6388.6776,"night load outside [1500,6000] kW"
clean-2025-v1,附件2,小区负载,310,DB,2025-11-05,105,17:30,17:30,NR12,flag,6172.8,6172.8,"night load outside [1500,6000] kW"
clean-2025-v1,附件2,小区负载,310,DC,2025-11-05,106,17:40,17:40,NR12,flag,6117.2238,6117.2238,"night load outside [1500,6000] kW"
clean-2025-v1,附件2,小区负载,311,DC,2025-11-06,106,17:40,17:40,NR12,flag,6351.265,6351.265,"night load outside [1500,6000] kW"
clean-2025-v1,附件2,小区负载,314,DB,2025-11-09,105,17:30,17:30,NR12,flag,6222.59,6222.59,"night load outside [1500,6000] kW"
clean-2025-v1,附件2,小区负载,314,DC,2025-11-09,106,17:40,17:40,NR12,flag,6318.1317,6318.1317,"night load outside [1500,6000] kW"
clean-2025-v1,附件2,小区负载,315,DB,2025-11-10,105,17:30,17:30,NR12,flag,6012.68,6012.68,"night load outside [1500,6000] kW"
clean-2025-v1,附件2,小区负载,315,DC,2025-11-10,106,17:40,17:40,NR12,flag,6343.3089,6343.3089,"night load outside [1500,6000] kW"
clean-2025-v1,附件2,小区负载,316,DB,2025-11-11,105,17:30,17:30,NR12,flag,6137.38,6137.38,"night load outside [1500,6000] kW"
clean-2025-v1,附件2,小区负载,316,DC,2025-11-11,106,17:40,17:40,NR12,flag,6133.7471,6133.7471,"night load outside [1500,6000] kW"
clean-2025-v1,附件2,小区负载,317,DA,2025-11-12,104,17:20,17:20,NR12,flag,6080.1391,6080.1391,"night load outside [1500,6000] kW"
clean-2025-v1,附件2,小区负载,317,DB,2025-11-12,105,17:30,17:30,NR12,flag,6206.63,6206.63,"night load outside [1500,6000] kW"
clean-2025-v1,附件2,小区负载,317,DC,2025-11-12,106,17:40,17:40,NR12,flag,6277.0834,6277.0834,"night load outside [1500,6000] kW"
clean-2025-v1,附件2,小区负载,318,DA,2025-11-13,104,17:20,17:20,NR12,flag,6214.3084,6214.3084,"night load outside [1500,6000] kW"
clean-2025-v1,附件2,小区负载,318,DB,2025-11-13,105,17:30,17:30,NR12,flag,6279.13,6279.13,"night load outside [1500,6000] kW"
clean-2025-v1,附件2,小区负载,318,DC,2025-11-13,106,17:40,17:40,NR12,flag,6435.9314,6435.9314,"night load outside [1500,6000] kW"
clean-2025-v1,附件2,小区负载,321,DA,2025-11-16,104,17:20,17:20,NR12,flag,6063.5289,6063.5289,"night load outside [1500,6000] kW"
clean-2025-v1,附件2,小区负载,321,DB,2025-11-16,105,17:30,17:30,NR12,flag,6217.86,6217.86,"night load outside [1500,6000] kW"
clean-2025-v1,附件2,小区负载,321,DC,2025-11-16,106,17:40,17:40,NR12,flag,6276.2524,6276.2524,"night load outside [1500,6000] kW"
clean-2025-v1,附件2,小区负载,322,DA,2025-11-17,104,17:20,17:20,NR12,flag,6038.3653,6038.3653,"night load outside [1500,6000] kW"
clean-2025-v1,附件2,小区负载,322,DB,2025-11-17,105,17:30,17:30,NR12,flag,6068.95,6068.95,"night load outside [1500,6000] kW"
clean-2025-v1,附件2,小区负载,322,DC,2025-11-17,106,17:40,17:40,NR12,flag,6295.1979,6295.1979,"night load outside [1500,6000] kW"
clean-2025-v1,附件2,小区负载,323,DA,2025-11-18,104,17:20,17:20,NR12,flag,6101.5454,6101.5454,"night load outside [1500,6000] kW"
clean-2025-v1,附件2,小区负载,323,DC,2025-11-18,106,17:40,17:40,NR12,flag,6120.7232,6120.7232,"night load outside [1500,6000] kW"
clean-2025-v1,附件2,小区负载,324,DA,2025-11-19,104,17:20,17:20,NR12,flag,6044.784,6044.784,"night load outside [1500,6000] kW"
clean-2025-v1,附件2,小区负载,324,DB,2025-11-19,105,17:30,17:30,NR12,flag,6087.23,6087.23,"night load outside [1500,6000] kW"
clean-2025-v1,附件2,小区负载,324,DC,2025-11-19,106,17:40,17:40,NR12,flag,6290.1256,6290.1256,"night load outside [1500,6000] kW"
clean-2025-v1,附件2,小区负载,325,DB,2025-11-20,105,17:30,17:30,NR12,flag,6221.29,6221.29,"night load outside [1500,6000] kW"
clean-2025-v1,附件2,小区负载,325,DC,2025-11-20,106,17:40,17:40,NR12,flag,6331.0174,6331.0174,"night load outside [1500,6000] kW"
clean-2025-v1,附件2,小区负载,328,DA,2025-11-23,104,17:20,17:20,NR12,flag,6164.7061,6164.7061,"night load outside [1500,6000] kW"
clean-2025-v1,附件2,小区负载,328,DB,2025-11-23,105,17:30,17:30,NR12,flag,6094.32,6094.32,"night load outside [1500,6000] kW"
clean-2025-v1,附件2,小区负载,328,DC,2025-11-23,106,17:40,17:40,NR12,flag,6278.306,6278.306,"night load outside [1500,6000] kW"
clean-2025-v1,附件2,小区负载,329,DB,2025-11-24,105,17:30,17:30,NR12,flag,6125.44,6125.44,"night load outside [1500,6000] kW"
clean-2025-v1,附件2,小区负载,329,DC,2025-11-24,106,17:40,17:40,NR12,flag,6355.1972,6355.1972,"night load outside [1500,6000] kW"
clean-2025-v1,附件2,小区负载,330,DB,2025-11-25,105,17:30,17:30,NR12,flag,6160.64,6160.64,"night load outside [1500,6000] kW"
clean-2025-v1,附件2,小区负载,330,DC,2025-11-25,106,17:40,17:40,NR12,flag,6304.5974,6304.5974,"night load outside [1500,6000] kW"
clean-2025-v1,附件2,小区负载,331,DC,2025-11-26,106,17:40,17:40,NR12,flag,6098.4174,6098.4174,"night load outside [1500,6000] kW"
clean-2025-v1,附件2,小区负载,332,DB,2025-11-27,105,17:30,17:30,NR12,flag,6047.03,6047.03,"night load outside [1500,6000] kW"
clean-2025-v1,附件2,小区负载,332,DC,2025-11-27,106,17:40,17:40,NR12,flag,6380.2766,6380.2766,"night load outside [1500,6000] kW"
clean-2025-v1,附件2,小区负载,335,CZ,2025-11-30,103,17:10,17:10,NR12,flag,6143.9297,6143.9297,"night load outside [1500,6000] kW"
clean-2025-v1,附件2,小区负载,335,DB,2025-11-30,105,17:30,17:30,NR12,flag,6044.81,6044.81,"night load outside [1500,6000] kW"
clean-2025-v1,附件2,小区负载,335,DC,2025-11-30,106,17:40,17:40,NR12,flag,6267.9442,6267.9442,"night load outside [1500,6000] kW"
clean-2025-v1,附件2,小区负载,336,CZ,2025-12-01,103,17:10,17:10,NR12,flag,6085.063,6085.063,"night load outside [1500,6000] kW"
clean-2025-v1,附件2,小区负载,336,DB,2025-12-01,105,17:30,17:30,NR12,flag,6017.95,6017.95,"night load outside [1500,6000] kW"
clean-2025-v1,附件2,小区负载,336,DC,2025-12-01,106,17:40,17:40,NR12,flag,6276.7325,6276.7325,"night load outside [1500,6000] kW"
clean-2025-v1,附件2,小区负载,337,CZ,2025-12-02,103,17:10,17:10,NR12,flag,6227.5055,6227.5055,"night load outside [1500,6000] kW"
clean-2025-v1,附件2,小区负载,337,DA,2025-12-02,104,17:20,17:20,NR12,flag,6225.3596,6225.3596,"night load outside [1500,6000] kW"
clean-2025-v1,附件2,小区负载,337,DB,2025-12-02,105,17:30,17:30,NR12,flag,6256.17,6256.17,"night load outside [1500,6000] kW"
clean-2025-v1,附件2,小区负载,337,DC,2025-12-02,106,17:40,17:40,NR12,flag,6148.6242,6148.6242,"night load outside [1500,6000] kW"
clean-2025-v1,附件2,小区负载,338,DC,2025-12-03,106,17:40,17:40,NR12,flag,6251.1989,6251.1989,"night load outside [1500,6000] kW"
clean-2025-v1,附件2,小区负载,339,CZ,2025-12-04,103,17:10,17:10,NR12,flag,6308.1519,6308.1519,"night load outside [1500,6000] kW"
clean-2025-v1,附件2,小区负载,339,DA,2025-12-04,104,17:20,17:20,NR12,flag,6211.8997,6211.8997,"night load outside [1500,6000] kW"
clean-2025-v1,附件2,小区负载,339,DB,2025-12-04,105,17:30,17:30,NR12,flag,6054.86,6054.86,"night load outside [1500,6000] kW"
clean-2025-v1,附件2,小区负载,339,DC,2025-12-04,106,17:40,17:40,NR12,flag,6381.0623,6381.0623,"night load outside [1500,6000] kW"
clean-2025-v1,附件2,小区负载,342,CZ,2025-12-07,103,17:10,17:10,NR12,flag,6062.7061,6062.7061,"night load outside [1500,6000] kW"
clean-2025-v1,附件2,小区负载,342,DA,2025-12-07,104,17:20,17:20,NR12,flag,6109.2556,6109.2556,"night load outside [1500,6000] kW"
clean-2025-v1,附件2,小区负载,342,DB,2025-12-07,105,17:30,17:30,NR12,flag,6231.1,6231.1,"night load outside [1500,6000] kW"
clean-2025-v1,附件2,小区负载,342,DC,2025-12-07,106,17:40,17:40,NR12,flag,6463.7679,6463.7679,"night load outside [1500,6000] kW"
clean-2025-v1,附件2,小区负载,343,CZ,2025-12-08,103,17:10,17:10,NR12,flag,6235.5244,6235.5244,"night load outside [1500,6000] kW"
clean-2025-v1,附件2,小区负载,343,DA,2025-12-08,104,17:20,17:20,NR12,flag,6105.2763,6105.2763,"night load outside [1500,6000] kW"
clean-2025-v1,附件2,小区负载,343,DB,2025-12-08,105,17:30,17:30,NR12,flag,6068.86,6068.86,"night load outside [1500,6000] kW"
clean-2025-v1,附件2,小区负载,343,DC,2025-12-08,106,17:40,17:40,NR12,flag,6233.1728,6233.1728,"night load outside [1500,6000] kW"
clean-2025-v1,附件2,小区负载,344,CZ,2025-12-09,103,17:10,17:10,NR12,flag,6276.9112,6276.9112,"night load outside [1500,6000] kW"
clean-2025-v1,附件2,小区负载,344,DA,2025-12-09,104,17:20,17:20,NR12,flag,6243.6177,6243.6177,"night load outside [1500,6000] kW"
clean-2025-v1,附件2,小区负载,344,DB,2025-12-09,105,17:30,17:30,NR12,flag,6221.72,6221.72,"night load outside [1500,6000] kW"
clean-2025-v1,附件2,小区负载,344,DC,2025-12-09,106,17:40,17:40,NR12,flag,6439.1462,6439.1462,"night load outside [1500,6000] kW"
clean-2025-v1,附件2,小区负载,345,CZ,2025-12-10,103,17:10,17:10,NR12,flag,6011.7395,6011.7395,"night load outside [1500,6000] kW"
clean-2025-v1,附件2,小区负载,345,DB,2025-12-10,105,17:30,17:30,NR12,flag,6115.36,6115.36,"night load outside [1500,6000] kW"
clean-2025-v1,附件2,小区负载,345,DC,2025-12-10,106,17:40,17:40,NR12,flag,6316.2844,6316.2844,"night load outside [1500,6000] kW"
clean-2025-v1,附件2,小区负载,346,CZ,2025-12-11,103,17:10,17:10,NR12,flag,6179.3036,6179.3036,"night load outside [1500,6000] kW"
clean-2025-v1,附件2,小区负载,346,DA,2025-12-11,104,17:20,17:20,NR12,flag,6146.0321,6146.0321,"night load outside [1500,6000] kW"
clean-2025-v1,附件2,小区负载,346,DB,2025-12-11,105,17:30,17:30,NR12,flag,6272.91,6272.91,"night load outside [1500,6000] kW"
clean-2025-v1,附件2,小区负载,346,DC,2025-12-11,106,17:40,17:40,NR12,flag,6328.2892,6328.2892,"night load outside [1500,6000] kW"
clean-2025-v1,附件2,小区负载,349,CZ,2025-12-14,103,17:10,17:10,NR12,flag,6226.7838,6226.7838,"night load outside [1500,6000] kW"
clean-2025-v1,附件2,小区负载,349,DA,2025-12-14,104,17:20,17:20,NR12,flag,6316.685,6316.685,"night load outside [1500,6000] kW"
clean-2025-v1,附件2,小区负载,349,DB,2025-12-14,105,17:30,17:30,NR12,flag,6285.57,6285.57,"night load outside [1500,6000] kW"
clean-2025-v1,附件2,小区负载,349,DC,2025-12-14,106,17:40,17:40,NR12,flag,6346.6991,6346.6991,"night load outside [1500,6000] kW"
clean-2025-v1,附件2,小区负载,350,CZ,2025-12-15,103,17:10,17:10,NR12,flag,6171.0924,6171.0924,"night load outside [1500,6000] kW"
clean-2025-v1,附件2,小区负载,350,DA,2025-12-15,104,17:20,17:20,NR12,flag,6235.3875,6235.3875,"night load outside [1500,6000] kW"
clean-2025-v1,附件2,小区负载,350,DB,2025-12-15,105,17:30,17:30,NR12,flag,6298.33,6298.33,"night load outside [1500,6000] kW"
clean-2025-v1,附件2,小区负载,350,DC,2025-12-15,106,17:40,17:40,NR12,flag,6521.926,6521.926,"night load outside [1500,6000] kW"
clean-2025-v1,附件2,小区负载,351,CZ,2025-12-16,103,17:10,17:10,NR12,flag,6281.4105,6281.4105,"night load outside [1500,6000] kW"
clean-2025-v1,附件2,小区负载,351,DA,2025-12-16,104,17:20,17:20,NR12,flag,6318.2916,6318.2916,"night load outside [1500,6000] kW"
clean-2025-v1,附件2,小区负载,351,DB,2025-12-16,105,17:30,17:30,NR12,flag,6282.83,6282.83,"night load outside [1500,6000] kW"
clean-2025-v1,附件2,小区负载,351,DC,2025-12-16,106,17:40,17:40,NR12,flag,6426.1848,6426.1848,"night load outside [1500,6000] kW"
clean-2025-v1,附件2,小区负载,352,CZ,2025-12-17,103,17:10,17:10,NR12,flag,6002.7797,6002.7797,"night load outside [1500,6000] kW"
clean-2025-v1,附件2,小区负载,352,DB,2025-12-17,105,17:30,17:30,NR12,flag,6021.66,6021.66,"night load outside [1500,6000] kW"
clean-2025-v1,附件2,小区负载,352,DC,2025-12-17,106,17:40,17:40,NR12,flag,6382.7678,6382.7678,"night load outside [1500,6000] kW"
clean-2025-v1,附件2,小区负载,353,CZ,2025-12-18,103,17:10,17:10,NR12,flag,6226.8363,6226.8363,"night load outside [1500,6000] kW"
clean-2025-v1,附件2,小区负载,353,DA,2025-12-18,104,17:20,17:20,NR12,flag,6191.445,6191.445,"night load outside [1500,6000] kW"
clean-2025-v1,附件2,小区负载,353,DB,2025-12-18,105,17:30,17:30,NR12,flag,6233.5,6233.5,"night load outside [1500,6000] kW"
clean-2025-v1,附件2,小区负载,353,DC,2025-12-18,106,17:40,17:40,NR12,flag,6289.5907,6289.5907,"night load outside [1500,6000] kW"
clean-2025-v1,附件2,小区负载,356,CZ,2025-12-21,103,17:10,17:10,NR12,flag,6112.1742,6112.1742,"night load outside [1500,6000] kW"
clean-2025-v1,附件2,小区负载,356,DA,2025-12-21,104,17:20,17:20,NR12,flag,6160.7027,6160.7027,"night load outside [1500,6000] kW"
clean-2025-v1,附件2,小区负载,356,DB,2025-12-21,105,17:30,17:30,NR12,flag,6338.77,6338.77,"night load outside [1500,6000] kW"
clean-2025-v1,附件2,小区负载,356,DC,2025-12-21,106,17:40,17:40,NR12,flag,6290.0948,6290.0948,"night load outside [1500,6000] kW"
clean-2025-v1,附件2,小区负载,357,CZ,2025-12-22,103,17:10,17:10,NR12,flag,6286.2534,6286.2534,"night load outside [1500,6000] kW"
clean-2025-v1,附件2,小区负载,357,DA,2025-12-22,104,17:20,17:20,NR12,flag,6330.5696,6330.5696,"night load outside [1500,6000] kW"
clean-2025-v1,附件2,小区负载,357,DB,2025-12-22,105,17:30,17:30,NR12,flag,6205.67,6205.67,"night load outside [1500,6000] kW"
clean-2025-v1,附件2,小区负载,357,DC,2025-12-22,106,17:40,17:40,NR12,flag,6260.0126,6260.0126,"night load outside [1500,6000] kW"
clean-2025-v1,附件2,小区负载,358,CZ,2025-12-23,103,17:10,17:10,NR12,flag,6164.7599,6164.7599,"night load outside [1500,6000] kW"
clean-2025-v1,附件2,小区负载,358,DA,2025-12-23,104,17:20,17:20,NR12,flag,6154.9431,6154.9431,"night load outside [1500,6000] kW"
clean-2025-v1,附件2,小区负载,358,DB,2025-12-23,105,17:30,17:30,NR12,flag,6254.72,6254.72,"night load outside [1500,6000] kW"
clean-2025-v1,附件2,小区负载,358,DC,2025-12-23,106,17:40,17:40,NR12,flag,6505.0126,6505.0126,"night load outside [1500,6000] kW"
clean-2025-v1,附件2,小区负载,359,CZ,2025-12-24,103,17:10,17:10,NR12,flag,6240.7533,6240.7533,"night load outside [1500,6000] kW"
clean-2025-v1,附件2,小区负载,359,DA,2025-12-24,104,17:20,17:20,NR12,flag,6069.2254,6069.2254,"night load outside [1500,6000] kW"
clean-2025-v1,附件2,小区负载,359,DB,2025-12-24,105,17:30,17:30,NR12,flag,6060.32,6060.32,"night load outside [1500,6000] kW"
clean-2025-v1,附件2,小区负载,359,DC,2025-12-24,106,17:40,17:40,NR12,flag,6167.8506,6167.8506,"night load outside [1500,6000] kW"
clean-2025-v1,附件2,小区负载,360,CZ,2025-12-25,103,17:10,17:10,NR12,flag,6302.872,6302.872,"night load outside [1500,6000] kW"
clean-2025-v1,附件2,小区负载,360,DA,2025-12-25,104,17:20,17:20,NR12,flag,6213.3175,6213.3175,"night load outside [1500,6000] kW"
clean-2025-v1,附件2,小区负载,360,DB,2025-12-25,105,17:30,17:30,NR12,flag,6052.82,6052.82,"night load outside [1500,6000] kW"
clean-2025-v1,附件2,小区负载,360,DC,2025-12-25,106,17:40,17:40,NR12,flag,6277.6348,6277.6348,"night load outside [1500,6000] kW"
clean-2025-v1,附件2,小区负载,363,CZ,2025-12-28,103,17:10,17:10,NR12,flag,6125.686,6125.686,"night load outside [1500,6000] kW"
clean-2025-v1,附件2,小区负载,363,DA,2025-12-28,104,17:20,17:20,NR12,flag,6081.0149,6081.0149,"night load outside [1500,6000] kW"
clean-2025-v1,附件2,小区负载,363,DB,2025-12-28,105,17:30,17:30,NR12,flag,6153.69,6153.69,"night load outside [1500,6000] kW"
clean-2025-v1,附件2,小区负载,363,DC,2025-12-28,106,17:40,17:40,NR12,flag,6520.3498,6520.3498,"night load outside [1500,6000] kW"
clean-2025-v1,附件2,小区负载,364,CZ,2025-12-29,103,17:10,17:10,NR12,flag,6162.8942,6162.8942,"night load outside [1500,6000] kW"
clean-2025-v1,附件2,小区负载,364,DB,2025-12-29,105,17:30,17:30,NR12,flag,6063.1,6063.1,"night load outside [1500,6000] kW"
clean-2025-v1,附件2,小区负载,364,DC,2025-12-29,106,17:40,17:40,NR12,flag,6196.6962,6196.6962,"night load outside [1500,6000] kW"
clean-2025-v1,附件2,小区负载,365,CZ,2025-12-30,103,17:10,17:10,NR12,flag,6124.4248,6124.4248,"night load outside [1500,6000] kW"
clean-2025-v1,附件2,小区负载,365,DA,2025-12-30,104,17:20,17:20,NR12,flag,6057.7269,6057.7269,"night load outside [1500,6000] kW"
clean-2025-v1,附件2,小区负载,365,DB,2025-12-30,105,17:30,17:30,NR12,flag,6006.55,6006.55,"night load outside [1500,6000] kW"
clean-2025-v1,附件2,小区负载,365,DC,2025-12-30,106,17:40,17:40,NR12,flag,6288.1385,6288.1385,"night load outside [1500,6000] kW"
clean-2025-v1,附件2,小区负载,366,CZ,2025-12-31,103,17:10,17:10,NR12,flag,6111.9511,6111.9511,"night load outside [1500,6000] kW"
clean-2025-v1,附件2,小区负载,366,DA,2025-12-31,104,17:20,17:20,NR12,flag,6107.1417,6107.1417,"night load outside [1500,6000] kW"
clean-2025-v1,附件2,小区负载,366,DB,2025-12-31,105,17:30,17:30,NR12,flag,6154.04,6154.04,"night load outside [1500,6000] kW"
clean-2025-v1,附件2,小区负载,366,DC,2025-12-31,106,17:40,17:40,NR12,flag,6246.532,6246.532,"night load outside [1500,6000] kW"
